99.52362823486328,7.698929071426392,20.755553245544434,10.016754627227783,22.28135108947754,2.2845691442489624,13.370835304260254,-3.4762006998062134,-167.32223510742188
74.10874938964844,4.207156658172607,29.35354804992676,-3.568549156188965,22.64375686645508,3.037306785583496,10.20433235168457,-4.015097618103027,-43.85905838012695
101.2935562133789,-16.864530563354492,24.63892364501953,2.3713314533233643,17.872289657592773,2.166569471359253,5.990584373474121,-3.309414863586426,-156.14244079589844
68.86060333251953,13.193485260009766,29.728404998779297,-0.0130573958158493,20.096461296081543,0.374933660030365,11.561802864074707,-6.641921520233154,-80.59505844116211
60.11618423461914,-10.931809425354004,37.956790924072266,-11.762775421142578,27.27299690246582,2.599139451980591,11.266149997711182,-4.654603004455566,-127.52005004882812
52.342872619628906,27.816303253173828,35.3623161315918,0.9912872314453124,26.076160430908203,1.875853538513184,11.64361572265625,-6.151058673858643,-158.37469482421875
97.14200592041016,-35.05781936645508,17.052865982055664,-0.1705449968576431,20.054258346557617,-2.219993233680725,7.96556830406189,-5.621594190597534,-123.20858383178711
135.2449951171875,6.063823699951172,38.350778579711914,8.038676261901855,21.243427276611325,8.681048393249512,9.423996925354004,1.050087034702301,-82.23040390014648
93.02909851074219,11.738449573516846,32.891836166381836,4.900051593780518,19.360673904418945,2.1510305404663086,10.142693996429443,-3.732383131980896,-177.96797943115234
98.71956634521484,10.452245712280272,30.63099479675293,5.611115455627441,15.390863418579102,0.8690841197967529,8.574456214904785,-3.246067523956299,-165.11500549316406
115.27333068847656,-31.470598220825195,27.66277313232422,1.8887757658958435,14.632999420166016,5.727643013000488,7.750786781311035,-2.2727744579315186,-128.09906005859375
86.54324340820312,-15.283429145812988,21.96234703063965,-9.08034896850586,24.27310943603516,2.30418062210083,8.906516075134277,-6.1460065841674805,-99.6505889892578
57.689035415649414,3.9187339544296265,14.732867240905762,1.6802130341529846,24.73699951171875,5.645276308059692,9.211974143981934,-7.0377044677734375,-158.4753646850586
55.89885711669922,25.188446044921875,32.94573211669922,6.074617862701416,24.94904899597168,4.728501319885254,9.56935214996338,-4.5851826667785645,-157.039794921875
47.12406539916992,29.068354606628418,22.024648666381836,2.6223716735839844,22.820387840270996,3.8057278394699097,10.935171127319336,-4.860869646072388,-84.98143005371094
39.96508026123047,-6.436934471130371,34.803428649902344,-6.568263292312622,15.994804382324219,-4.992286920547485,6.0537943840026855,-13.258277416229248,-56.455562591552734
36.64471435546875,2.7601091861724854,41.07732391357422,6.1222076416015625,18.27632522583008,4.875224113464356,10.301641464233398,-7.2078328132629395,-150.0370330810547
35.59000396728516,7.841146469116211,37.21840286254883,6.662075042724609,20.571361541748047,3.5937390327453613,10.69695281982422,-8.296995162963867,-91.13561248779295
35.34832763671875,-12.661048889160156,42.67588806152344,-5.601046562194824,27.00870132446289,-7.629070281982422,15.13134765625,-5.416604042053223,-168.4492950439453
55.65196990966797,6.227336883544922,45.05170249938965,-11.979893207550049,8.336404800415039,1.1844402551651,13.900643348693848,-2.2879831790924072,-86.07035064697266
83.29214477539062,8.136974334716797,27.00005149841309,8.241910934448242,20.89825439453125,-2.0618436336517334,5.034125328063965,-8.712705612182617,-69.3853759765625
45.608619689941406,43.25747108459473,20.5736780166626,18.66470718383789,23.476662635803223,2.143263101577759,19.623391151428223,-5.596200466156006,-110.46107482910156
60.22343826293945,-1.0263110399246216,25.772634506225586,4.962907314300537,10.447680473327637,-6.182529926300049,6.216011047363281,-11.23717451095581,-112.34071350097656
74.53764343261719,-16.76807975769043,32.349891662597656,10.83661651611328,22.99895477294922,-2.438232660293579,13.484060287475586,-3.5401241779327397,-104.54077911376952
119.42771530151367,-1.821778416633606,25.968717575073242,3.0661263465881348,24.677687644958496,8.195986270904541,10.93726396560669,0.023456834256648948,-167.76232147216797
51.499948501586914,17.9732666015625,30.230504989624023,9.234822273254395,27.444448471069336,-4.228734254837036,14.46319055557251,-4.321638345718384,-114.13153839111328
45.149044036865234,15.724387645721436,41.16859817504883,2.84437096118927,29.00462532043457,-10.458377838134766,10.990463256835938,-3.5681357383728027,-173.65485382080078
74.48696899414062,21.543407440185547,24.11815643310547,5.133607864379883,19.9222412109375,0.496017724275589,16.637592315673828,-3.490379095077514,-114.4202651977539
60.70750045776367,13.17681884765625,20.658466339111328,2.1804540157318115,32.23048400878906,6.209140777587891,14.699504852294922,-3.7939467430114746,-86.58270645141602
37.16276550292969,13.557208061218262,19.10761260986328,10.576532363891602,22.654624938964844,5.578289985656738,18.06341552734375,-0.0074594169855117,-87.62347412109375
74.57357025146484,23.820537567138672,36.70111083984375,8.81367301940918,23.839618682861328,-6.571174621582031,12.265464782714844,-0.4070708751678467,-78.29640197753906
51.57370376586914,24.22408866882324,47.9921875,4.923197746276856,25.35082244873047,-4.578033924102783,12.998519897460938,-4.676405429840088,-158.3155517578125
72.653076171875,-10.602077007293701,39.12983322143555,15.992221355438232,28.098543167114258,5.761550426483154,13.921202659606934,-1.3000773191452026,-141.35107421875
77.72344970703125,25.435336112976074,35.63675117492676,7.519477128982544,28.379499435424805,5.105220079421997,15.512666702270508,0.8892679810523987,-153.20227813720703
75.9251937866211,-12.05498218536377,25.34603214263916,-9.49376392364502,20.05905246734619,0.0103156734257936,12.281184196472168,-6.129997730255127,-47.12269973754883
23.126962661743164,20.184579849243164,34.241004943847656,2.4969701766967773,24.36069869995117,7.264612197875977,11.838822364807127,-1.578824758529663,-91.68961334228516
70.49061584472656,-4.848384380340576,36.8330192565918,5.077421188354492,21.78937721252441,-0.0866195261478424,9.280527114868164,-4.599630355834961,-74.87602233886719
76.5555419921875,13.475181579589844,18.72426414489746,8.881086349487305,19.32857322692871,6.392520904541016,11.267237663269045,-4.668586730957031,-155.3933563232422
112.3450927734375,-6.273098945617676,16.86017608642578,-4.082981109619141,15.690768241882324,2.920332193374634,8.459057807922363,1.471736192703247,-118.04985809326172
59.65962600708008,1.3381459712982178,4.563066959381104,-1.420962929725647,11.964255332946776,-2.690033435821533,8.345219612121582,-2.606029748916626,-42.58137512207031
94.67642211914062,16.96771812438965,21.416138648986816,4.354328632354736,13.853274822235107,0.03808478266000745,16.136844635009766,-0.7133913040161133,-172.10467529296875
70.68103790283203,3.623725891113281,38.755950927734375,-1.0793421268463137,21.070697784423828,-0.7960996031761169,9.710713386535645,-5.541998863220215,-107.528564453125
69.39218139648438,8.327902793884277,33.932769775390625,0.1750564575195312,17.864505767822266,-0.8885676860809326,8.928041458129883,-7.511677742004394,-90.86956787109376
89.41943359375,29.11647605895996,30.443405151367188,5.869194984436035,17.222198486328125,-5.252400875091553,15.820369720458984,-4.672467231750488,-120.34659576416016
75.99111938476562,25.940722465515137,37.43941879272461,7.3957109451293945,27.121834754943848,2.0639365911483765,15.216169834136963,-1.1897249221801758,-143.7956771850586
69.17163848876953,2.270994782447815,28.62940216064453,5.9808149337768555,23.58299446105957,-3.715916395187378,11.967208862304688,-6.545345783233643,-150.2861785888672
56.09907913208008,-11.127769470214844,34.133514404296875,13.50259780883789,20.9248046875,-3.204557418823242,17.857139587402344,-4.018912315368652,-98.26229095458984
48.17403602600098,6.563026189804077,33.19582557678223,6.515985012054443,24.619789123535156,-2.758410334587097,13.857144355773926,-5.766715049743652,-30.80346965789795
18.24647617340088,-28.030613899230957,35.821014404296875,4.572832822799683,29.364582061767578,8.068951606750488,17.740324020385742,0.2367452979087829,-92.09502410888672
64.32081604003906,51.75933074951172,11.08643913269043,4.754700660705566,14.38490390777588,0.642147421836853,9.05069065093994,-2.421478033065796,-152.8986053466797
83.44029998779297,-16.07486915588379,39.03634643554688,8.623689651489258,18.712726593017575,0.8262125253677368,12.025869369506836,-1.9201927185058596,-57.87480545043945
86.08251953125,1.1786978244781494,39.3939323425293,2.3942666053771973,31.299549102783203,1.395764946937561,15.003219604492188,-2.510176181793213,-33.72081756591797
98.74952697753906,15.315783500671388,24.71382141113281,2.278081178665161,16.428421020507812,1.4611320495605469,10.593505859375,-5.23277473449707,-139.54803466796875
114.69128036499023,2.411653518676758,22.147052764892578,1.3667075634002686,15.461233139038086,-3.2773903608322144,5.692526340484619,-4.609264373779297,-135.22772979736328
41.00254821777344,18.40624237060547,42.63688659667969,9.284360885620115,23.99377822875977,-4.130393505096436,19.540266036987305,-6.44538688659668,-174.99349975585938
88.73397064208984,-17.19131565093994,24.471731185913086,10.70341968536377,29.73831844329834,11.551189422607422,16.8482666015625,-1.182056963443756,-82.94747924804688
134.82769012451172,-0.37268066406249994,24.13573932647705,4.773431301116943,12.765488624572754,7.629150390625,5.049073934555054,-6.006700277328491,-90.79848098754883
91.31262969970705,-33.26807403564453,44.052560806274414,11.631570816040039,20.688152313232422,9.421371459960938,8.841997623443604,-0.6249892711639404,-60.69612693786621
87.93435668945312,-40.31499099731445,46.0931396484375,10.545624732971191,19.87448501586914,11.8418550491333,6.698653221130371,1.641948699951172,-62.06650924682617
109.53829956054688,5.314536094665527,38.43626022338867,-7.284043550491333,33.44040870666504,-4.910916805267334,5.915234565734863,-0.6254744529724121,-103.13373565673828
85.01911544799805,15.680524349212646,27.379316329956055,3.832917690277099,19.458436965942383,3.198949933052063,5.220508813858032,-4.26436185836792,-161.73158264160156
73.6513671875,14.308642387390137,25.323102951049805,13.505203247070312,24.202641487121586,0.41851259768009186,10.921945571899414,-1.2113160490989685,-102.0042839050293
61.85202026367188,0.690061628818512,36.68912506103516,14.142919540405272,28.222091674804688,-0.8083130121231079,12.581602096557615,-1.901559829711914,-90.87848663330078
17.0905179977417,43.620100021362305,50.73944282531738,24.077159881591797,29.529011726379395,9.183964252471924,15.606864929199219,-1.2181851863861084,-164.75241088867188
33.12885093688965,54.18337821960449,20.864977836608887,9.871123313903809,26.98845672607422,-4.61437463760376,11.715288639068604,-3.0565409660339355,-125.85872650146484
70.92698669433594,26.268938064575195,29.06185913085937,6.466381072998047,24.395092010498047,0.5255661606788635,12.001649856567385,-4.023653030395508,-107.40169525146484
72.18310546875,8.197395324707031,44.15495681762695,15.307188034057615,28.31228256225586,2.4607324600219727,13.565862655639648,-3.3694698810577397,-91.09414672851562
38.5823917388916,26.245718002319336,37.50764846801758,7.0001044273376465,28.58988857269287,0.37317685782909393,7.93760347366333,-5.809707403182983,-60.44494819641113
52.41254234313965,14.433801651000977,32.3900146484375,3.3603334426879883,25.95553970336914,2.9722867012023926,7.848715543746948,-5.249388217926025,-63.277015686035156
48.16386795043945,11.969940185546875,37.72129821777344,3.8735227584838867,29.37851905822754,5.719816207885742,9.088648319244385,-2.967361092567444,-68.16294479370117
55.32265853881836,37.60689163208008,39.413822174072266,-0.0448600053787231,23.345932006835938,2.2805840969085693,12.19792652130127,-8.884965896606445,-108.3425521850586
40.401641845703125,8.668061256408691,9.940610885620115,-0.9139981269836426,19.32140350341797,-2.047421455383301,7.941511154174805,-6.298127174377441,-144.10293579101562
37.961280822753906,6.615808725357056,26.28000545501709,-0.13131050020456309,37.909156799316406,-1.3342638611793518,17.66245746612549,0.14230202883481974,-116.1197395324707
78.17957305908203,23.12992000579834,24.875161170959473,1.9904029965400696,21.16361427307129,2.7467970848083496,15.033289909362793,-0.6726836562156677,-102.15276718139648
64.43775177001953,12.857993125915527,20.516338348388672,0.0,12.648155212402344,0.0,11.269194602966309,-0.8024618029594421,-112.98051452636719
76.02042007446289,13.28457498550415,28.89824867248535,4.7278337478637695,17.303610801696777,-0.7266371548175812,11.012686729431152,-2.373031735420227,-56.97515678405762
76.21719360351562,45.82215881347656,33.63903045654297,8.770227432250977,25.90253257751465,3.799492359161377,12.669788360595703,-4.419276714324951,-162.40660095214844
45.72404861450195,30.70015525817871,39.997554779052734,23.15830421447754,32.83833694458008,10.696049690246582,13.135741233825684,3.9468648433685303,-137.3989715576172
53.95915985107422,27.54635238647461,35.85370635986328,20.52636337280273,33.366172790527344,11.589887619018556,14.909528732299805,6.926108360290527,-156.19329833984375
55.53431701660156,19.45440673828125,17.557048797607422,21.04634475708008,37.55971908569336,10.805730819702148,19.65609359741211,-3.252718448638916,-80.89722442626953
84.89151000976562,0.456714779138565,19.770597457885746,7.58385705947876,27.996950149536133,7.106210231781006,19.6406192779541,-2.2325081825256348,-93.2682876586914
63.63687896728516,10.434913635253906,16.53329849243164,9.098127365112305,27.6531982421875,7.392928600311279,20.151012420654297,-2.903183698654175,-102.26678466796876
78.96665954589844,29.408275604248047,31.155696868896484,6.87930965423584,20.977012634277344,-4.779174327850342,9.280292510986328,-7.605031967163086,-132.23092651367188
21.948796272277832,41.29640579223633,24.23044204711914,6.504379034042358,28.384885787963864,-5.317614555358887,18.09003257751465,-3.6282578706741333,-162.3012466430664
87.00275802612305,31.17719554901123,38.548404693603516,20.934459686279297,17.622248649597168,12.344926357269287,12.673821449279785,2.188425898551941,-158.0878448486328
56.94581604003906,4.802382946014404,39.886735916137695,-1.6335655450820923,22.987496376037598,1.0189982056617737,11.314208030700684,-5.8441596031188965,-107.38107299804688
74.85448455810547,25.644919395446777,52.22711181640625,6.3526482582092285,27.098758697509766,4.585022211074829,11.331501483917236,-3.1368119716644287,-128.9075698852539
47.72296905517578,31.092937469482425,52.86302185058594,16.532665252685547,39.63706207275391,10.355239868164062,17.859832763671875,-3.2985472679138184,-144.7270050048828
81.28739929199219,-0.0303255319595336,35.45320129394531,-18.033935546875,21.56934356689453,-4.981378555297852,6.141912460327148,-4.853574752807617,-48.78771209716797
77.96278381347656,2.658112049102783,36.79309844970703,-3.018387794494629,23.59845352172852,-4.179647445678711,9.684027671813965,-4.1198320388793945,-72.19947052001953
122.8604850769043,30.488370895385742,16.276735305786133,3.8546661138534546,18.136877059936523,16.269654273986816,1.0673127174377441,-6.162714004516602,-299.22386169433594
67.48246002197266,16.1589937210083,22.530771255493164,0.0073301941156387,26.534757614135742,-4.358193635940552,15.642387390136719,-3.2802956104278564,-87.98498153686523
106.63317108154297,9.43585205078125,38.7758674621582,10.292248725891113,21.403825759887695,3.1042392253875732,9.815953731536865,-1.5994261503219604,-189.32971954345703
133.10194396972656,6.082211256027222,46.68269157409668,27.36307144165039,8.574684619903564,11.390326499938967,11.451746463775635,0.3734261393547058,-225.91759490966797
53.19628143310547,-5.03469705581665,27.174949645996094,-8.364248275756836,17.312023162841797,-10.319424629211426,3.231907367706299,-10.90033721923828,-54.50992965698242
68.73951721191406,-2.945897102355957,15.4896240234375,8.365522384643555,18.545639038085938,1.2059818506240845,15.31414794921875,0.0924391150474548,-120.26715087890624
76.78620147705078,7.677231311798096,22.313289642333984,7.5581560134887695,15.866436958312988,0.0322508215904235,14.328197479248049,2.00800895690918,-174.2948455810547
51.75352096557617,19.4079532623291,27.952129364013672,7.890456676483154,25.297853469848633,-3.009664297103882,19.411601066589355,-3.120755672454834,-93.78264236450195
94.68304824829102,-12.386927604675293,33.57818603515625,12.076706886291504,23.389019012451172,8.415801525115967,1.9484686851501465,-8.487261295318604,-61.605247497558594
81.0802993774414,17.5281925201416,29.52415657043457,2.472654700279236,23.337282180786133,-5.089621543884277,17.373003005981445,-5.7679736614227295,-129.7424774169922
74.35182189941406,1.6773741245269775,20.251480102539062,-3.663709878921509,11.55866241455078,1.5014569759368896,10.67557144165039,-14.030303955078123,-64.05152130126953
24.159358978271484,6.274017810821533,39.71490478515625,7.229676246643066,22.891429901123047,1.7704682350158691,11.542132377624512,-0.4816941022872925,-68.58169555664062
53.72255325317383,7.300776481628418,21.61795139312744,-1.127467155456543,29.279743194580078,-4.692949533462524,13.022754192352295,-7.487435340881348,-122.70821380615234
47.53269004821777,-11.692037582397463,34.16496467590332,2.629818081855774,27.90769100189209,2.2748013734817505,12.540104389190674,-3.2153899669647217,-201.84542846679688
47.4510383605957,-11.573003768920898,34.270320892333984,2.4660732746124268,27.920989990234375,2.0970659255981445,12.449540138244629,-3.359863042831421,-201.74095153808594
63.00398635864258,2.7927474975585938,31.02817153930664,-5.979026794433594,19.680795669555664,-3.61161470413208,10.906438827514648,-6.103168487548828,-189.1966094970703
105.75382995605467,-1.2366865873336792,31.33872985839844,12.734100341796877,17.0234375,6.246865749359131,9.92729377746582,0.6202995777130127,-236.7840881347656
63.192216873168945,21.297719001770023,12.178109645843506,30.30511474609375,13.141987800598145,3.9819102287292485,11.748283863067627,-2.5029019117355347,-126.17083358764648
60.268463134765625,30.453388214111328,27.403011322021484,5.017389297485352,22.841344833374023,-2.9351816177368164,15.130155563354492,-4.860099315643311,-114.40872192382812
80.96002197265625,8.549997329711914,21.830434799194336,2.638232707977295,8.099888801574707,-7.155117034912109,5.827088832855225,-7.335629463195801,-149.9937744140625
73.22953033447266,7.333646297454834,22.8723258972168,-6.217160224914551,13.236410140991213,-14.110215187072754,5.926251411437988,-4.020315647125244,-84.22981262207031
81.40995788574219,18.35298728942871,34.453399658203125,5.375489234924316,19.8665714263916,-13.045980453491213,9.609161376953123,-10.549516677856444,-82.3489761352539
38.134429931640625,20.002643585205078,66.96937561035156,7.812514543533325,37.0856876373291,3.1576077938079834,14.114325523376465,3.0406004190444946,-145.02928161621094
45.67771911621094,3.5911974906921387,38.18445587158203,3.02837347984314,21.082294464111328,3.534933090209961,17.1199951171875,-6.575355529785156,-62.8833122253418
83.07487487792969,21.446552276611328,25.60741806030273,0.7604985237121582,15.802375793457031,-1.7443366050720217,10.22707176208496,-3.9924979209899902,-150.38795471191406
36.38905334472656,4.341207981109619,68.94472885131836,-12.816151142120361,28.705069541931152,-3.897957921028137,8.429189205169678,1.0508587956428528,-117.88211441040039
81.73823547363281,7.48064112663269,22.727837562561035,11.263668537139893,14.321722984313967,0.9836287200450897,12.795639038085938,-3.5102968215942383,-102.7312126159668
86.81432342529297,13.991634368896484,23.576675415039062,10.291685104370115,18.98450088500977,4.915849685668945,10.220433235168455,0.6056251525878906,-125.59506225585938
82.80780792236328,20.355632781982425,25.96087646484375,-1.9255096912384035,23.82301902770996,-8.32360553741455,15.66268253326416,-7.390486717224121,-0.9940878748893738
67.09061431884766,0.0049277842044830504,19.354641914367676,2.972870707511902,27.125832557678223,-1.1824395060539246,14.220354557037354,-5.073076009750366,-53.46620750427246
82.24358367919922,1.491050124168396,36.13471221923828,-1.5126240253448486,20.83882713317871,-0.5787334442138672,11.823144912719728,-1.987914085388184,-0.3968744575977325
80.29641723632812,40.95496368408203,33.570953369140625,27.65560340881348,8.320760726928711,13.41904640197754,16.105995178222656,-8.407600402832031,-88.87321472167969
97.60862731933594,17.335079193115234,67.64265441894531,35.65808868408203,27.46004867553711,13.400700569152832,6.694930076599121,-2.6956186294555664,-147.9337158203125
99.24960327148438,4.157388687133789,27.22503662109375,4.966012954711914,12.398725509643556,-5.799881935119629,6.51557731628418,-4.604233741760254,-177.17202758789062
80.12449264526367,14.257940769195557,34.3185920715332,-5.965969562530518,25.871402740478516,-10.784631729125977,7.097567558288574,-5.1872007846832275,-81.14312744140625
84.37778091430664,20.457640647888184,27.205130577087402,-0.2976045459508896,21.529348373413086,-9.237661361694336,8.045331001281738,-7.733407258987427,-42.96899604797363
83.83683013916016,24.2476863861084,26.889030456542965,-0.7893929183483124,24.01241493225098,-4.694958448410034,13.41710376739502,-3.4989699125289917,-107.09628677368164
78.53778076171875,43.764482498168945,5.898400783538818,11.39257001876831,21.87013530731201,-0.8498443067073822,13.454924583435059,-7.529415845870972,-159.22959899902344
81.56254577636719,11.885640621185303,29.197489738464355,12.421822547912598,13.026203632354736,-0.39072974026203156,7.450174570083618,-4.078607797622681,-114.4444808959961
65.43455505371094,25.744850158691406,27.26792526245117,3.3336939811706543,11.998376846313477,-5.845636367797852,8.9918212890625,-8.70700454711914,-129.07540893554688
63.586862564086914,31.907331466674805,20.354473114013672,10.04295825958252,18.695778846740723,-2.3210285902023315,14.630157470703125,-6.213191509246826,-166.59586334228516
73.53288650512695,6.001013278961182,7.257938861846924,-2.7454766035079956,11.733135223388672,-7.655189275741577,12.78443431854248,-8.466043949127197,-147.69135284423828
70.91537094116211,8.948553085327148,33.674659729003906,-3.6277213096618652,23.90634059906006,0.827474981546402,12.191816329956055,-3.0436593294143677,-154.59502410888672
101.56182098388672,6.742204904556274,27.072827339172363,3.2977384328842163,21.577449798583984,3.226053476333618,10.713796615600586,-0.15460136532783506,-97.88053894042969
72.40460205078125,23.543216705322266,34.652313232421875,3.062460422515869,25.192419052124023,-0.3478739857673645,11.352685928344728,-4.868449687957764,-96.37303161621094
105.0439682006836,-13.76064395904541,50.41734313964844,11.544410705566406,12.491191864013672,0.686143159866333,5.715622901916504,-1.0335063934326172,-82.16246795654297
88.36984634399414,30.618778228759766,36.1030387878418,-5.686783075332642,24.852249145507812,-7.690134763717651,8.44693660736084,-5.102338790893555,-93.5120620727539
61.4625244140625,14.559598922729492,37.100547790527344,8.285379409790039,29.2317008972168,8.314403533935547,13.594829559326172,-3.816771507263184,-155.9620819091797
50.62171936035156,1.206373393535614,29.68534278869629,-0.2527089864015579,22.85653305053711,2.7245513200759888,17.361391067504883,0.21154767274856565,-48.69276428222656
74.00790405273438,3.11876916885376,47.31643295288086,-0.6466599702835083,21.04541015625,-1.857757329940796,6.824175834655762,-6.141082286834717,-140.5821990966797
83.16546630859375,11.310465812683105,18.075846672058105,15.344570636749268,33.22129821777344,-1.9563257098197937,18.715783119201657,-6.935667991638184,-81.37634658813477
47.32733154296875,20.406082153320312,25.153392791748047,11.986355781555176,21.087326049804688,3.509243965148926,16.473081588745117,1.65116548538208,-92.75558471679688
70.11771011352539,0.0,22.59152889251709,9.807212829589844,19.95827865600586,0.47085148096084595,7.65855073928833,-5.585361003875732,-177.24712371826172
63.98865509033203,-8.652860641479492,35.618553161621094,-5.33629322052002,23.870655059814453,-4.698383808135986,10.864734649658203,-5.070280075073242,-136.7805633544922
76.33552169799805,4.1432106494903564,34.31479263305664,1.5519256591796875,19.90456771850586,-8.734046936035156,12.777363777160645,-3.000255823135376,-14.533003330230713
93.46052551269533,-9.768966674804688,30.359220504760746,-2.546337127685547,20.109323501586918,-1.2015177011489868,12.72992706298828,-7.852828025817871,-32.76822662353516
62.64693832397461,21.00555419921875,25.21839904785156,-4.892935276031494,14.753366470336914,-7.563996315002441,7.537132263183594,-8.520936965942383,-34.4129638671875
71.70643615722656,9.938298225402832,44.05389404296875,1.5583584308624268,23.691530227661133,-0.7498760223388672,9.92309856414795,-6.272221565246582,-46.336856842041016
81.91888427734375,-10.338212013244629,29.34143924713135,0.7385525703430176,21.172165870666504,2.9614092111587524,16.619638442993164,-2.6925114393234253,-50.68744468688965
49.18812561035156,62.200592041015625,23.013355255126957,16.46320343017578,22.65317153930664,7.865848541259766,11.972841262817385,-5.552570343017578,-174.35296630859375
83.91049194335938,30.86190414428711,36.06721878051758,4.79176139831543,25.53072166442871,0.7181405425071716,15.19211769104004,2.272289276123047,-156.93618774414062
91.97378158569336,4.196345806121826,32.20792198181152,5.809736013412476,17.936492919921875,7.841555595397949,17.49923038482666,-1.5385510921478271,-137.66315460205078
88.82131958007812,17.55768394470215,17.94000244140625,17.18143081665039,21.375886917114254,2.3304123878479004,15.73967742919922,-3.2673797607421875,-237.5919952392578
58.74318885803223,3.7493275403976445,30.26473903656006,-6.173965215682983,20.050678253173828,0.10068397969007489,11.9680438041687,-4.758256196975708,-208.7745590209961
85.15414428710938,1.6975021362304688,27.396413803100582,-5.857962131500244,16.749000549316406,2.94297194480896,17.995712280273438,-0.7806843519210815,-169.87515258789062
75.31427001953125,-10.652090072631836,13.619950294494627,-5.321976661682129,19.45731544494629,5.854681968688965,14.257852554321287,1.2962621450424194,-141.45013427734375
57.84430694580078,23.86180305480957,29.58003616333008,5.646770000457764,19.901206970214844,1.51425039768219,12.347919464111328,-5.038166999816895,-82.89366912841797
52.46029472351074,24.56721782684326,34.09633255004883,12.340782165527344,19.8786678314209,-1.1102434992790222,15.050759315490723,-2.25918185710907,-100.75849151611328
55.361595153808594,-0.347191572189331,22.45877456665039,-10.735807418823242,21.72060775756836,0.807427704334259,13.071039199829102,-5.400015354156494,-83.80387115478516
68.05903625488281,25.96636199951172,19.127731323242188,13.789583206176758,21.436790466308597,-5.635547637939453,16.333782196044922,-1.8011155128479004,-112.8101806640625
48.53982162475586,16.789514541625977,20.78891372680664,20.947982788085938,22.462326049804688,-8.411603927612305,14.227810859680176,-3.551572799682617,-99.29896545410156
55.690032958984375,22.49443817138672,23.29712677001953,19.2476863861084,22.911808013916016,-8.119407653808594,11.577714920043944,-5.449404716491699,-178.3805694580078
86.75064086914062,-0.1248185038566589,33.504825592041016,-6.51033878326416,17.500532150268555,-2.283953189849853,13.218822479248049,8.769311904907227,-142.25865173339844
49.62434005737305,1.3944084644317627,32.37921142578125,-6.403578042984009,26.649492263793945,5.82737398147583,21.868446350097656,-0.48150682449340815,-120.60307693481445
64.87651824951172,32.10965156555176,24.70699119567871,3.24023973941803,20.458918571472168,7.241687297821045,17.099411964416504,1.0080007314682007,-177.47301483154297
110.25114440917967,41.79921722412109,16.02541732788086,11.228914260864258,18.68701171875,6.5808868408203125,14.350530624389648,1.993520975112915,-245.56060791015625
117.6484832763672,42.573760986328125,20.805328369140625,14.492034912109377,20.286169052124023,10.38957405090332,13.530595779418944,4.456169605255127,-297.0158386230469
62.3687744140625,-5.964514970779419,34.589569091796875,-7.037400484085083,17.254234313964844,-3.335013747215271,12.654507160186768,-4.648906946182251,-54.28497505187988
66.86071014404297,13.387569427490234,21.99892807006836,7.93388557434082,17.182783126831055,1.88642692565918,17.52928924560547,-3.3560969829559326,-138.59629821777344
77.19007110595703,22.783586502075195,32.31535530090332,9.256935596466064,23.83866596221924,3.8934420347213745,10.652391910552979,-2.7874042987823486,-33.80533790588379
111.52899169921876,-9.640750885009766,55.72526168823242,6.197815895080566,28.38140296936035,-2.3049468994140625,13.4163818359375,0.424262523651123,-113.92291259765624
58.82297325134277,5.339146375656128,20.96334457397461,2.8374732732772827,18.4031343460083,-10.283258438110352,8.133376598358154,-6.319264650344849,-21.74388027191162
70.33164978027344,23.479860305786133,54.63370704650879,4.869735479354858,27.912972450256348,-4.773932456970215,16.128357887268066,-5.274351596832275,-149.19188690185547
41.52185821533203,19.810863494873047,47.299983978271484,17.98155975341797,31.584413528442383,3.728667140007019,-0.09556722640991205,-11.922515869140627,-108.49794006347656
55.99064636230469,16.971412658691406,39.99989318847656,6.7792627811431885,24.46325969696045,-3.578238606452942,5.458037853240967,-9.510372161865234,-69.05447387695312
54.225921630859375,17.96879005432129,33.1820068359375,6.841231822967529,23.37812042236328,-3.9880449771881104,2.68886661529541,-10.876863479614258,-73.56964111328125
56.29456329345703,23.012306213378906,30.805143356323242,-3.122923731803894,25.448623657226562,-1.7946675419807434,17.413763999938965,-1.236108124256134,-103.38229751586914
97.4790267944336,7.293348789215088,38.484352111816406,7.62198281288147,18.67388153076172,3.7097972631454468,9.367456912994385,-6.196689128875732,-200.7451629638672
65.3905143737793,19.55604362487793,56.98382377624512,26.90443706512451,39.834733963012695,4.944392681121826,13.660209655761719,5.386971712112427,-220.01445770263672
69.81314849853516,3.830170154571533,39.24613952636719,14.842693328857422,33.91966247558594,4.349727630615234,14.283188819885254,3.896451950073242,-154.98797607421875
38.12792205810547,-13.149263381958008,16.816837310791016,4.265411376953125,35.21269226074219,-6.850162506103516,10.836057662963867,1.0785709619522097,-106.27533721923828
44.50800704956055,-1.6617208123207092,52.6573600769043,16.027429580688477,46.35415267944336,11.767864227294922,28.395021438598633,9.62150764465332,-163.1711654663086
13.976222038269045,26.504413604736328,45.562618255615234,3.225841522216797,28.99891662597656,3.108140230178833,14.07084846496582,-3.1591126918792725,-44.95841217041016
42.00136947631836,31.694015502929688,58.04404067993164,4.497725963592529,34.00249099731445,5.872800827026367,12.835546493530272,-0.3221091628074646,-197.0226287841797
50.34227180480958,20.10315227508545,47.37362098693848,13.65246295928955,35.317941665649414,5.942249774932861,20.502095222473145,-4.882969856262207,-130.4887924194336
63.64684295654297,-1.154941439628601,49.27730941772461,32.53925323486328,30.18284034729004,16.674530029296875,14.67486572265625,1.162677764892578,-214.9482269287109
4.950354337692261,37.034454345703125,56.53868865966797,11.12472915649414,25.54534912109375,11.488997459411621,20.829352378845215,-0.9384602904319763,-100.59064102172852
38.10894393920898,-17.64867401123047,45.91278076171875,8.160393714904785,23.63689994812012,2.187494993209839,17.897720336914062,-2.0948848724365234,-99.21376037597656
62.38426208496094,45.62861251831055,33.61087417602539,10.821249961853027,29.312122344970703,7.231826305389404,7.221336364746094,-0.8472709655761719,-144.3094482421875
102.29877853393555,2.058120846748352,62.826656341552734,0.20715519785881042,33.60899543762207,1.8535000681877136,10.87244462966919,0.26924172043800354,-169.67091369628906
109.08621597290039,9.60570764541626,48.76327323913574,21.89144706726074,17.03957176208496,10.163464546203613,4.458952903747559,0.3436086028814316,-138.43260955810547
86.06123352050781,-0.5475674271583557,39.918251037597656,1.951960563659668,16.64462661743164,-0.6316326856613159,5.060298919677734,-7.010111808776856,-40.93400192260742
4.843367576599121,13.793323516845703,44.81005859375,15.518795013427734,35.83907699584961,13.406543731689451,14.726606369018556,2.8098785877227783,-138.10159301757812
55.777095794677734,3.316026449203491,36.00966453552246,14.786403179168701,29.756933212280273,10.612180233001709,14.01240062713623,2.485063910484314,-83.77868270874023
19.065994262695312,14.262411117553713,32.668479919433594,12.48055648803711,22.88539123535156,6.56454610824585,17.201793670654297,-0.5187934041023254,-90.26789855957033
21.11101531982422,0.5505001544952393,31.006519317626957,12.726764678955078,29.32059860229492,9.357099533081056,15.314987182617188,-2.990178108215332,-70.26785278320312
52.40349578857422,3.142939805984497,43.173789978027344,22.485485076904297,21.138607025146484,-8.2435884475708,11.93258571624756,-3.9905014038085938,-138.71583557128906
50.58798599243164,37.94371032714844,37.38084030151367,19.104270935058597,34.19470977783203,7.4419450759887695,9.750473022460938,4.79340124130249,-196.579345703125
34.495792388916016,51.5588264465332,37.71183776855469,25.901636123657227,31.84019470214844,11.471742630004885,16.541614532470703,4.250636100769043,-202.34759521484372
12.440866470336914,20.68535804748535,61.374237060546875,28.82489585876465,28.723950386047363,19.43807792663574,19.826449394226074,3.453948736190796,-187.38495635986328
65.336181640625,13.718672752380373,40.55549621582031,14.25062370300293,25.91580009460449,-5.036085605621338,6.641253471374512,-2.919883251190185,-59.6109733581543
68.10852432250977,-2.048663020133972,40.661827087402344,11.788456916809082,20.86030387878418,-5.935054779052734,6.045675277709961,-3.290731430053711,-68.9755973815918
48.33623504638672,17.151172637939453,46.02201843261719,23.365989685058597,26.61467742919922,6.915064334869385,14.319125175476074,-14.924062728881836,-141.69851684570312
31.77717018127441,35.531982421875,18.636444091796875,6.066043853759766,22.39826774597168,0.1472810506820678,9.986597061157228,-5.939505100250244,-133.0394744873047
90.03851318359375,11.750680923461914,15.57525634765625,8.951034545898438,14.64638328552246,-0.3027264177799225,12.61943531036377,-4.929618835449219,-81.09796905517578
91.79977416992188,-6.337122917175293,18.12541675567627,-2.726929187774658,17.532803535461426,-2.8296561241149902,8.23633098602295,-6.637970685958862,-186.17642211914062
75.08047866821289,27.95703411102295,23.63907241821289,4.913704872131348,24.283893585205078,1.9834770560264587,7.655266523361206,-7.428219795227051,-206.05874633789062
53.384071350097656,48.01870727539063,30.62331771850586,14.834022521972656,31.526100158691406,10.988019943237305,14.100077629089355,1.141965627670288,-260.3270874023437
68.27391815185547,4.226548194885254,25.947404861450195,-0.822460949420929,21.74112701416016,-0.2535884976387024,12.6307373046875,-8.355693817138672,-124.47756958007812
31.14415740966797,0.0,18.252662658691406,27.986326217651367,21.35592651367188,5.4177350997924805,15.991697311401367,-2.8445563316345215,-153.96206665039062
103.6036148071289,-26.322994232177734,18.828001022338867,13.941072463989258,16.66169834136963,-5.718703985214233,10.00853157043457,-0.31744650006294245,-103.50713729858398
36.33669090270996,0.011283591389656001,37.799312591552734,18.049633026123047,32.5547981262207,5.091355562210083,16.572227478027344,-5.113234043121338,-176.39556121826172
25.600738525390625,23.292879104614258,36.84431838989258,21.70760726928711,28.368191719055176,-0.6505983173847198,18.270523071289062,-11.280456066131592,-43.06464195251465
75.4142837524414,-7.9369425773620605,28.040087699890137,18.131141662597656,19.465258598327637,4.350002765655518,10.28028154373169,-10.706856727600098,-153.00830841064453
46.13214683532715,-8.349839687347412,44.65442657470703,8.374297618865967,17.280428886413574,-2.62094509601593,12.919004917144775,-9.439837455749512,-36.9129753112793
59.87459182739258,-21.173622131347656,36.96125411987305,11.128129005432127,22.699298858642575,8.787925720214844,15.516128540039062,-11.111579895019531,-52.56418228149414
58.384666442871094,7.251864433288574,32.482688903808594,21.12841510772705,31.80296516418457,12.634943962097168,16.153160095214844,-6.1236701011657715,-58.239240646362305
82.38606262207031,-12.412679672241213,47.98677062988281,-17.610702514648438,17.760068893432617,3.9631056785583496,9.17872428894043,-4.702380657196045,-88.08196258544922
54.190948486328125,17.688413619995117,58.62583541870117,-23.000133514404297,31.773704528808597,9.32235336303711,16.585521697998047,7.764976501464844,-110.54525756835938
67.26396942138672,-7.520942687988281,50.724212646484375,-10.509618759155272,22.187471389770508,6.143068790435791,11.424662590026855,0.688531756401062,-105.25101470947266
83.0372314453125,-16.68665313720703,49.13760948181152,-20.586995124816895,18.421669960021973,4.998621940612793,9.239707469940186,-2.8113497495651245,-51.82406425476074
73.60801696777344,13.476736068725586,28.467342376708984,7.255609512329102,19.290424346923828,1.483737230300903,13.332462310791016,-6.848098278045654,-116.91598510742188
74.75024032592773,-1.1659173965454102,42.632843017578125,10.926651954650879,16.319700241088867,2.7085167169570923,15.098204135894775,-1.5427286028862,-135.87257385253906
52.88359451293945,30.0241756439209,52.25060272216797,8.564199447631836,36.90504455566406,2.886337280273437,13.827028274536133,3.684272289276123,-132.94546508789062
48.61253356933594,4.80513334274292,22.56060791015625,8.2284517288208,8.378244400024414,3.566524028778076,8.25716781616211,-1.334557294845581,-127.75096130371094
28.78400421142578,16.264774322509766,23.450267791748047,11.951587677001951,14.678913116455078,6.237273216247559,13.807815551757812,-1.9990792274475095,-103.42215728759766
38.09103775024414,4.808274745941162,26.66879653930664,8.86175537109375,14.007360458374023,3.2035226821899414,7.415924072265625,-3.723174571990967,-125.62926483154295
67.40135955810547,-6.882297515869141,26.41661834716797,-2.251821756362915,16.524124145507812,-10.145145416259766,7.46066951751709,-12.607303619384766,-56.45285034179688
111.27384948730467,3.012418746948242,33.02212905883789,4.664812088012695,14.370990753173828,3.301309108734131,11.004430770874023,-5.934721946716309,-50.78839492797852
118.29898452758789,-2.529473304748535,36.70477867126465,-0.5290826857089996,17.709814071655273,0.6369094550609589,8.121413230895996,-5.83918023109436,-92.20580673217773
102.84132385253906,-1.3528246879577637,54.097747802734375,1.5827454328536987,17.147071838378906,-1.9523452520370483,6.179795265197754,-3.5792574882507324,-137.58306884765625
70.35794830322266,16.166678428649902,27.64127540588379,12.022747039794922,25.026257514953617,2.9588510990142822,10.97389030456543,-1.5835805535316467,-148.98487854003906
75.23143005371094,12.334831237792969,35.34019470214844,6.297811508178711,17.70552921295166,-0.43259596824645996,13.341909885406494,-5.176996469497681,-127.48909378051758
85.98729705810547,11.945276260375977,37.32293701171875,6.1480913162231445,16.953651428222656,-3.4589991569519043,9.18265151977539,-8.102171897888184,-151.3095703125
67.40498352050781,3.010974884033203,23.06056022644043,5.431283473968506,10.453401565551758,-2.788473129272461,10.903364181518556,-7.650168418884277,-106.45719146728516
74.18972396850586,-8.943266868591309,25.686076164245605,3.846165180206299,18.977219581604004,1.4080314636230469,8.867654800415039,-6.075685024261475,-61.413841247558594
69.470703125,13.421113967895508,28.45415496826172,2.3346288204193115,17.594802856445312,-4.150910377502441,11.313647270202637,-6.570537567138672,-143.06028747558594
76.753662109375,12.949769973754883,39.20908737182617,7.679447174072266,19.03607749938965,-0.23804444074630735,11.684749603271484,-2.6529704332351685,-107.49004364013672
68.22775650024414,53.924394607543945,36.411184310913086,14.568617343902588,26.7835693359375,3.8984609842300415,11.26146411895752,-2.4668798446655273,-204.34868621826172
56.69655990600586,39.792192459106445,33.50520706176758,2.5887577533721924,17.716251373291016,-3.624780297279358,8.223006248474121,-8.053146839141846,-76.6422119140625
76.67765045166016,-4.09841251373291,21.327545166015625,-1.4102638959884644,10.99089813232422,-2.729854106903076,9.968099594116213,-9.383784294128418,-114.38762664794922
67.83591842651367,13.689834117889404,37.256025314331055,9.50743293762207,22.461339950561523,-0.4598567485809326,11.253286361694336,-6.351551532745361,-121.33172988891602
85.01229858398438,23.520824432373047,21.757827758789062,10.40890121459961,18.92708778381348,4.305058479309082,11.253412246704102,-3.076011896133423,-170.10421752929688
79.24570083618164,-2.938708186149597,33.88475799560547,2.5586490631103516,19.70830535888672,3.250644326210022,17.667755126953125,-2.771600127220154,-56.87373161315918
67.7662353515625,7.128283500671387,22.73575210571289,7.844509124755859,15.752023696899414,-0.7447128295898438,11.204977989196776,-8.656265258789062,-82.04373168945312
88.18924713134766,40.97869873046875,23.4381103515625,16.161296844482422,18.945390701293945,2.757193326950073,15.328534126281738,-1.2253518104553225,-172.4747314453125
66.79961776733398,5.516303539276123,41.20448875427246,10.354315757751465,32.44155502319336,1.2040212154388428,11.019531726837158,1.1378476023674011,-49.36492347717285
54.81640815734863,35.760581970214844,23.516833305358887,-2.8074629306793213,29.762802124023438,7.446649074554443,17.12570571899414,-6.624817848205566,-77.16742706298828
80.2461166381836,7.683492183685303,26.33376407623291,0.7033160030841827,14.014917850494387,-1.5016674995422363,14.583974838256836,-7.093778610229492,-50.314008712768555
74.1173324584961,-6.016385316848755,28.260150909423828,7.6884050369262695,21.214783668518066,-2.7621469497680664,12.547940254211426,-8.85694408416748,-53.5393123626709
65.40339279174805,-14.466081142425537,26.06255340576172,-4.099583625793457,18.94202423095703,-1.1528266668319702,11.584398746490479,-10.703574657440186,-7.740121603012085
54.95589447021485,27.971569061279297,30.08973693847656,-4.7371439933776855,16.748987197875977,-1.1428104639053345,10.197919845581056,-12.94951343536377,-92.57101440429688
85.24331665039062,13.509479522705078,26.7794246673584,-4.021209716796875,19.25814819335937,-2.4465346336364746,11.46204662322998,-6.167491912841797,-73.10807037353516
42.2017765045166,44.943777084350586,25.724865913391113,-7.009746313095093,32.03117752075195,-2.366142153739929,12.194268703460693,-4.037988185882568,-135.9711685180664
83.27479553222656,10.87566328048706,12.614973068237305,-9.116282939910889,15.68445348739624,-12.962337493896484,4.613508939743042,-10.685518741607666,-63.196672439575195
92.1131591796875,17.917556762695312,38.82820129394531,17.493587493896484,26.22016143798828,2.5527548789978027,13.958104133605955,3.3393094539642334,-139.0373077392578
61.18608093261719,19.15980339050293,20.478342056274414,0.4238880127668381,21.677775382995605,-13.495407581329346,6.414694309234619,-8.364976406097412,-60.38373947143555
102.65139770507812,-4.842545509338379,13.524041175842283,-0.8246079087257385,11.019788265228271,-4.084591865539551,8.244585514068604,-4.653187036514282,-73.03478240966797
59.99262046813965,23.016236305236816,29.6239070892334,-3.7522774934768677,25.98372173309326,-1.5884068012237549,11.897708892822266,-5.285589694976807,-132.51798248291016
81.99920654296875,-15.45456600189209,31.634281158447266,4.419865608215332,19.13172721862793,-1.7600682973861694,9.472393035888672,-6.808772087097168,-131.97084045410156
93.93033981323242,-13.881829261779785,33.60410499572754,1.599495530128479,20.64522933959961,-1.613795280456543,12.490241527557373,-2.6986716985702515,-116.5245132446289
82.97238159179688,-7.499151706695557,27.788986206054688,0.5024210810661316,20.127124786376957,-0.935145139694214,12.946666717529297,-5.393675804138184,-97.60198211669922
53.2867431640625,0.7230485677719116,39.00625038146973,4.970372200012207,26.65053367614746,-3.5898081064224243,13.359997749328613,-1.0071129202842712,-114.60710525512695
39.49814224243164,25.29294204711914,38.25439453125,9.26705265045166,24.636375427246094,-2.1197409629821777,12.692678451538086,-0.0844144523143768,-117.41241455078124
101.41958618164062,-29.88017463684082,64.7462387084961,-1.2574598789215088,32.94622993469238,-2.390429377555847,13.246530055999756,-7.483004808425903,-159.01038360595703
69.81087493896484,9.87155818939209,23.081138610839844,-0.6489293873310089,29.732711791992188,-4.793028831481934,9.907615184783936,-4.177955389022827,-107.24802780151367
72.85539245605469,3.722121000289917,23.523902893066406,4.750552654266357,15.43746566772461,1.4156873226165771,10.989737510681152,-8.265900611877441,-134.9521942138672
84.62545013427734,12.374800682067871,46.48361015319824,10.425123691558838,20.178080558776855,2.620755434036255,13.21970796585083,3.1567577123641968,-168.74891662597656
54.46898651123047,24.029430389404297,18.726201057434082,10.722924709320068,23.94124984741211,3.787873148918152,14.320048809051514,-7.6408703327178955,-173.67728424072266
76.0302848815918,-3.388381242752075,26.735419273376465,6.704078674316406,23.55377960205078,-0.4975149929523468,9.056920528411865,-4.707001686096191,-125.69161605834961
67.71495056152344,10.157687187194824,15.54753303527832,6.1305766105651855,16.64407730102539,-0.7607581615447998,9.388830184936523,-10.306354522705078,-95.72206115722656
85.06128692626953,14.769406318664553,39.369951248168945,-3.015866756439209,20.53203773498535,-0.5080401301383972,14.78565263748169,-7.428423881530762,-130.5914535522461
80.40901947021484,12.99636936187744,21.773487091064453,-3.069897174835205,18.73857879638672,-7.820754051208496,12.310103416442873,-5.96698808670044,-29.60897445678711
61.92304229736328,19.617660522460938,25.453989028930664,5.214941024780273,20.853797912597656,-0.5832791328430176,11.32296657562256,-6.748726844787598,-73.81304931640625
42.62759971618652,-13.993651390075684,29.747408866882324,5.269513845443726,21.78457260131836,2.1699191331863403,16.364042282104492,-1.1328774094581604,-117.56093978881836
48.91061401367188,-10.018115043640137,44.49232482910156,0.7417038679122925,25.997407913208008,6.127410888671875,12.514911651611328,-0.9989925026893616,-103.4455795288086
100.00780487060548,13.304624557495115,25.819263458251957,-2.9182820320129395,14.803855895996094,-3.281243324279785,9.146566390991213,-3.819788694381714,-109.379150390625
54.1750431060791,29.567651748657227,38.71433067321777,13.081607818603516,20.857133865356445,0.3941633552312851,6.678973436355591,-3.6157798767089844,-106.2616195678711
77.54940414428711,24.145194053649902,39.67201805114746,12.261854648590088,28.238701820373535,0.9184730350971222,17.935794830322266,1.5152966380119324,-155.78508758544922
81.11227416992188,18.969470977783203,38.82218551635742,10.717470169067385,29.844633102416992,4.082910537719727,21.64908218383789,5.909970283508301,-184.4508056640625
91.26130676269533,43.6558723449707,21.46757698059082,14.153526306152344,24.244529724121094,2.767421245574951,12.516133308410645,-2.301774501800537,-183.95030212402344
46.78076934814453,10.603235244750977,27.85023498535156,3.0596816539764404,25.18686294555664,3.808751583099365,15.850049018859863,-1.0895323753356934,-200.4762725830078
67.23579406738281,37.57283592224121,6.932045221328735,4.538508176803589,22.12608051300049,-1.1432800889015198,8.86089277267456,-8.723178386688232,-193.1170654296875
95.84918212890624,33.139610290527344,31.904766082763672,18.52057456970215,24.765884399414062,5.19566822052002,12.21116065979004,-5.358951091766357,-192.6451873779297
63.07511138916016,4.848917484283447,34.827613830566406,0.6349372863769531,24.457443237304688,-0.4201403856277466,11.41275405883789,-3.708570957183838,-45.51815414428711
37.79866790771485,-1.892894268035889,20.645402908325195,-0.6906598806381226,20.21630096435547,-3.626493215560913,10.764232635498049,-5.690803050994873,12.164057731628418
93.46854782104492,-5.566347599029541,18.13409423828125,-7.539203405380249,3.5904213190078735,-10.330925464630127,-1.1382277011871338,-14.2875657081604,-37.56169891357422
60.69783020019531,-7.999059677124023,34.356414794921875,2.2657856941223145,16.26943016052246,-1.8991012573242188,14.06019401550293,-7.630447387695312,-42.08241653442383
73.90206146240234,7.353917121887207,15.421087265014648,6.721161127090454,17.36390972137451,-8.582483291625977,10.524559020996094,-4.792820692062378,-108.09064483642578
54.30911636352539,4.992854118347168,17.91063690185547,13.709228515625,24.526620864868164,5.10734748840332,16.74740219116211,3.632146120071411,-75.64874267578125
56.29119682312012,-19.31135654449463,36.48750114440918,-1.816719651222229,18.452547073364258,-7.88873028755188,9.068880081176758,-7.7041120529174805,-1.8786747455596924
53.27310562133789,18.215421676635742,29.973973274230957,6.670490264892578,23.89205551147461,-6.827140808105469,13.493390083312988,-1.8048344850540161,-129.71315002441406
51.347721099853516,7.898514747619629,34.63764190673828,7.564538955688477,22.243200302124023,-0.20535615086555475,15.087263584136963,-2.9763628244400024,-115.79442596435547
59.87770462036133,22.340145111083984,34.96184730529785,4.5555055141448975,27.49623680114746,0.311659425497055,18.394649505615234,-2.7708797454833984,-164.01290130615234
68.90711975097656,22.594837188720703,25.30337142944336,-5.275946617126465,15.262866973876951,-6.487202167510986,10.900568008422852,-12.515022277832031,-48.39947509765625
52.6787223815918,-10.612307071685791,33.12129783630371,15.407306671142578,28.71256446838379,4.085657596588135,13.318945407867432,-7.160906791687012,-95.34486389160156
80.27958679199219,-8.79844856262207,17.83385467529297,-1.4209418296813965,14.17172622680664,-0.2291544675827026,14.635250091552734,-10.378541946411133,-15.763010025024414
87.86196899414062,-26.604122161865234,28.522201538085938,-0.5326999425888062,7.723264694213867,-14.302730560302734,11.864649772644045,-2.94296669960022,5.157002925872803
69.83999633789062,2.868290424346924,26.95618057250977,-6.328083038330078,17.575687408447266,-3.720103025436402,12.16788101196289,-9.685680389404297,-40.7529525756836
94.26235961914062,2.0600558519363403,48.052249908447266,2.510204315185547,33.578399658203125,1.1072643995285034,9.083695411682129,-1.788115382194519,-98.63925552368164
52.24456024169922,12.831662654876709,34.08061981201172,8.6585054397583,25.997163772583008,-2.8532567024230957,16.75891876220703,-4.404961109161377,-142.90953063964844
51.94233322143555,12.30336570739746,26.974624633789062,10.01003646850586,19.54754638671875,-5.911924362182617,16.261091232299805,-3.271134853363037,-114.40827178955078
68.165283203125,18.31667137145996,39.50075149536133,2.6822339296340942,23.33871841430664,-2.5360442399978638,12.448367595672607,2.245532274246216,-89.17698669433594
66.58315658569336,23.34845733642578,49.94729232788086,4.900324583053589,24.23462200164795,-11.704286575317385,8.346204280853271,-1.1098501682281494,-112.14926528930664
58.99884414672852,13.627069473266602,42.33354187011719,4.119610786437988,22.5012264251709,-11.729436874389648,12.546730041503906,0.3963883519172668,-123.53070068359376
85.39617919921875,21.689403533935547,28.43463897705078,-7.222346305847168,23.37114524841309,-2.3047571182250977,11.12456226348877,-4.146214485168457,-125.91461181640624
58.07376480102539,34.34113311767578,43.53999328613281,15.078553199768066,19.29183006286621,-2.67406702041626,6.603078842163086,-10.0350923538208,-125.73484802246094
80.86553955078125,-13.89684772491455,19.40459442138672,-6.637147903442383,15.27518081665039,-0.0677652359008789,9.373626708984377,-2.511218309402466,-63.43193054199219
85.24946594238281,18.67724227905273,28.11017227172852,3.299078226089477,18.550058364868164,2.315582752227783,9.50031852722168,-1.756324291229248,-103.61557006835938
70.2757568359375,19.42736530303955,8.321691513061523,-5.464786767959595,18.99913501739502,-2.865916132926941,15.064265251159668,-6.256865978240967,-93.9575080871582
73.1697998046875,4.112540245056152,30.892024993896484,1.1321232318878174,14.88397216796875,1.342634916305542,14.21123504638672,-2.041517496109009,-35.43678283691406
102.28571319580078,6.492318153381348,43.98552703857422,4.140128612518311,19.712329864501957,-1.9824062585830688,8.39112377166748,-1.8965883255004885,-202.7078857421875
53.639625549316406,8.390176773071289,33.15850067138672,4.581936359405518,30.448877334594727,-4.665792942047119,19.70663833618164,-0.1925658583641052,-170.64532470703125
59.9194278717041,4.80866813659668,43.995981216430664,5.417116403579712,31.04856014251709,-0.26177839934825897,9.804113864898682,2.8917109966278076,-206.14142608642578
112.90229034423828,49.586652755737305,35.35991287231445,15.75303602218628,20.353830337524414,-3.0466203689575195,15.146077156066895,2.0929198265075684,-207.9787368774414
85.65715026855469,12.692792892456056,41.65290069580078,8.917356491088867,26.91938018798828,7.464494705200195,14.722545623779297,0.9579031467437744,-174.5801544189453
72.63668441772461,-3.0658735036849976,32.66798210144043,6.390392303466797,28.778118133544922,8.601863384246826,13.05957841873169,-4.674259662628174,-82.75974655151367
71.00965118408203,4.56815505027771,30.3792667388916,0.80719193816185,14.785959720611572,0.9900896549224854,14.16356086730957,-1.9915379881858826,-33.43400955200195
100.7226104736328,15.332457542419434,32.90960693359375,10.043002128601074,23.854511260986328,1.7073527574539185,11.931673049926758,-1.7757015228271484,-162.34555053710938
70.2918701171875,17.444236755371094,36.5302619934082,5.914523601531982,26.047901153564453,-4.531519412994385,6.539040565490723,-2.71159029006958,-174.20870971679688
50.686973571777344,44.78725051879883,42.72388458251953,7.091660499572754,23.713123321533203,-4.27016019821167,16.179367065429688,-2.7394049167633057,-184.74929809570312
49.850982666015625,19.504115104675293,26.44260025024414,-3.417551040649414,16.338210105895996,3.7634551525115967,17.181915283203125,-0.6265616714954376,-88.8434829711914
68.5047492980957,15.104269504547117,36.102102279663086,-0.4257704019546509,15.057497024536133,-4.340862989425659,12.972506046295166,-8.829277038574219,-138.66482543945312
42.91659164428711,-2.8632694482803345,35.145748138427734,2.4746979475021362,26.994169235229492,-2.9591312408447266,10.797375679016113,-4.681068420410156,-148.629638671875
60.21904945373535,20.369701385498047,42.16086769104004,6.760251760482788,24.66499137878418,-3.3858089447021484,15.971736431121826,-5.637679815292358,-111.77624130249023
66.276123046875,13.939898014068604,36.25897979736328,-0.18430417776107783,15.16535997390747,-4.85338282585144,12.288012504577637,-9.405788898468018,-144.82711029052734
58.74189376831055,13.491875648498535,30.99597549438477,3.4777379035949707,14.414989471435549,-0.2899389863014221,9.942296028137209,-7.81990909576416,-115.40877532958984
59.50367736816406,-7.011944770812988,35.30836868286133,2.6555447578430176,18.561431884765625,6.697102546691895,13.691640853881836,-1.851058006286621,-80.71296691894531
41.582008361816406,-2.258484125137329,44.44097900390625,13.374242782592772,23.843975067138672,6.278371810913086,15.267111778259276,-5.660698413848877,-105.4460906982422
59.236440658569336,12.419219970703125,26.53403091430664,-4.965866565704346,10.668007850646973,8.489455223083496,14.023399353027344,1.1060501337051392,-133.3346939086914
58.97778511047363,-18.3096923828125,39.797142028808594,5.043001174926758,21.30463981628418,4.251710414886475,16.351205825805664,-3.045252203941345,-75.41709899902344
58.92811584472656,-2.250618815422058,38.653846740722656,13.379612922668457,23.90883731842041,9.289888858795166,14.261122703552246,-2.317576050758362,-105.36155319213867
83.14630889892578,6.134990692138672,33.03749084472656,9.302886962890625,16.046451568603516,-5.323596715927124,11.707416534423828,-4.401104927062988,-171.36680603027344
65.9888916015625,-1.7952325344085691,28.969297409057617,-6.258368968963623,25.491775512695312,-5.308006286621094,12.449438095092772,-8.269073486328125,-108.66878509521484
56.29456329345703,23.012306213378906,30.805143356323242,-3.122923731803894,25.448623657226562,-1.7946675419807434,17.413763999938965,-1.236108124256134,-103.38229751586914
79.18406295776367,48.19167137145996,27.111623764038086,11.306005001068115,19.07553482055664,-2.5037214756011963,15.966830730438232,-4.5308310985565186,-122.00435256958008
61.25276565551758,8.623172760009766,31.29690170288086,11.94450569152832,19.863889694213867,5.125706195831299,14.78250789642334,-0.77074134349823,-95.22130584716795
56.21169853210449,29.332120895385742,19.628609657287598,-12.442782878875732,33.252126693725586,9.504928588867188,15.928447246551514,-2.913996934890747,-48.92818832397461
59.147796630859375,-6.474791049957275,54.59320831298828,-3.6985654830932617,27.706722259521484,12.503043174743652,10.704200744628906,-3.775308132171631,-55.97683334350586
69.63725280761719,9.081283569335938,50.90022277832031,9.004427909851074,26.347810745239254,-0.1740283370018005,7.318367004394531,-10.47256851196289,-131.48936462402344
44.316162109375,37.86186981201172,31.23309326171875,9.271066665649414,24.64034652709961,-3.4601387977600098,12.918699264526367,-6.208845615386963,-72.72045135498047
62.90739440917969,40.31443405151367,48.386505126953125,11.927690505981444,25.985984802246094,1.363660216331482,12.226646423339844,-6.584151744842529,-70.27802276611328
63.83097457885742,40.664817810058594,44.86803436279297,14.307497024536133,27.376733779907227,0.021923154592514,13.10067367553711,-5.650423049926758,-52.312477111816406
69.17431640625,44.7822151184082,31.29569435119629,14.284748077392578,27.4905948638916,1.4318649768829346,13.244928359985352,-2.340858697891236,-128.80494689941406
60.818233489990234,52.45014572143555,28.44756317138672,12.067588806152344,26.167991638183594,-1.9929564595222473,12.524768352508545,-5.208905220031738,-66.70025634765625
89.69725036621094,38.38665008544922,29.423341751098636,18.38772201538086,25.80690574645996,10.711162567138672,15.88237762451172,1.2066717147827148,-214.0298309326172
94.87125396728516,47.703269958496094,18.715091705322266,11.611089706420898,26.844669342041016,-7.002503395080566,11.03376579284668,-6.563288688659668,-269.60308837890625
25.173439025878906,36.92411422729492,35.35838317871094,5.822549104690552,19.727493286132812,0.1535369753837585,16.414688110351562,1.531713604927063,-97.37963104248045
51.66910552978516,39.42564010620117,34.179203033447266,5.9288716316223145,21.41215133666992,2.6194138526916504,16.389629364013672,3.075641393661499,-76.6761703491211
38.310768127441406,6.055748462677002,41.259090423583984,5.626511573791504,30.033390045166016,1.4459961652755737,12.97161054611206,-0.9314496219158173,-156.94837188720703
57.096099853515625,26.291833877563477,45.00928497314453,3.408547043800354,29.931286811828613,4.018223762512207,15.612361907958984,-9.127763748168945,-102.25608444213867
55.26727485656738,12.629644393920898,31.0747652053833,-3.1601829528808594,26.20130157470703,-7.3718037605285645,13.726593494415283,-4.0073418617248535,-50.15808296203613
68.07203674316406,14.999391555786135,29.28154468536377,-22.432929039001465,18.18302631378174,-11.432588577270508,10.838340759277344,-1.742761492729187,-112.69182586669922
87.65845489501953,-7.800780296325684,31.21536636352539,7.465062618255615,22.41104507446289,-0.7736523151397705,12.374103546142578,-0.3929537534713745,-117.16158294677734
83.66816711425781,9.67009449005127,40.43162536621094,6.493896961212158,24.564476013183597,1.1148321628570557,8.195104598999023,1.50069260597229,-138.69097900390625
53.41851425170898,24.739103317260746,42.130149841308594,6.10585355758667,25.19147300720215,-4.703111171722412,12.987762451171877,-2.202710628509521,-157.5980987548828
49.16054916381836,17.746891021728516,35.90094757080078,-4.977758407592773,22.05284881591797,-5.845057964324951,14.520989418029783,-1.60439133644104,-93.31838989257812
96.05108642578124,17.299152374267578,24.0998649597168,11.923665046691896,14.97945785522461,-2.9459056854248047,10.73252296447754,-0.8956813812255859,-75.0829849243164
76.78620147705078,7.677231311798096,22.313289642333984,7.5581560134887695,15.866436958312988,0.0322508215904235,14.328197479248049,2.00800895690918,-174.2948455810547
89.88759231567383,-6.484824180603027,23.27926731109619,-12.134167194366455,17.106112480163574,-9.812869071960447,9.35519027709961,-3.1014548540115356,-98.32579803466797
94.65058517456055,11.430542469024658,24.51622486114502,4.302102327346802,20.781450271606445,-3.718774437904358,9.837542533874512,-1.8050557374954224,-176.62073516845703
72.95567321777344,7.601167678833008,28.411964416503903,7.603000640869141,17.398042678833008,1.8730918169021609,10.40433120727539,-8.412312507629395,-101.9027328491211
100.14818572998045,-9.435094833374023,35.92000961303711,-0.4418436288833618,11.202117919921875,-7.854563474655151,6.64820408821106,-7.666666030883789,-128.2060317993164
106.04205322265625,-7.3121702671051025,35.054141998291016,8.229141235351562,20.341115951538086,-1.775702714920044,8.041951179504395,-9.09034538269043,-158.6489028930664
85.79332733154297,-6.325368881225586,30.110143661499023,-0.8987852931022644,13.03607940673828,-4.788283348083496,7.93342113494873,-6.409163951873779,-120.02449035644533
94.05423736572266,-16.106972694396973,34.144569396972656,-3.726792097091675,9.74113941192627,-7.587241172790527,6.810093402862549,-8.483529567718506,-157.77777862548828
60.64997100830078,20.473419189453125,48.22565841674805,-4.061801433563232,29.34941864013672,-4.810850620269775,14.481057167053224,-3.610152959823608,-126.21851348876952
76.27947998046875,2.033307909965515,50.33848190307617,13.462568283081055,19.315507888793945,-2.53796124458313,14.820150375366211,-1.3804211616516113,-170.39553833007812
90.02513122558594,1.316181778907776,53.97153472900391,-6.979199409484863,19.53295135498047,-0.335279107093811,14.118179321289062,2.813535690307617,-203.76341247558597
44.88904571533203,64.03670501708984,39.97525787353516,9.126115798950195,15.43507957458496,-14.22657585144043,-1.7545065879821775,-0.765918493270874,-185.2875213623047
61.46222686767578,52.9521484375,41.5064582824707,9.163711547851562,13.253247261047363,-14.012958526611328,1.988815188407898,-3.4282522201538086,-100.80716705322266
105.16227722167967,15.13200569152832,27.200647354125977,4.352867603302002,17.172374725341797,1.388603687286377,7.184413909912109,-3.423192977905273,-176.65113830566406
124.65847396850586,29.830649375915527,13.933995723724365,7.694961786270142,17.096016883850098,-5.587753057479858,7.117491006851196,-5.036252498626709,-92.63341903686523
85.421875,-19.347335815429688,32.341827392578125,9.931015014648438,24.333890914916992,6.127718448638916,17.418888092041016,-1.1088171005249023,-29.058536529541016
110.30144500732422,10.14137601852417,30.58745193481445,-4.192701816558838,20.154921531677246,-7.323028087615967,5.942381858825684,-3.247014880180359,-95.3789291381836
46.85087585449219,21.684925079345703,37.43031311035156,-0.960434079170227,32.35816192626953,-0.4366552233695984,18.83632469177246,2.410447120666504,-150.20968627929688
62.98036003112793,14.050209999084473,21.27606773376465,0.0,18.625669479370117,0.6871801018714905,16.87122631072998,0.0,-220.31214904785156
47.0615463256836,14.055740356445312,39.44811248779297,10.3428955078125,25.339763641357425,2.613388061523437,17.883438110351562,1.3048115968704224,-165.36265563964844
55.277679443359375,38.502052307128906,27.37441635131836,1.5082457065582275,26.78031539916992,0.7742297649383545,13.225408554077148,-0.3982332944869995,-133.56695556640625
71.19659423828125,12.196391105651855,31.028928756713867,-6.308496475219727,19.073205947875977,-9.023429870605469,7.12713623046875,-7.632209777832031,-67.87850189208984
74.50882339477539,-7.050223350524902,23.20387840270996,2.5780081748962402,14.122535705566406,-1.6946433186531067,10.568623065948486,-6.814480543136597,-9.39674997329712
68.2015380859375,33.85088920593262,15.57636308670044,6.054399490356445,21.435630798339844,-1.2875343561172485,19.55755615234375,-7.9603590965271,-45.02530097961426
55.898067474365234,29.0921573638916,20.98101043701172,2.7375564575195312,16.243223190307617,-4.796144008636475,9.863601684570312,-9.175607681274414,-169.3467254638672
48.07572937011719,22.561750411987305,25.657161712646484,6.098709344863892,25.34817886352539,-3.412468433380127,14.717280387878418,-7.208264589309692,-120.19701385498045
49.752906799316406,16.878406524658203,38.32017517089844,5.075035810470581,24.520339965820312,4.390979766845703,17.197470664978027,-1.8308352828025818,-111.43550872802734
48.36357498168945,12.052902698516846,32.381792068481445,11.563261985778809,21.273637771606445,4.191464424133301,12.662644386291504,-4.841452598571777,-182.91114807128906
78.17790222167969,22.116500854492188,23.983686447143555,2.688126564025879,22.03177261352539,-3.4581103324890137,11.897744178771973,-1.6251814365386963,-105.39529418945312
60.01529693603516,39.019569396972656,29.828060150146484,5.508694171905518,21.26952362060547,-2.60085391998291,15.639997482299805,-0.350363552570343,-110.77472686767578
65.97169494628906,4.081162452697754,28.3328857421875,7.35523509979248,22.63536071777344,0.3296319544315338,14.5034761428833,0.1493696868419647,-164.2654571533203
68.27915954589844,20.71610641479492,36.64931869506836,16.29959487915039,25.54916381835937,9.476144790649414,15.786087989807127,-2.8489551544189453,-163.97349548339844
90.14125061035156,9.887901306152344,52.300392150878906,8.883951187133789,23.65958023071289,0.689143180847168,8.255928993225098,-4.388756275177002,-147.01475524902344
64.7319107055664,7.4476637840271,25.702799797058105,8.010010004043579,12.283270835876465,-0.07818965613842005,12.469303131103516,-9.603365898132324,-68.5792350769043
40.14027976989746,17.766953468322754,26.07481575012207,0.5771726965904236,16.63456916809082,-6.939572334289551,9.885889053344727,-7.701983451843262,-136.88452911376953
55.93709373474121,3.8432412147521973,23.556108474731445,-4.8563902378082275,14.309604167938232,-11.013553619384766,9.926761627197266,-5.869734764099121,-44.158823013305664
69.20287322998047,12.821083068847656,35.63292121887207,-3.4282288551330566,15.179808139801025,-8.764500617980957,10.735848426818848,-6.74872899055481,-85.49528503417969
80.94187927246094,28.077192306518555,19.01702117919922,6.913454532623291,15.956717491149902,-2.9590232372283936,5.157800674438477,-9.686481475830078,-97.7880859375
85.22286987304688,4.413815975189209,36.593772888183594,-6.996768474578857,26.597317695617676,-10.011582374572754,10.631923198699951,-7.954915285110474,-96.78413772583008
68.6205825805664,31.757572174072266,15.941923141479492,-7.527188777923584,16.123908042907715,-14.361222743988037,1.9303919672966003,-6.744539260864258,-163.21845245361328
68.50053024291992,36.032949447631836,18.45376968383789,9.585323333740234,22.883642196655273,2.9456621408462524,16.34827995300293,0.1569050550460815,-99.3372917175293
96.1007843017578,-3.2589123249053955,24.518949508666992,0.8879312872886658,18.580974578857425,5.849257469177246,13.619787216186523,-3.8476250171661377,-162.5139617919922
93.1863250732422,-3.717753410339356,25.805099487304688,-0.1683464050292968,19.313142776489254,4.391776084899902,16.615131378173828,-0.1401710510253906,-114.93158721923828
58.05055236816406,0.2560147643089294,37.758583068847656,5.323770523071289,22.139347076416016,-3.814499855041504,14.588542938232422,0.3524510860443115,-46.806419372558594
74.22112655639648,-3.9576470851898193,34.13763427734375,-2.7333422899246216,17.991636276245117,-12.533985614776611,7.527587175369263,-3.033123254776001,-83.83716201782227
49.2701301574707,0.1904115974903106,42.718849182128906,11.1934232711792,27.416431427001957,11.0160493850708,19.590606689453125,-0.5062239766120911,-126.5541763305664
38.3642578125,8.934784889221191,26.99250030517578,5.969718933105469,31.96914291381836,13.318517684936523,15.27352809906006,-4.155341625213623,-141.0498504638672
56.783016204833984,14.094863891601562,38.285499572753906,2.3355108499526978,23.17855262756348,6.884523868560791,9.066537857055664,-6.368663549423218,-99.1269416809082
66.86228942871094,12.756736755371094,38.41162872314453,5.864715576171875,24.98516082763672,1.608204960823059,11.52938747406006,-5.479288101196289,-143.26553344726562
109.74701309204102,22.252129554748535,27.137136459350586,12.94189739227295,20.446754455566406,-5.603612899780273,10.115973949432373,-4.481478929519653,-172.29212951660156
128.86851501464844,20.492467880249023,25.66061782836914,10.767111778259276,24.31509017944336,3.0227437019348145,11.79045867919922,-0.0152338743209838,-175.23353576660156
52.772165298461914,3.281136631965637,31.691384315490723,-6.666693449020386,19.616674423217773,-1.7391912341117859,13.382662773132324,-7.586996793746948,-23.561583518981934
27.90783405303955,4.727081298828125,19.867889404296875,-4.786033868789673,17.42584228515625,-1.4182921051979065,13.599617958068848,-5.07892370223999,-59.48534393310547
71.6130599975586,30.42782592773437,28.171480178833008,19.95772171020508,19.65635108947754,11.582584381103516,11.024587631225586,-3.568812847137451,-154.90943908691406
74.39964294433594,7.646756172180176,19.575008392333984,0.4427337497472763,17.894219398498535,-4.912633180618286,13.249189853668213,-8.586172103881836,-85.36167907714844
69.93077087402344,0.957054316997528,47.37277221679688,-11.065645217895508,19.92976951599121,-5.01129150390625,10.040672302246094,-4.0015974044799805,-73.6749038696289
69.44184112548828,6.068084716796875,26.690202713012695,-5.337352991104126,15.999881744384766,-7.571809768676758,11.364241123199463,-5.2944324016571045,-48.48318290710449
79.24465942382812,0.0,31.301311492919922,2.0878497362136845,13.04486083984375,-1.664305329322815,12.749499797821045,0.0,-155.24846649169922
69.9759292602539,-9.09465789794922,25.8371639251709,-7.848049640655518,15.536829948425291,-11.34246826171875,12.238807678222656,-5.431913375854492,-82.23483276367188
50.7642822265625,37.312232971191406,19.226285934448242,3.7677379846572876,26.934898376464844,-0.46281440556049347,14.374857902526855,-4.025354385375977,-181.5833282470703
55.44899940490723,18.977280616760254,35.25571632385254,16.639598846435547,31.668068885803223,7.856769800186157,12.87052059173584,-7.35003662109375,-171.19400024414062
125.75125122070312,-23.617549896240234,31.925657272338867,-0.3924863934516907,9.832530975341797,1.1306833624839783,5.899284362792969,-9.05522632598877,-159.85645294189453
59.71721649169922,-24.53605079650879,17.611963272094727,1.1610031127929688,26.68019676208496,-0.5791001915931702,15.096603393554688,-3.277423858642578,-81.33810043334961
55.4460563659668,-12.59522819519043,19.716842651367188,-0.5022378861904144,23.844999313354492,-4.585317373275757,14.840105533599854,-1.4807628989219666,-129.53905487060547
101.4874038696289,-18.16730690002441,39.90008544921875,-2.1239476203918457,21.52849578857422,13.843149185180664,9.616926193237305,3.428217887878418,-188.69813537597656
63.71643829345703,0.0,23.63778686523437,0.0,25.2349853515625,-1.1918399333953855,10.26114273071289,-3.6584560871124263,-175.88259887695312
53.20276641845703,-7.559560775756836,14.009478569030762,-12.748257637023926,19.74371719360352,-8.491142272949219,11.201560974121094,-9.89937973022461,-78.74681854248047
66.84809112548828,21.906768798828125,23.63313102722168,-10.186128616333008,20.531944274902344,1.299246311187744,16.963134765625,-7.741910934448242,-80.74744415283203
64.98101806640625,20.22522735595703,14.79025650024414,-11.151975631713867,18.812448501586914,2.3143277168273926,21.73711585998535,-6.826022148132324,-80.7971305847168
82.368408203125,-14.470659255981444,22.776201248168945,-5.787521839141846,15.510955810546877,-8.71241283416748,13.114483833312988,-0.9781463742256165,-47.90871047973633
93.17233276367188,13.221465110778809,19.77645492553711,19.176868438720703,11.427379608154297,8.23457145690918,20.443634033203125,7.412230968475342,-229.17181396484372
45.44036102294922,14.818029403686523,24.987247467041016,20.177791595458984,22.05982208251953,11.736978530883787,11.816154479980469,-2.8664472103118896,-68.05387878417969
44.253997802734375,13.747416019439697,24.375584602355957,17.298412322998047,20.65216064453125,12.623880863189695,12.985088348388672,-3.7736514806747437,-85.51517486572266
57.66606140136719,19.73412704467773,32.640846252441406,1.1152254343032837,19.150314331054688,-7.036139011383057,15.235055923461914,-3.495280265808105,-69.11180114746094
40.07654571533203,8.489474296569824,28.18317413330078,12.239550590515137,32.28359603881836,4.79078483581543,15.815140724182127,-2.5849459171295166,-37.52878189086914
79.25163650512695,18.944191932678223,29.194772720336914,-16.00271701812744,21.495094299316406,-3.5008485317230225,7.707368850708008,-8.354157447814941,-150.4955596923828
121.20286560058594,-14.071758270263672,44.33097457885742,-0.6965665817260742,23.516860961914062,5.534082412719727,2.5559396743774414,-2.190384864807129,-185.2338104248047
60.22343826293945,-1.0263110399246216,25.772634506225586,4.962907314300537,10.447680473327637,-6.182529926300049,6.216011047363281,-11.23717451095581,-112.34071350097656
55.850337982177734,-12.071269512176514,26.021684646606445,4.324148893356323,9.769752502441406,-3.755719304084778,7.352003812789916,-10.340935707092285,-92.09232330322266
115.13127136230467,-28.160911560058597,21.85647964477539,-4.61457109451294,12.558521270751951,-9.232281684875488,7.690852165222168,-5.609057903289795,-156.82513427734375
54.31644821166992,8.044660568237305,8.45029354095459,8.610676765441895,21.167896270751957,-3.2039904594421387,13.643234252929688,-7.827322006225586,-163.027099609375
56.49991798400878,13.67416763305664,22.684009552001953,-3.6778595447540283,24.50469398498535,-2.1186742782592773,14.260810852050781,-6.135573387145996,-105.28952026367188
90.89972686767578,-30.108800888061523,25.608240127563477,0.5025026798248291,9.528769969940186,-10.876408100128174,8.590622425079346,-7.144755125045776,-137.97888946533203
75.71121978759766,-8.228069305419922,41.6002140045166,-11.48536729812622,16.97737216949463,-5.001708030700684,6.738986492156982,-6.176461696624756,-109.6249008178711
106.7764129638672,-20.75727081298828,48.13368988037109,-2.6976234912872314,19.99456214904785,-3.3206591606140137,4.795219421386719,-4.830844879150391,-145.2876739501953
68.91242980957031,-8.902081489562988,35.93486785888672,-6.947600364685059,17.689359664916992,-5.9922051429748535,10.324960708618164,-5.065027713775635,-111.1615753173828
67.15569305419922,-24.69649887084961,33.64481163024902,1.5705117583274841,11.239784717559814,-6.007639646530151,12.414674282073975,-5.829930782318115,-108.69623184204102
51.3555965423584,30.61819076538086,26.91019630432129,3.9881523847579956,27.156023025512695,0.9559881687164308,16.777281761169434,-2.2198907136917114,-66.19200897216797
38.46836471557617,16.25714683532715,25.751482009887695,2.646734118461609,18.15307235717773,-0.9863944053649902,19.005413055419922,1.0937474966049194,-29.720402717590332
21.20191192626953,-10.405292510986328,48.073638916015625,3.5768752098083496,31.222557067871094,1.040974497795105,16.328550338745117,2.6325182914733887,-49.95125198364258
22.172739028930664,-11.973228454589844,46.06194305419922,1.793238401412964,30.988357543945312,0.0463850498199462,16.39694595336914,1.6918879747390747,-36.094608306884766
56.553489685058594,10.18824577331543,32.454734802246094,0.5986640453338623,33.21073913574219,-0.2634548842906952,20.450952529907227,3.788798332214356,-54.740379333496094
50.47768020629883,16.03455352783203,25.998303413391113,3.8329662084579468,16.165440559387207,-1.48183673620224,18.82177352905273,0.8709288537502289,-24.895455360412598
42.06755828857422,-3.790935039520264,68.97220611572266,-5.919296741485596,24.26920890808105,3.728053092956543,19.96361351013184,6.705585479736328,-44.58678817749024
107.1421890258789,15.897446155548096,14.944511413574219,1.1825188398361206,13.988978385925293,-3.524085998535156,10.399272918701172,-5.216874122619629,-88.65225982666016
79.4974250793457,-4.295497417449951,50.15382766723633,-0.781082034111023,26.54796028137207,3.9190006256103516,11.182418823242188,-0.8945547640323639,-199.85516357421875
70.4305191040039,8.765845775604248,24.295700073242188,6.811428546905518,27.55973529815674,8.113632678985596,11.332308769226074,-2.9470055103302,-168.94269561767578
69.57766723632812,4.757939338684082,39.48126602172852,18.038965225219727,31.381935119628903,6.746603012084961,17.192726135253906,-3.020453929901123,-174.22222900390625
110.00868225097656,-9.010828018188477,28.68309593200684,-1.6699256896972656,28.763050079345703,0.4642059206962585,12.91335105895996,-0.7396422624588013,-157.5486297607422
58.907203674316406,44.077144622802734,25.084125518798828,3.226248264312744,25.2104549407959,-3.116164445877075,19.20509529113769,-2.841415882110596,-222.01953125
46.78076934814453,10.603235244750977,27.85023498535156,3.0596816539764404,25.18686294555664,3.808751583099365,15.850049018859863,-1.0895323753356934,-200.4762725830078
78.35151672363281,-1.002173662185669,7.325952053070068,0.3649975061416626,20.340932846069336,5.426989555358887,13.624557495117188,0.934667706489563,-129.9188690185547
38.41229057312012,27.58222007751465,34.087276458740234,-1.4771108627319336,26.072587966918945,1.712952435016632,16.5504093170166,-4.12066388130188,-86.93065643310547
52.495094299316406,-10.123380661010742,21.81200790405273,-3.2848119735717773,20.235605239868164,-3.9886374473571777,11.343212127685549,-3.376784324645996,-74.88186645507812
60.29995346069336,13.39450740814209,16.22541904449463,3.082494020462036,14.433134078979492,-5.1505045890808105,11.00145435333252,-5.508659362792969,-44.060110092163086
38.856956481933594,15.641827583312988,29.688206672668457,15.733708381652832,24.468823432922363,7.3159003257751465,18.991779327392578,0.48065853118896484,-59.11484909057617
71.08160400390625,19.319446563720703,31.153305053710938,14.072311401367188,29.486278533935547,3.1232314109802246,15.371721267700195,-0.5495754480361938,-63.65582656860352
48.530738830566406,16.37161922454834,24.15458393096924,11.790862083435059,28.25174903869629,4.626726150512695,17.659637451171875,2.392134428024292,-58.862009048461914
50.034576416015625,15.86489486694336,27.38521194458008,8.783302307128906,25.937877655029297,3.399130582809448,13.031747817993164,-4.253283977508545,-16.206453323364258
58.77278137207031,-27.123313903808594,0.8860251605510712,5.556207180023193,32.97035026550293,-9.555813789367676,12.059237003326416,-4.703359603881836,-173.6308822631836
86.07562255859375,26.506582260131836,26.74380111694336,5.057287693023682,11.226301193237305,-2.3606085777282715,13.962531566619873,5.5425145626068115,-151.74016571044922
93.49734878540039,30.406234741210938,23.41204071044922,-1.9824592471122742,1.0523887276649475,-16.37364673614502,13.76740837097168,-4.45949649810791,-137.44129943847656
67.62921142578125,8.317580223083496,18.52609062194824,-0.8764262795448303,6.8150129318237305,-0.6560965180397034,17.068103790283203,-9.504018783569336,-81.16051483154297
23.445293426513672,34.21304702758789,27.246700286865234,11.785149574279783,21.285869598388672,3.8364295959472656,19.062519073486328,-7.528709411621094,-131.55357360839844
34.3160514831543,10.519157409667969,31.510143280029297,-6.302948474884033,17.48931312561035,-5.1808271408081055,15.080422401428224,-4.955796241760254,-60.710693359375
65.76982116699219,39.21110725402832,25.814847946166992,4.3419129848480225,20.219538688659668,-1.689240276813507,11.004887580871582,-9.34788703918457,-167.73602294921875
55.878334045410156,53.53717231750488,33.61178207397461,13.037670135498047,21.824658393859863,5.663360595703125,12.928990364074707,-6.018703937530518,-166.96630096435547
61.06035614013672,-0.6498349905014038,23.402019500732425,-4.399721145629883,23.86319732666016,-0.0365843772888183,16.926584243774414,-6.792079925537109,-91.76251983642578
67.7567138671875,-9.014825820922852,23.36910820007324,-0.3162380456924438,12.70655345916748,-2.443028211593628,12.280261993408203,-9.39492893218994,-63.914947509765625
77.27968215942383,6.145657300949097,21.7356014251709,-3.1554765701293945,15.611635208129883,-4.29256534576416,8.98000955581665,-8.61967658996582,-97.45394515991211
81.466796875,11.821791648864746,29.3671989440918,12.183578491210938,16.30667495727539,-7.907176494598389,8.306949615478516,-12.04505729675293,-97.4521942138672
76.68489074707031,-6.41105842590332,31.310985565185547,2.099644184112549,12.77192497253418,-1.078306794166565,4.3074140548706055,-10.46054458618164,-93.9343719482422
134.1403350830078,51.57603073120117,23.426918983459473,-2.7958834171295166,13.508679866790771,-1.0110819339752197,11.70228624343872,-8.005741596221924,-163.8429183959961
132.5948028564453,48.43909454345703,39.983903884887695,3.893790364265442,21.662885665893555,2.8539879322052,10.293077945709229,-9.960576057434082,-120.14319229125977
88.28480529785156,52.98043823242188,30.151912689208984,6.7834296226501465,26.15294647216797,-8.988215446472168,18.687503814697266,-6.686235427856445,-74.38771057128906
66.20767211914062,21.49454498291016,37.15107727050781,15.71554946899414,25.15034484863281,1.1878931522369385,18.707181930541992,4.355069160461426,-162.1056671142578
81.1165771484375,-9.05378532409668,53.13359069824219,17.096908569335938,15.545252799987791,9.03982639312744,18.814987182617188,19.28633499145508,-186.27903747558597
31.560914993286133,10.793237686157227,38.778791427612305,16.615893363952637,35.41839599609375,6.546323537826538,16.79165267944336,-3.175349473953247,-121.52098083496094
72.55240631103516,-8.708110809326172,47.96111297607422,3.2771730422973637,35.99097442626953,-0.3428818583488464,14.996012687683104,-10.462909698486328,-123.50755310058594
27.38168716430664,27.13712310791016,14.868765830993652,-11.30881690979004,21.82285690307617,-6.970838069915772,18.429187774658203,-0.7790379524230957,-129.42066955566406
32.4349479675293,28.437942504882812,20.418479919433594,0.10533072054386135,26.56899070739746,-3.837379813194275,15.138306140899658,-5.040222883224487,-103.16201782226562
35.810672760009766,30.5063591003418,30.01938247680664,2.919265031814575,28.2098445892334,1.0168638229370115,11.692795753479004,-8.454398155212402,-112.61573028564452
76.53683471679688,13.184406280517578,0.683228611946106,-14.76666259765625,11.729589462280272,-2.4201583862304688,15.471624374389648,-7.025721549987793,-131.63706970214844
36.376522064208984,18.043721199035645,19.110807418823242,-6.654291391372681,15.997936725616455,3.9941563606262207,18.138774871826172,-7.199930906295776,-28.12275981903076
80.60263061523438,-1.3099980354309082,5.968462467193604,-19.888263702392575,7.258764266967773,-4.849769115447998,17.64630126953125,-12.027179718017578,-54.36735153198242
38.402587890625,35.35624694824219,22.856502532958984,2.1892800331115723,21.844558715820312,-2.113960027694702,18.55663681030273,2.2019383907318115,-136.75054931640625
118.73979568481445,54.53700256347656,21.617347717285156,8.659857273101807,27.620290756225586,12.374829292297363,8.28443193435669,1.7913920283317566,-176.95663452148438
58.273887634277344,61.5185432434082,42.434532165527344,12.888565063476562,35.5965576171875,12.6639986038208,10.36711311340332,0.4462124109268188,-189.87066650390625
76.029052734375,50.65482711791992,10.465950012207031,5.15041446685791,15.82050323486328,5.41633415222168,10.359310150146484,0.0962607413530349,-160.29281616210938
70.83656692504883,5.184803485870361,32.94606971740723,0.08057292550802225,23.83698558807373,5.165422677993774,14.967593669891357,0.237883985042572,-148.0081329345703
67.43496704101562,3.082523822784424,23.5359001159668,9.544002532958984,22.487836837768555,2.985464811325073,14.966033935546877,-0.4185783267021179,-156.6693115234375
91.41345977783205,19.06789970397949,16.637659072875977,-6.9918975830078125,23.50777816772461,-1.834089517593384,9.652334213256836,-6.014689922332764,-163.9247283935547
78.75139617919922,8.026660442352295,21.640151023864746,-0.5631301403045654,23.343483924865723,1.4402535557746887,14.25724983215332,-5.881612300872803,-90.02018737792969
59.945987701416016,8.436210632324219,40.06853103637695,6.181907653808594,22.438980102539062,2.9661202430725098,14.427020072937012,-6.334548473358154,-138.62210083007812
73.38650512695312,-6.337705135345459,15.08153486251831,-3.870688557624817,21.835968017578125,-2.4420489072799683,6.504506587982178,-0.24068218469619745,-160.4130630493164
88.09097671508789,-16.473790168762207,23.056793212890625,1.695450246334076,12.845555305480957,3.1666334867477417,7.000906944274902,-3.3135483264923096,-86.93131637573242
82.32999420166016,-8.82497501373291,24.406936645507812,-0.11683499813079831,15.739048957824707,-1.2794297933578491,7.549412965774536,-6.0053088665008545,-55.59357452392578
90.31242370605469,-16.550626754760742,21.037644386291504,-0.4035522788763046,10.562994956970215,-2.446120858192444,8.586451530456543,-8.048166275024414,-47.37219047546387
21.617545127868652,43.632280349731445,-1.7870131731033325,18.819504737854004,33.253713607788086,4.749131202697754,23.73237419128418,-1.4700229167938232,-198.92677307128906
78.56063842773438,34.91439437866211,-6.213895797729492,19.475250244140625,28.092361450195312,1.7913682460784912,19.194652557373047,-3.7684030532836914,-185.13888549804688
91.7142562866211,-17.3846435546875,7.346482038497925,-0.03663260117173195,17.612467765808105,-0.7931718826293945,13.476610660552979,-2.9054514169692993,-123.27094650268555
53.62248229980469,4.45183801651001,22.76890563964844,7.894421577453613,29.41356086730957,-7.21318244934082,16.12123680114746,-5.1514153480529785,-57.53020858764648
58.50611114501953,11.628916263580322,32.025367736816406,-1.9823114275932312,19.34630298614502,-4.650030612945557,14.958847999572754,-4.792267322540283,-48.50692367553711
46.8239631652832,25.66226577758789,36.74484443664551,-5.577013254165649,24.96349334716797,-2.8039883375167847,11.798662662506104,-4.520549774169922,-60.87300682067871
77.80850982666016,-37.50566291809082,40.78968048095703,-5.326977729797363,28.56068515777588,-5.518007516860962,12.402151107788086,-6.081631898880005,13.301193237304688
50.288387298583984,34.00663757324219,34.808189392089844,2.74006462097168,27.832368850708008,-1.866800308227539,11.75578498840332,-4.28096866607666,-170.5188751220703
77.79656982421875,23.74100112915039,20.408611297607425,-9.832735061645508,16.86687469482422,-3.703482389450073,7.849954605102539,-6.013806343078613,-162.46560668945312
55.13831329345703,21.913658142089844,31.936748504638672,0.1664297580718994,23.33871459960937,2.1278076171875,13.703943252563477,-1.363890290260315,-179.9784393310547
65.54273986816406,31.192837715148926,29.768903732299805,0.9775454998016357,17.58839702606201,-11.215986251831055,11.660030841827393,-8.740634441375732,-148.87100982666016
75.75828552246094,8.05409049987793,29.7741756439209,-3.719735145568848,17.200626373291016,-9.942651748657228,9.541439056396484,-8.440237045288086,-31.31917762756348
61.80125045776367,22.338350296020508,39.44820213317871,-9.095320701599121,22.904046058654785,-11.524893760681152,11.021388530731201,-2.179351806640625,-37.34543418884277
55.277008056640625,9.608468055725098,34.69071006774902,-5.941648483276367,22.036022186279297,-7.916144847869873,11.492212295532227,-0.0036132060922682498,-86.19280242919922
53.78017807006836,7.1812849044799805,17.23949432373047,-2.2495970726013184,18.02573776245117,-2.2440688610076904,13.567367553710938,-2.34557580947876,-78.61894989013672
39.15529441833496,27.97981834411621,42.35958671569824,7.640444278717041,22.97823715209961,0.6821876466274261,14.034790992736816,-2.613473892211914,-130.12938690185547
41.33854675292969,27.151029586791992,41.05350875854492,7.638081550598144,22.473861694335938,-0.2766509354114532,15.072383880615234,-1.0373927354812622,-78.02993774414062
37.40856170654297,9.507309436798096,50.1550407409668,-7.6725218296051025,33.76121139526367,0.6940861344337463,18.50689125061035,0.8903936445713043,-42.26101493835449
84.7558708190918,21.94954872131348,34.32615661621094,-10.238659381866455,31.91141700744629,-0.7375491261482239,15.598737716674805,0.7687528133392334,-121.4420051574707
44.36797332763672,22.651615142822266,15.124737739562988,19.68882751464844,24.703033447265625,13.22537899017334,18.494518280029297,-0.6767709851264954,-118.44827270507812
55.00019645690918,30.2824649810791,25.624271392822266,4.281383514404297,33.55919647216797,-2.4880213737487793,18.4203052520752,-2.432166337966919,-131.7198944091797
65.09161758422852,-11.164368629455566,44.00306510925293,-1.552954375743866,31.63586711883545,-6.221299648284912,12.467430114746094,-6.822141170501709,2.5582735538482666
31.76461410522461,28.40311813354492,35.68247985839844,14.239078521728516,27.739652633666992,11.91154670715332,19.55449485778809,1.268475890159607,-108.89845275878906
22.86578941345215,42.196109771728516,47.32194137573242,19.829909324645996,33.91320037841797,15.342580795288086,19.479536056518555,-0.7737095654010773,-109.26825714111328
43.057199478149414,27.439990997314453,32.950517654418945,15.902143955230715,30.857154846191406,14.087291717529297,18.870295524597168,0.3354553282260895,-124.03848648071289
29.552268981933597,2.7076494693756104,19.746715545654297,-0.4369960427284241,22.218477249145508,10.930401802062988,15.68767261505127,-2.701056480407715,-65.93617248535156
21.16688632965088,-2.426210403442383,18.428549766540527,2.636832356452942,21.970023155212402,6.894835710525513,18.71638774871826,-0.42338052392005915,-74.20426177978516
84.70718383789062,18.786937713623047,30.32404327392578,12.53553295135498,26.825550079345703,11.220466613769531,18.06939697265625,-2.395289421081543,-120.3669662475586
37.80159378051758,35.06858444213867,44.77144241333008,14.877505779266357,30.188148498535156,8.23220157623291,15.140386581420898,-6.987868309020996,-68.81314468383789
15.146093368530272,28.266456604003903,46.43296813964844,22.254981994628903,30.30210304260254,3.20229172706604,13.043481826782228,-7.159547805786133,-54.9445686340332
70.71842956542969,15.038936138153076,30.40653419494629,15.459048748016357,13.00202512741089,-3.148124098777771,11.42190980911255,-8.678489208221436,-109.51740264892578
73.33050537109375,17.373790740966797,18.144843101501465,2.9572187662124634,19.779895782470703,3.0808775424957275,13.376056671142578,-0.6261861324310303,-144.16927337646484
33.45531463623047,19.542335510253903,28.98267936706543,12.764451026916504,21.514240264892575,-3.243663787841797,15.892763137817385,-5.763625621795654,-84.23768615722656
29.759798049926758,20.775035858154297,30.3613224029541,-8.409599304199219,27.047120094299316,-10.386163711547852,11.727107524871826,-5.960286617279053,-134.64124298095703
47.69868469238281,12.169577598571776,7.300477981567383,-4.1185150146484375,10.331668853759766,-5.323764801025391,12.658369064331056,-1.8389630317687988,-133.99468994140625
60.90366363525391,-13.645339012145996,33.34554672241211,2.862581491470337,22.94080352783203,-5.621459484100342,10.02480697631836,-9.217247009277344,-58.63151168823242
21.869382858276367,-3.067788362503052,45.65612030029297,-5.675940990447998,31.192237854003903,3.9216830730438232,17.87828826904297,-2.866375207901001,-86.54117584228516
21.44513702392578,39.83586883544922,33.57536315917969,3.0486156940460205,34.19213104248047,0.1868231445550918,16.955888748168945,-1.0378484725952148,-155.7455596923828
73.56929016113281,33.96221160888672,31.90132713317871,2.416807174682617,27.74079704284668,-6.332989692687988,15.455047607421877,-3.4981138706207275,-135.4391632080078
21.86800193786621,27.78006649017334,28.17265510559082,12.388742923736572,29.44369125366211,-3.2615792751312256,14.233851432800293,-3.669018030166626,-133.6360092163086
65.87214660644531,22.736705780029297,26.812938690185547,-11.605801582336426,20.555164337158203,-3.008169412612915,6.144635677337647,-3.186832427978516,-160.7132568359375
59.84624099731445,32.94096374511719,6.015775680541992,-0.5095271468162537,19.79944610595703,-8.976970672607422,9.367603302001951,-7.313394069671631,-45.002044677734375
91.99598693847656,13.449861526489258,20.664467811584473,-9.052857398986816,21.963740348815918,-11.67350721359253,4.093967914581299,-8.329547882080078,-114.02772903442384
61.49763298034668,7.3391382694244385,27.909419059753418,-3.4556444883346558,15.691413402557373,-6.208608627319336,11.886749744415283,-9.15178918838501,-96.09203338623048
34.796566009521484,11.952031135559082,37.38611602783203,-17.172651290893555,33.827857971191406,-5.663321495056152,15.36982536315918,-1.2264684438705444,-127.23392486572266
61.48834991455078,20.63028717041016,30.378541946411133,5.084959030151367,12.575071334838867,-2.7448723316192627,14.118467330932615,-3.859724998474121,-29.863574981689453
83.11976623535156,5.949082374572754,31.97554397583008,1.483537197113037,17.991769790649414,-1.9574304819107056,12.036224365234377,-9.96796417236328,-74.68739318847656
66.58026885986328,11.801517486572266,32.63590621948242,0.8808282017707825,21.013935089111328,-0.8751718401908875,16.528636932373047,-8.551097869873047,-18.408950805664062
68.1695671081543,17.919578552246094,31.169479370117188,5.882476091384888,21.482500076293945,3.743308782577515,12.670783042907715,-4.158178329467773,-159.37940979003906
68.89419937133789,18.028223037719727,31.75232219696045,6.046475172042847,21.44316291809082,3.793655753135681,12.952278137207031,-4.061402320861816,-158.94627380371094
95.9989776611328,-20.99095916748047,17.56846809387207,-1.2123202085494995,5.725937366485596,-9.9550199508667,9.719161033630373,-11.976147651672363,-39.74799346923828
51.27526664733887,13.370630741119385,30.592440605163574,0.9860254526138306,19.379268646240234,6.5434253215789795,6.448634624481201,-9.033424377441406,-126.78926467895508
51.078369140625,13.471444129943848,24.141372680664062,3.765614271163941,16.711759567260742,-2.708856105804444,9.00125789642334,-5.901963710784912,-53.70547866821289
45.4865608215332,23.77489948272705,33.19375038146973,9.372940063476562,24.077966690063477,5.659558296203613,19.67058563232422,-0.3962230682373047,-143.8919448852539
41.76282501220703,26.62378597259522,29.74907779693603,10.246014595031738,23.44239330291748,4.689019203186035,18.738290786743164,-1.2005121111869812,-161.83131408691406
50.88783264160156,7.846424102783203,27.43268203735352,9.585315704345703,25.235057830810547,10.562646865844728,14.19557762145996,-0.8020375967025757,-133.14556884765625
77.55229187011719,13.819419860839844,29.610654830932617,8.226066589355469,25.422164916992188,4.727452278137207,16.015575408935547,-6.496023654937744,-44.93685531616212
31.611801147460938,1.4045634269714355,37.11144256591797,3.661604642868042,22.04072380065918,-1.8730676770210266,14.082517623901367,-1.7378422617912292,-101.80303573608398
42.77188873291016,-15.715160369873049,19.903453826904297,-4.388044357299805,23.020204544067383,-5.855919361114502,15.845172882080078,-2.921005725860596,-114.84764099121094
63.879356384277344,7.456791877746582,22.51800346374512,-0.7770364284515381,21.583934783935547,1.5469157695770264,11.843242645263672,-3.854823589324951,-103.1572036743164
70.78714752197266,-4.284744501113892,18.173967361450195,-3.958356738090515,6.036416053771973,-3.5983974933624268,7.735017776489258,-11.46628713607788,-100.46494674682617
65.22658157348633,6.869588375091553,36.08724975585938,-3.4361318349838257,22.190434455871582,0.5366076231002808,14.838029861450195,-5.135351181030273,-51.768028259277344
84.7756118774414,16.244778633117676,24.826868057250977,1.9401925802230835,14.777400016784668,-3.9399702548980717,12.40176010131836,-7.858234405517578,-110.37627410888672
72.77271270751953,0.4652907997369766,30.11487865447998,-4.978595495223999,19.628437042236328,1.8231156468391418,14.999054908752441,-5.459267616271973,-43.80356407165527
71.50418090820312,15.076349258422852,33.07066345214844,8.886722564697266,22.961833953857425,3.7517709732055664,13.450790405273438,-2.014070510864258,-99.41427612304688
50.14419937133789,10.264561653137209,35.50334548950195,4.481433868408203,20.794788360595703,-0.2019513249397277,14.10365390777588,-4.219483852386475,-32.708160400390625
55.306251525878906,-6.286473274230957,42.22794151306152,9.017632961273193,23.835280418395996,-0.07651893794536585,19.841594696044922,3.020976185798645,-125.15689468383789
96.09590911865234,0.0,27.88562774658203,6.687347412109375,12.100192546844482,2.2444567680358887,14.863076210021973,-4.075883626937866,-156.10811614990234
49.979148864746094,19.44869613647461,29.137596130371094,6.853778839111328,22.064327239990234,-5.770505428314209,16.27923011779785,-9.020318984985352,-96.01028442382812
47.29980659484863,36.426340103149414,28.553825378417965,12.138423919677734,25.139453887939453,-2.6468383073806763,14.722362518310547,-6.729548692703247,-146.53145599365234
79.66161346435547,-12.945391654968262,33.06086540222168,-4.847421169281006,12.483948230743408,-1.1110681891441345,15.007722854614258,-9.821751594543457,-68.70389938354492
59.285221099853516,20.279778480529785,38.402732849121094,7.624549150466919,26.41309928894043,3.5864654779434204,21.269972801208496,2.3840231895446777,-176.1292495727539
78.6513671875,-0.40648026764392853,21.23875617980957,10.013330459594727,14.788694381713867,-2.1624393463134766,13.92452621459961,-6.652833938598633,-91.17939758300781
75.78196716308594,3.417057514190674,24.928312301635746,-2.3723862171173096,24.19489288330078,-2.405847549438477,19.322235107421875,1.079021692276001,-164.57655334472656
61.66625785827637,38.855613708496094,30.486831665039062,1.2381922006607056,21.850811004638672,-0.0443120971322059,13.669938087463379,1.0586448311805725,-71.09428787231445
55.277679443359375,38.502052307128906,27.37441635131836,1.5082457065582275,26.78031539916992,0.7742297649383545,13.225408554077148,-0.3982332944869995,-133.56695556640625
82.14205169677734,-4.08344030380249,44.098575592041016,-1.6954665184020996,17.803220748901367,-8.6807279586792,13.74399185180664,1.649632692337036,-152.80828857421875
82.14205169677734,-4.08344030380249,44.098575592041016,-1.6954665184020996,17.803220748901367,-8.6807279586792,13.74399185180664,1.649632692337036,-152.80828857421875
107.93264770507812,-0.3504149615764618,43.99774932861328,7.350275039672852,18.157520294189453,-0.4746925830841064,13.20770263671875,7.607203483581543,-188.7793884277344
95.1017951965332,-20.511063575744632,42.14578819274902,-4.369009494781494,15.345303535461426,-10.918312072753906,12.311325073242188,-0.2730751931667328,-107.29855728149414
66.0443115234375,45.08476257324219,32.774471282958984,4.936733245849609,24.36949920654297,7.271491527557373,10.818790435791016,-6.88801383972168,-96.17877960205078
63.49633598327637,-12.241229057312012,27.93556785583496,-20.295028686523438,29.825973510742188,6.03462553024292,10.868252754211426,-2.6058642864227295,-84.12026596069336
98.57740020751952,-3.6707139015197754,36.00965881347656,13.52808141708374,25.898540496826172,17.989032745361328,17.519882202148438,-2.4190903902053833,-163.31857299804688
42.75619125366211,12.052671432495115,46.88555908203125,-2.4045445919036865,37.401458740234375,-0.8538253307342529,7.693785667419434,0.5394853353500366,-176.61732482910156
73.03179550170898,12.498520374298096,26.760512351989746,-5.1321611404418945,27.915189743041992,0.6997166574001312,10.03274393081665,-3.7965383529663086,-78.31884765625
67.86222839355469,20.443065643310547,26.15505599975586,0.6270325183868408,26.939395904541016,1.9335007667541504,12.228775024414062,-5.433693885803223,-89.50499725341797
93.9192886352539,24.566938400268555,34.07420349121094,19.539152145385746,17.387645721435547,1.239279866218567,5.448073863983154,-5.138221740722656,-59.61413192749024
60.20904159545898,39.17905426025391,28.188962936401367,18.81314849853516,21.413803100585938,-4.000370979309082,11.16030216217041,-2.5582833290100098,-132.1678466796875
123.60816192626953,25.233047485351562,15.041929244995117,-5.654813766479492,13.749598026275635,-4.167329788208008,12.612098693847656,-2.4078391790390015,-111.17176818847656
85.08090209960938,13.572360038757324,25.050567626953125,6.885914087295532,14.695075511932373,1.5795068740844727,10.734884262084961,-4.044950008392334,-120.32776260375977
68.1567268371582,23.484057426452637,23.000170707702637,2.8581528663635254,18.979944229125977,-1.9149075746536255,13.357749462127686,-3.9365264177322388,-92.58212661743164
57.79872512817383,22.86146068572998,32.94110870361328,-1.140812635421753,29.862224578857422,-2.5661230087280273,11.831740379333496,-3.967355966567993,-98.20293426513672
49.13833808898926,-15.935343742370605,47.08167839050293,-7.112339019775391,28.11396598815918,-1.8033769726753235,14.944660186767578,0.4332586526870727,-127.47987747192383
50.32342338562012,23.464999198913574,40.7050666809082,9.390998840332031,15.195716857910156,-0.7059365510940552,15.814804553985596,-2.7480204105377197,-138.3498764038086
49.91181182861328,41.34028625488281,19.82393264770508,14.127445220947266,13.769936561584473,0.5019875168800354,14.147266387939451,-5.040965080261231,-100.47588348388672
73.9287109375,19.57544708251953,31.050064086914062,7.59465217590332,19.777812957763672,-1.7337045669555664,14.142951011657717,-4.190052509307861,-107.35640716552734
52.24208831787109,25.4605770111084,40.6003303527832,3.8972713947296143,25.50383758544922,3.1098380088806152,19.06478881835937,-4.470265865325928,-61.20325469970703
67.96131896972656,26.091023445129395,33.830081939697266,-4.450106620788574,16.153661727905273,-0.5454994142055511,9.954748630523682,-10.452875137329102,-56.75805854797363
57.34073638916016,36.31417846679688,2.70440411567688,8.023895263671875,22.19074058532715,-11.508672714233398,16.58983612060547,-1.2585158348083496,-155.74000549316406
47.468475341796875,59.266977310180664,39.72050094604492,11.084753036499023,24.353260040283203,-9.370203495025635,12.597813606262207,-4.764110565185547,-110.56876754760742
50.23429489135742,25.831035614013672,41.431312561035156,8.667925357818604,21.721582412719727,5.2991979122161865,10.403247833251953,-13.213082313537598,-109.60409545898438
57.41079330444336,8.25975227355957,15.718616485595703,3.909212589263916,18.33895492553711,0.7039892673492432,13.73685073852539,-1.6757864952087402,-50.90751266479492
83.39024353027344,12.48507022857666,25.44640350341797,7.63263201713562,14.675663471221924,-3.518131732940674,7.308144569396973,-7.737074375152588,-55.55735206604004
80.12909698486328,26.596696853637695,34.2767333984375,17.735746383666992,23.02903175354004,0.5230017602443695,12.078154563903809,-3.3995038270950317,-123.22257995605469
76.03538513183594,6.005202293395996,10.745614051818848,4.501061201095581,16.34589385986328,-1.2076983451843262,14.074965953826904,-3.8305912017822266,-60.58616256713867
41.67804145812988,28.619821548461914,34.191978454589844,7.914538383483887,26.439595222473145,1.8598254919052124,18.89332103729248,6.080050468444824,-179.71613311767578
47.31686210632324,39.04237937927246,29.764756202697757,3.260833740234375,26.22420883178711,-6.504082202911377,15.374069213867188,-3.1651679277420044,-90.96996307373047
68.21520614624023,10.99146032333374,37.46323204040527,3.0872697830200195,17.10050106048584,-5.4101338386535645,7.723654270172119,-8.493734359741211,-107.68118286132812
78.98399353027344,11.08311367034912,27.495338439941406,4.529615879058838,2.3495984077453613,-12.383387565612791,9.568849563598633,-6.323671340942383,-53.847930908203125
141.15286254882812,-1.588505744934082,24.90833282470703,7.030747413635254,14.753425598144531,-0.3453045189380646,6.557225227355957,-4.805966377258301,-90.23552703857422
89.4228515625,8.23611831665039,44.927894592285156,8.37756872177124,28.391494750976562,8.359931945800781,17.167033195495605,6.277416706085205,-231.51151275634766
88.21361541748047,24.4677791595459,40.88170051574707,11.036460876464844,29.07388973236084,6.916215419769287,17.22896957397461,3.6035306453704834,-200.6952667236328
76.63356018066406,-26.29146385192871,21.58487319946289,2.0239129066467285,13.73678970336914,-4.475727558135986,11.591124534606934,-4.194400787353516,1.035270929336548
97.71076965332031,35.084716796875,32.75056838989258,-4.653231620788574,23.19209098815918,-2.2799724340438843,10.857733249664307,-3.3284659385681152,-98.07080078125
85.12325286865234,19.05242919921875,49.071075439453125,2.871934652328491,16.32354736328125,-4.937081336975098,9.439810752868652,-5.27147102355957,-109.55571746826172
68.7830581665039,49.00546646118164,43.0927734375,11.224568367004395,25.782435417175293,-5.457297086715698,11.522002220153809,-5.014028072357178,-110.47466659545898
86.31813049316406,10.118532180786133,31.277877807617188,-9.596151351928713,5.392466068267822,-16.065509796142578,14.269718170166016,-10.739745140075684,-72.57421875
66.25213623046875,-27.206321716308597,36.19580841064453,-8.059934616088867,9.343286514282228,-0.9700202941894532,10.562246322631836,-7.688337802886963,19.40301513671875
97.69005584716795,39.29443359375,42.67356872558594,4.108407497406006,15.132989883422852,-10.774815559387209,8.809895515441895,-0.8401322364807129,-135.5152130126953
110.5160903930664,3.9580039978027344,58.20250129699707,4.133732080459595,7.346262216567993,-6.109237194061279,10.010498523712158,4.347061634063721,-191.52898406982422
107.65664672851562,-7.738240242004394,48.45402145385742,-8.358795166015625,35.518924713134766,6.369444370269775,9.805305480957031,9.022327423095703,-139.22186279296875
104.0537109375,15.878046035766602,33.80756759643555,5.974170684814453,33.99361038208008,12.886109352111816,21.413684844970703,12.148564338684082,-234.14720153808597
97.9386749267578,18.817174911499023,29.35142517089844,4.826347351074219,34.509700775146484,11.55038833618164,23.36618423461914,13.169271469116213,-221.7522735595703
64.4769287109375,4.149537563323975,29.264686584472656,-12.659881591796877,20.42215347290039,0.5469703674316406,24.413745880126957,6.189376831054688,13.761456489562988
79.14999771118164,19.402342796325684,40.984724044799805,8.719888687133789,29.80292510986328,8.762033462524414,14.93146800994873,-4.204267978668213,-58.66292190551758
62.727468490600586,-12.125980377197266,21.442779541015625,5.034142971038818,21.285160064697266,-0.19880595058202738,14.948297023773192,-1.320612907409668,-10.801703929901123
152.05030822753906,50.866167068481445,50.45867156982422,16.18019199371338,16.562292098999023,10.84657621383667,6.80606484413147,-1.4567431211471558,-294.4486083984375
41.06588935852051,22.359724044799805,30.26820182800293,-0.630137175321579,8.762228965759277,-15.860336303710938,16.273395538330078,-14.482081890106201,-57.5535831451416
54.86219024658203,12.211084365844728,47.698692321777344,-12.232208251953123,21.37504196166992,-2.3702588081359863,14.613485336303713,-3.4539499282836914,-73.69522094726562
81.46810913085938,2.546509265899658,66.34310913085938,-4.502895832061768,12.678696632385254,-4.223124504089356,5.793856143951416,-5.4666242599487305,-72.67416381835938
64.87003326416016,10.965812683105469,54.00513458251953,2.6711339950561523,13.710670471191406,0.7875698208808899,10.497835159301758,-12.170101165771484,-47.4760971069336
54.413108825683594,58.679025650024414,50.89694595336914,-3.217231869697571,30.768654823303223,-2.5473766326904297,15.97112226486206,-3.016787052154541,-124.56982040405273
38.102657318115234,11.024747848510742,32.75507354736328,-2.721686840057373,21.910255432128903,0.9789479970932008,15.875791549682615,-3.1027255058288574,-8.913484573364258
23.621131896972656,2.8188905715942383,69.27536010742188,-6.7342848777771,17.247127532958984,10.073448181152344,17.74589729309082,-4.56181001663208,-36.55918884277344
120.22954559326172,-6.6600189208984375,35.279903411865234,5.328293800354004,12.47537899017334,6.729467391967773,13.577234268188477,-4.6509108543396,-130.7687530517578
123.11589050292967,18.23211479187012,16.130138397216797,-8.040163040161133,16.422161102294922,-7.754475116729736,12.472041130065918,-5.829741477966309,-38.00115585327149
73.59555053710938,-0.9392122626304626,39.71018981933594,3.678889274597168,32.671180725097656,4.497761249542236,16.963542938232422,1.4761978387832642,-151.66297912597656
36.93040466308594,-9.352734088897705,47.11996841430664,0.11453336477279655,17.51646900177002,-1.395527184009552,14.16057014465332,-6.2152814865112305,-51.546234130859375
81.2210464477539,19.522520065307617,52.42473602294922,14.919140338897705,30.573959350585938,8.29997730255127,15.567554473876953,3.1383259296417236,-180.74681854248047
66.83557891845703,22.033855438232425,40.30078506469727,9.947761535644531,24.639862060546875,2.989908456802368,10.04953670501709,-5.541564464569092,-113.26461791992188
67.19170379638672,0.7794762849807739,13.600594520568848,-0.2271947860717773,15.853937149047852,-7.061735153198242,14.740665435791016,-8.067804336547852,-87.57455444335938
60.63046836853027,26.17144203186035,34.64053726196289,11.274752140045166,21.893001556396484,1.898914098739624,12.740330696105957,-7.112209320068359,-155.33834838867188
72.73414611816406,12.65895938873291,28.1474723815918,0.5769573450088501,18.419414520263672,-2.290223360061645,9.812860488891602,-8.421500205993652,-89.83557891845703
54.096641540527344,18.470890045166016,7.374366760253906,9.318649291992188,26.22201538085937,7.855401039123535,14.411937713623049,-1.872210144996643,-79.52128601074219
39.92792510986328,23.07831382751465,6.35107684135437,8.652214050292969,26.752094268798828,5.911261320114136,14.669432163238525,-2.8097609281539917,-66.14804077148438
71.94308090209961,21.319913864135742,36.769187927246094,-3.853360414505005,17.909626007080078,-6.297184467315674,7.993489742279053,-7.284599304199219,-96.37319564819336
61.79573631286621,-15.114510536193848,20.646846771240234,-18.180463790893555,18.69000244140625,4.025449275970459,15.046950340270996,-6.53015923500061,-128.3186264038086
50.103851318359375,1.6269114017486572,48.241676330566406,3.0374698638916016,28.19681167602539,6.933055400848389,13.599668502807615,-3.161280632019043,-29.30538749694824
65.61459350585938,5.217225074768066,23.36935043334961,-9.945589065551758,27.582918167114254,8.732450485229492,15.271955490112305,-4.764948844909668,-104.2938995361328
57.80118179321289,3.094728946685791,29.420063018798828,-9.218244552612305,20.741552352905277,3.8910672664642334,14.273392677307127,-5.677342414855957,-158.8993682861328
62.70332336425781,20.354644775390625,43.58659362792969,-9.147016525268556,25.002037048339844,1.4824118614196775,18.13011932373047,-2.023626804351806,-45.84855651855469
102.9604263305664,30.38238906860352,26.13378524780273,-15.472177505493164,12.153368949890137,-5.407653331756592,16.575695037841797,-0.8071883916854858,-38.48777770996094
80.04524993896484,-6.0855512619018555,41.86748123168945,-5.609797954559326,33.712533950805664,4.68100643157959,14.05219030380249,2.102648973464966,-30.951841354370117
66.50600814819336,7.397467136383057,46.49742889404297,-0.03156940639019005,24.51273536682129,0.7241838574409485,14.094554901123047,-1.6279951930046082,-49.03556823730469
73.1224365234375,-6.318080902099609,39.28094100952149,-0.4980582594871521,24.166004180908203,3.144636869430542,11.498086929321287,-1.6220371723175049,-89.00699615478516
61.16305541992188,2.524489641189575,23.439319610595703,0.3174208402633667,26.06136512756348,-5.293294429779053,18.23761749267578,-6.372977256774902,-137.30575561523438
77.77542495727539,-5.11206579208374,47.89322090148926,0.8542909324169159,37.148921966552734,0.25932097434997553,16.132817268371582,4.624058723449707,-76.12530899047852
81.86410522460938,5.042135715484619,24.350337028503418,14.08236026763916,19.703189849853516,2.1087522506713867,7.777349472045898,-3.1023675203323364,-87.77609634399414
68.60555267333984,25.62589454650879,36.97285270690918,1.5756298899650574,25.420865058898926,-4.287379264831543,7.9708311557769775,-5.7673563957214355,-110.50509262084962
75.19223022460938,9.097956657409668,36.025381088256836,6.42000150680542,16.825931549072266,-2.464676260948181,14.741789817810059,-3.9473239183425903,-112.42385864257812
60.37279510498047,1.981095790863037,49.37560272216797,15.13459587097168,27.29082489013672,9.708158493041992,15.75143051147461,0.6729249954223633,-141.8153533935547
101.86283111572266,3.756196141242981,38.48353385925293,1.5149282217025757,22.753765106201172,1.7017298340797424,10.913780689239502,-2.52103054523468,-145.9920196533203
83.5113296508789,6.76917839050293,30.18495178222656,4.552821159362793,22.23577308654785,-1.835965871810913,13.44880485534668,-6.3497314453125,-69.56157684326172
77.25022888183594,-16.296144485473633,34.455604553222656,-1.043603539466858,14.9371337890625,-2.180310010910034,9.503097534179688,-3.818109035491944,-6.554452419281006
102.95938110351562,1.770960569381714,40.092323303222656,12.353078842163086,21.15857315063477,-1.000870704650879,7.346430778503418,-0.4405510425567627,-140.262939453125
75.76274871826172,-3.836301326751709,13.537152290344238,-1.8033639788627625,14.227950096130371,-1.195710837841034,7.561347246170044,-6.99476170539856,-44.34523391723633
56.84694290161133,1.3342201113700867,13.746053695678711,-3.16827130317688,16.041831970214844,-3.005610942840576,9.554154872894287,-6.7269861698150635,-14.574385166168215
85.2578125,4.408158540725708,41.222219467163086,-10.515065670013428,27.584077835083008,-1.4147297739982605,13.369774341583252,-0.3527389019727707,-85.2427978515625
104.1906280517578,-6.166790008544922,30.876502990722656,10.033258438110352,17.985992431640625,6.04538631439209,14.927556991577148,-5.080684661865234,-58.99433898925781
80.69263458251953,17.909543991088867,28.051664352416992,22.071992874145508,12.328042030334473,13.86202621459961,14.444080829620361,-4.671935081481934,-95.78784942626955
80.92246627807617,-12.012325286865234,31.56720733642578,-14.571056365966797,18.324813842773438,-2.015260696411133,10.31363582611084,2.025781273841858,-113.5688247680664
90.01476287841797,17.8394718170166,23.03536319732666,5.265183687210083,21.33624839782715,-3.3707621097564697,11.010749816894531,3.0690382719039917,-132.89060974121094
83.64214706420898,10.797234535217285,55.28409767150879,18.276203155517578,17.613813400268555,-3.3688368797302246,12.196160316467285,-1.916752278804779,-109.01845932006836
68.39569854736328,-21.9133415222168,43.79890441894531,15.894857406616213,32.00660705566406,11.140316009521484,21.081707000732425,10.54169464111328,-200.97520446777344
94.0103874206543,32.96470832824707,72.56805801391602,27.061909675598145,6.656080961227417,13.886697292327883,7.911564350128174,14.175165176391602,-245.28812408447266
159.70250701904297,29.039329528808594,27.279356002807617,14.197783946990967,16.695186614990234,15.972941398620605,6.589076995849609,-0.795606255531311,-294.87730407714844
125.5958480834961,22.38907241821289,25.6823787689209,13.87589693069458,24.48023223876953,17.619505882263184,11.32658576965332,6.154078483581543,-296.9752960205078
93.48538208007812,13.94900131225586,51.556427001953125,16.60130500793457,16.265182495117188,-3.695497989654541,11.97519302368164,6.500022411346436,-165.95082092285156
78.25132751464844,-0.2891329526901245,33.56722640991211,4.342201232910156,19.06661605834961,3.772618532180786,12.436260223388672,-2.9668996334075928,-184.3101959228516
164.48269653320312,30.536121368408203,39.13519287109375,19.29570770263672,19.62249755859375,11.152055740356444,6.388068675994873,3.668323278427124,-299.4623413085937
84.72998046875,31.110727310180664,42.302059173583984,24.02921295166016,33.159507751464844,13.075920104980469,17.726871490478516,8.274580955505371,-276.35894775390625
94.87899780273438,-7.559065818786621,25.24510383605957,9.522211074829102,27.223783493041992,0.6317593455314636,17.242131233215332,-4.30339789390564,-140.22972106933594
91.52624130249023,15.922815322875977,22.098997116088867,-24.785158157348633,7.069736003875732,-7.318432331085205,12.300363063812256,-5.69146203994751,-59.60310173034668
97.34784698486328,8.139248847961426,29.168174743652344,-15.382551193237305,22.329086303710938,0.0,13.816890716552734,-0.5799844264984131,-120.2002410888672
99.68354034423828,37.81943893432617,21.630671501159668,-4.3455023765563965,18.3790454864502,-4.545480489730835,4.664198637008667,-6.055974721908569,-114.62519073486328
96.95828247070312,7.840400218963623,17.492246627807617,11.735158920288086,21.021316528320312,-1.9996204376220703,16.291614532470703,-2.261408805847168,-119.88865661621094
104.5826644897461,41.86320495605469,26.449073791503903,-7.839780807495117,15.88666534423828,-11.430728912353516,5.39811897277832,-4.711582183837891,-172.09329223632812
79.45307159423828,6.833455562591553,29.344945907592777,-0.1683728992938995,19.826265335083008,-7.178583383560181,9.80921745300293,-10.179438591003418,-89.16169738769531
71.44060516357422,11.159224510192873,18.96975517272949,15.84400749206543,21.360916137695312,3.710658550262451,15.228588104248049,2.4904119968414307,-77.97711944580078
134.55120849609375,2.7392802238464355,22.510150909423828,-4.723126411437988,28.19925308227539,1.9466875791549685,6.174619674682617,-5.925174713134766,-51.60760116577149
55.63264465332031,44.27460861206055,37.03956604003906,7.032732009887695,20.941524505615234,-2.070073127746582,14.775711059570312,-4.110870838165283,-116.97703552246094
73.38580322265625,5.892660140991211,18.70773983001709,-6.055906295776367,17.43995761871338,0.26340489089488983,10.312694549560547,-7.5530500411987305,-11.557766437530518
70.37260437011719,5.056476831436157,23.812618255615234,-6.340163707733154,36.59162712097168,3.357303261756897,8.961138725280762,-12.446135997772219,-77.56407165527344
100.31195068359374,10.168601036071777,25.91312026977539,-16.452019691467285,16.685952186584473,-1.6233406066894531,11.035706996917725,0.525122195482254,-57.65047645568848
101.16569519042969,-12.074732780456543,25.08895206451416,4.183074951171875,20.151586532592777,-1.7822542786598206,14.922547817230225,-2.9808969497680664,-27.175143241882324
99.65699768066406,3.631625175476074,47.40459060668945,-14.27194595336914,14.677953720092772,-7.263920783996582,10.114426612854004,-9.391448974609377,-70.81278991699219
92.79139709472656,-4.769232749938965,29.274532318115234,-19.065336227416992,26.253498077392575,-1.154296875,6.002185821533203,-2.089414596557617,-23.389694213867188
109.09342956542967,-5.689665794372559,40.251224517822266,1.1028772592544556,24.32836532592773,0.5647356510162354,7.873268127441406,-4.784749507904053,-110.2547378540039
89.77156829833984,25.025440216064453,37.71786880493164,-4.490716934204102,20.04551696777344,-3.224484920501709,18.072139739990234,-2.050879955291748,-81.93033599853516
68.41746520996094,26.964920043945312,22.046253204345703,-0.0145227313041687,19.088790893554688,-7.102333068847656,5.499214172363281,-9.698335647583008,-66.81086730957031
63.90452575683594,22.958511352539062,16.678226470947266,7.825922012329102,23.513904571533203,-3.1734871864318848,11.475224494934082,-3.231659173965454,-106.80606079101562
79.01704406738281,20.21077537536621,16.994155883789062,7.257549285888672,22.75904083251953,-5.315523624420166,11.664923667907717,-3.45460057258606,-104.50127410888672
82.08287048339844,4.451887607574463,41.908992767333984,-26.82494735717773,18.102344512939453,-12.48159885406494,5.616718292236328,-7.950748443603516,-9.103290557861328
77.54204177856445,18.740461349487305,35.82213592529297,0.0,23.953179359436035,0.0,8.9231858253479,0.0,-192.1058807373047
58.95376205444336,37.83452606201172,35.445274353027344,17.999099731445312,30.50879669189453,-9.599778175354004,21.76744842529297,-4.17385196685791,-206.24264526367188
60.23255920410156,4.622461557388306,44.737932205200195,5.839843273162842,27.9622802734375,3.6545231342315674,15.618257522583008,-1.4747861623764038,-98.45457077026367
50.76128005981445,20.86753845214844,40.90161895751953,7.806862831115723,21.766231536865234,4.2227067947387695,13.87454319000244,-4.625745296478272,-126.21446990966795
40.303340911865234,16.008455276489258,41.05683517456055,-14.619665145874023,20.84128189086914,-3.78388261795044,15.573779106140137,-3.263617038726806,-77.1507797241211
68.51360702514648,-28.608607292175293,47.44977569580078,-15.9408860206604,11.395885467529297,0.7463672757148743,14.164794921875,-2.5611460208892822,-12.16572093963623
68.78667068481445,11.599469184875488,30.296524047851562,-8.14673376083374,35.89232635498047,-10.9322509765625,13.280599594116211,-1.805933475494385,-107.79876327514648
63.42584228515625,10.688465118408203,36.38199234008789,-5.730810165405273,34.92828750610352,4.683102607727051,15.64979076385498,5.429152488708496,-149.8501434326172
92.3938102722168,52.17132568359375,16.51138687133789,5.5187907218933105,29.829065322875977,9.823003768920898,14.569267272949219,4.000531911849976,-266.3435516357422
58.25729370117188,32.53041076660156,45.170013427734375,10.555267333984377,29.620960235595703,10.731103897094728,15.210119247436523,1.5801336765289309,-180.0841522216797
46.217376708984375,5.264910697937012,29.323095321655277,4.086614608764648,23.743852615356445,8.184032440185547,6.824819564819336,-5.050031661987305,-111.33990478515624
88.17170333862305,34.831016540527344,39.96650695800781,-10.079614639282227,27.548114776611328,1.4279396533966064,5.5751636028289795,-7.278359651565552,-92.03511428833008
184.1139373779297,-26.88473129272461,47.68017959594727,-9.096967697143556,8.347250938415527,-7.568192958831787,0.9171674251556396,-4.479343414306641,-174.04090881347656
140.1240692138672,-0.9425379633903503,28.65549659729004,-8.651999473571777,26.917802810668945,-10.144748210906982,14.138086795806885,-4.498538970947266,-158.93506622314453
92.45267486572266,29.94493293762207,19.20580768585205,-5.567275524139404,24.061997413635254,7.369553089141846,3.5931726694107056,-8.295245170593262,-127.42755508422852
31.049434661865234,20.353317260742188,46.75089263916016,-1.4695812463760376,41.28927612304688,-2.630831241607666,19.77642822265625,-4.678107261657715,-103.82318115234376
69.08975219726562,2.3229758739471436,41.42046356201172,-2.423164129257202,25.54912281036377,2.7634154558181763,13.856590270996094,-5.73906683921814,-103.4333381652832
63.99174118041992,19.384084701538086,25.852840423583984,-5.869894981384277,34.0008430480957,-2.903629779815674,13.465600967407227,-6.379940032958984,-93.42010498046875
84.69219589233398,-23.65026569366455,41.991254806518555,-15.008700370788574,10.630374908447266,-6.535174369812012,10.894861221313477,-5.209935188293457,-93.84631729125977
91.87799072265624,43.52782440185547,66.56700134277344,15.557794570922852,36.84441375732422,7.009471416473389,12.95032024383545,-2.3577301502227783,-224.88015747070312
100.19027709960938,35.66614532470703,69.4715576171875,13.70106315612793,36.775299072265625,6.297206401824951,12.37663745880127,-3.362844467163086,-229.89358520507807
80.69119262695312,30.63917732238769,54.32478332519531,17.21477699279785,30.361425399780277,8.742011070251465,12.354862213134766,-3.715271472930908,-184.42218017578125
21.206069946289062,20.298566818237305,29.59531021118164,-8.317647933959961,30.80116081237793,-3.233820915222168,20.77391242980957,-7.709791660308838,-132.3213653564453
51.66484832763672,-1.9456167221069336,30.14037322998047,16.94528579711914,24.051502227783203,1.8353193998336792,12.336803436279297,-1.9157170057296755,-70.01962280273438
42.07295608520508,-2.188802719116211,28.788227081298828,16.39971923828125,22.79281616210937,0.9876925945281982,13.036842346191406,-2.014493942260742,-73.21597290039062
73.6986083984375,-26.67327117919922,38.38008499145508,-17.35620880126953,16.148223876953125,-1.9938780069351194,13.82348108291626,-5.348121166229248,-71.71016311645508
76.63359451293945,30.687437057495117,41.69387435913086,2.5666650533676147,24.379676818847656,1.9314177036285398,11.385307312011719,-7.541743755340576,-131.6025390625
88.41644287109375,-3.134033203125,28.63998794555664,-0.3574245572090149,23.1180419921875,4.76069974899292,13.52203369140625,-4.590230941772461,-94.3266143798828
67.74935913085938,-5.016534805297852,49.43136596679688,-1.0956990718841553,25.524803161621094,5.673035144805908,13.479902267456056,0.8824446201324463,-36.29059982299805
61.25727844238281,39.557987213134766,27.625089645385746,-4.384816646575928,26.016002655029297,-7.425318717956543,12.27055549621582,-5.692139625549316,-49.39408874511719
83.0496940612793,23.58353614807129,42.33840370178223,3.177828073501587,26.741467475891113,3.054335355758667,14.191614151000977,-2.7031941413879395,-131.39966583251953
50.69151306152344,-13.780159950256348,26.39008331298828,1.9506515264511108,32.683204650878906,11.954330444335938,17.08165740966797,-4.732566833496094,-123.64013671875
42.76049995422363,-6.755018472671509,49.87675857543945,2.151552200317383,36.220468521118164,8.874280452728271,14.16279411315918,-1.542067050933838,-113.71959686279297
54.268510818481445,18.73418617248535,37.965667724609375,5.05575704574585,24.792290687561035,2.3063219785690308,14.474596500396729,-6.210896253585815,-91.86384582519531
49.533416748046875,29.54881191253662,41.32624053955078,11.125900268554688,38.061960220336914,14.16528606414795,24.133970260620117,4.507887840270996,-83.55374908447266
85.59661102294922,-8.995960712432861,24.809597969055176,-2.7878990173339844,27.789674758911133,-1.33591228723526,13.857877731323242,-1.4394411444664001,-114.41569519042969
35.92095184326172,19.948745727539062,46.767799377441406,4.724435329437256,32.95602035522461,3.212435245513916,17.126201629638672,2.0847835540771484,-106.61882781982422
61.74803924560547,22.433090209960938,28.474045753479004,8.024152755737305,19.847660064697266,4.846850633621216,13.927365779876709,-5.253525972366333,-35.170772552490234
82.48335266113281,-19.58004570007324,22.96958351135254,-9.244003295898438,17.28962516784668,-2.2117340564727783,12.461746215820312,-1.387812256813049,-70.64634704589844
64.38810729980469,2.312917709350586,21.32209014892578,-9.857110023498535,26.028419494628903,-3.5801010131835938,18.549467086791992,-0.0517759323120117,-82.40028381347656
62.68022155761719,-13.461592674255373,29.679929733276367,-4.556373596191406,24.290695190429688,3.638903617858887,18.340476989746094,0.7387790679931641,-92.81855010986328
63.48895263671875,17.150043487548828,35.344581604003906,-7.5858869552612305,22.71523666381836,2.9898481369018555,9.596712112426758,-4.628209590911865,-87.53559875488281
65.96395492553711,3.967814326286316,30.943758964538574,-4.576091289520264,22.859453201293945,11.05250358581543,15.192259311676025,0.00746221374720335,-133.33306884765625
62.54724884033203,4.49015998840332,31.56835174560547,-3.3478217124938965,23.18536376953125,8.831060409545898,14.30307388305664,-0.4032112061977386,-119.69732666015624
93.16412353515624,10.056827545166016,39.85002136230469,6.139173984527588,32.410099029541016,8.270963668823242,13.247995376586914,-5.249579429626465,-172.78219604492188
28.1783447265625,42.67003631591797,46.7088508605957,12.534868240356444,27.357179641723636,1.3538378477096558,12.70665168762207,-5.404745578765869,-168.3267822265625
78.59687042236328,-0.5950896143913269,12.215942859649658,-23.25676155090332,24.40765953063965,0.32759740948677063,9.521448612213135,-7.470578908920288,-107.28335571289062
35.76105499267578,-0.9989911317825316,51.40581512451172,2.391084909439087,32.4075927734375,5.015608310699463,14.371138572692873,-0.3756732940673828,-85.44294738769531
75.84159469604492,-15.207337379455566,23.203999519348145,-5.479468584060669,27.576557159423828,2.156903386116028,10.81806230545044,-4.056880474090576,-86.95789337158203
107.17351531982422,8.484280586242676,30.942371368408203,-3.887039184570313,16.55678939819336,0.1231505870819091,10.018287658691406,-4.339062213897705,-103.6508331298828
96.80496215820312,0.8038944005966187,38.41822052001953,-6.192464828491211,1.057665228843689,-13.914087295532228,5.500698089599609,1.3227472305297852,-103.38652801513672
104.9798355102539,24.184229850769043,2.879350781440735,-0.46770441532135004,27.889049530029297,5.002696514129639,13.55901288986206,-5.535850524902344,-128.66619873046875
67.58942413330078,-14.171810626983643,45.74005126953125,6.598924398422241,12.845300674438477,5.470979690551758,14.522031784057617,-2.8800771236419678,-107.27447128295898
67.30796813964844,-5.473633289337158,33.056358337402344,-19.30075454711914,28.22895050048828,0.2819134593009949,16.334369659423828,-1.2497317790985107,-90.55322265625
87.88167572021484,-0.2289807796478271,7.430420875549316,-2.187440037727356,25.87057399749756,-3.151344418525696,13.650137901306152,-9.55454683303833,-86.99982070922852
66.14505004882812,19.983642578125,28.609373092651367,-0.3220376074314117,32.70804977416992,-0.5258288383483887,17.75776195526123,-3.589224338531494,-65.30684661865234
33.38250732421875,-10.771815299987793,35.84494590759277,13.864612579345703,31.885883331298828,10.923007011413574,19.57261562347412,-0.9094688296318054,-66.08464050292969
76.8277816772461,-0.4199531078338623,9.37544059753418,-22.667272567749023,22.247188568115234,-0.8593215346336365,8.524456024169922,-9.324121475219728,-117.67352294921876
74.76316833496094,19.928489685058597,32.027381896972656,5.726161956787109,20.782888412475582,6.348906517028809,13.43471336364746,-2.045088768005371,-43.5601806640625
38.79115867614746,-0.5063143372535706,39.30384635925293,-5.518913269042969,25.714956283569336,-3.5007853507995605,8.078284740447998,-7.350986480712891,-50.497798919677734
144.8235855102539,-37.53122329711914,31.053916931152344,-14.909137725830078,11.757537364959719,-8.217511653900146,-4.045084238052368,-5.7462944984436035,-147.35782623291016
47.25500297546387,-4.069201350212097,37.17106056213379,-10.181592464447021,25.385781288146973,0.5173569917678833,10.378934860229492,-4.263427734375,-125.42316055297852
39.46623992919922,8.597095489501953,65.06834411621094,-7.414888381958008,28.96857070922852,1.4853253364562988,13.657430648803713,-2.008692979812622,-21.258459091186523
53.72299575805664,-4.238751173019409,37.918148040771484,4.955819606781006,26.94028091430664,-1.2325772643089294,16.241989135742188,1.8093572854995728,-134.92088317871094
65.97836303710938,16.865520477294922,44.34749221801758,5.006975173950195,31.12797737121582,2.285042285919189,13.96643352508545,-1.749961495399475,-111.17830657958984
66.97758483886719,9.702519416809082,30.236099243164062,-6.532445430755615,8.038213729858398,-11.260241508483888,8.29073429107666,-5.9445319175720215,-139.0927276611328
59.87154579162598,12.23456859588623,47.092018127441406,-2.5054166316986084,27.542640686035156,-1.584646463394165,17.03983211517334,-2.9824398756027226,-125.88413619995117
50.99999237060547,11.915696144104004,45.58494567871094,-0.8959749341011047,27.626853942871094,-0.363225519657135,16.95796775817871,-3.563490152359009,-131.77020263671875
83.64599609375,-18.52825164794922,11.01005744934082,-11.791202545166016,15.800342559814451,5.766266345977783,6.454275608062744,-5.8656511306762695,-21.3411808013916
40.35258483886719,-42.74319839477539,29.67131805419922,-4.542566299438477,18.85032367706299,3.0397701263427734,16.866924285888672,-1.029446005821228,-86.59774017333984
53.5185661315918,-19.476856231689453,32.47821807861328,-0.6542639136314392,5.850983619689941,-4.414100170135498,4.509187698364258,-10.249086380004885,-41.37160873413086
70.59226989746094,-28.819927215576172,-2.6620508432388306,6.824522256851196,4.182652950286865,-0.05845608748495575,18.258983612060547,-0.046288385987281744,-144.3199005126953
90.91379928588867,-4.3730597496032715,29.324938774108887,10.058968544006348,32.57203483581543,0.7222541272640228,9.659528732299805,-6.836463212966919,-40.911476135253906
97.45491409301758,45.92045211791992,40.24853515625,-3.2347209453582764,22.480331420898438,-0.14533691108226776,9.37188720703125,-2.342527389526367,-164.5570297241211
81.0802993774414,17.5281925201416,29.52415657043457,2.472654700279236,23.337282180786133,-5.089621543884277,17.373003005981445,-5.7679736614227295,-129.7424774169922
74.39964294433594,7.646756172180176,19.575008392333984,0.4427337497472763,17.894219398498535,-4.912633180618286,13.249189853668213,-8.586172103881836,-85.36167907714844
46.09574890136719,19.757341384887695,11.932010650634766,2.0075934529304504,17.23414707183838,6.442561626434326,14.649277687072754,-3.477986693382263,-100.52910232543945
101.27133178710938,1.9907630681991577,31.00361919403076,-1.8800690174102783,23.100059509277344,-5.71608567237854,12.147244930267334,1.572287142276764,-85.8016242980957
59.10659217834473,-10.626087188720703,37.30681610107422,-9.583304405212402,16.92885971069336,-8.71928358078003,10.018054485321045,-9.054339408874512,-117.77791976928711
77.76086044311523,26.72760772705078,39.94163131713867,-1.298175573348999,17.593985557556152,-5.739047527313232,16.73175048828125,-5.722456693649292,-132.5489273071289
79.40863800048828,20.09032821655273,20.97982406616211,0.206318974494934,21.013731002807617,-9.219916343688965,11.19247055053711,-8.407222747802734,-115.82953643798828
101.63360595703125,8.462677478790283,21.621277809143066,4.047408580780029,17.220698356628418,-1.341034173965454,11.317362785339355,-7.892842531204224,-171.3554229736328
133.9830322265625,-26.982467651367188,28.54454231262207,0.3631700277328491,7.069821834564209,-0.5878732204437256,4.063498973846436,-3.231863021850586,-203.83531188964844
106.96890258789062,-5.704648494720459,24.85369682312012,-0.793175995349884,5.453299045562744,-4.968689918518066,6.479182720184326,-6.42096757888794,-164.46160888671875
101.22738647460938,-13.880369186401367,19.092952728271484,-7.3697991371154785,0.6422359943389893,-9.860380172729492,5.019043445587158,-10.078729629516602,-172.26150512695312
51.513160705566406,-4.569703578948975,20.664082527160645,-10.604777336120605,10.158236503601074,-8.159269332885742,10.5947585105896,-8.345224380493164,-117.56558227539062
100.9858856201172,24.29141616821289,19.19547271728516,6.4810943603515625,10.975507736206056,-4.858283996582031,14.188873291015623,-3.911224842071533,-130.23373413085938
61.16664123535156,14.582636833190918,36.605560302734375,10.145986557006836,12.344282150268556,-5.260839462280273,11.568227767944336,-3.383744478225708,-117.61048126220705
68.69342041015625,48.54729461669922,47.59043884277344,0.3611525297164917,19.51895523071289,-0.3877307176589966,12.238587379455566,-1.0294736623764038,-141.25466918945312
87.11164855957031,19.360050201416016,31.80162811279297,4.958553791046143,11.277706146240234,-5.35754919052124,13.55866813659668,-2.9479317665100098,-87.28296661376953
63.39999008178711,3.0116829872131348,24.397296905517575,-2.53402042388916,14.575353622436523,-5.700946807861328,13.223896980285645,-5.762621879577637,-110.74420166015624
56.95980644226074,9.333721160888672,32.652578353881836,5.67674446105957,20.75857448577881,-4.207246780395508,14.090983867645264,-4.908536434173584,-63.11410140991211
71.63589477539062,1.4505114555358887,22.362476348876957,-3.0293259620666504,15.6871657371521,-7.9233314990997314,11.668536186218262,-9.833960056304932,-75.14220809936523
56.45782279968262,-2.9360932111740112,25.994542121887207,-3.5119131803512573,21.973421096801758,0.7501001954078674,11.917618751525879,-5.948573112487793,-84.4565544128418
57.880977630615234,9.562763214111328,17.283023834228516,-1.5496196746826172,18.776575088500977,-0.0861576795578002,10.72532081604004,-5.341230869293213,-90.98432159423828
72.54435348510742,3.0230270624160767,31.638402938842773,6.535484790802002,11.303208827972412,-3.0774035453796387,12.882136344909668,-5.136859893798828,-142.909423828125
50.658599853515625,-9.94993782043457,44.21281433105469,10.028635025024414,26.69395065307617,3.6295151710510254,19.19404983520508,2.441317558288574,-99.78787231445312
68.2151870727539,-2.0825581550598145,35.26041603088379,6.386509895324707,23.120573043823242,-9.814935684204102,5.606611728668213,-4.494227409362793,-71.93132781982422
98.66679763793945,4.580434799194336,27.07386016845703,-7.891512870788574,18.91407585144043,-5.1482908725738525,16.561589241027832,-4.647811651229858,-153.2955093383789
83.3565673828125,1.5076262950897217,32.83127212524414,10.755365371704102,18.225927352905277,7.447030067443848,17.95953941345215,-1.5674233436584473,-135.52706909179688
85.8203239440918,23.879140853881836,37.09116554260254,6.219025135040283,23.016326904296875,0.6766645312309265,6.91197943687439,-7.067962169647217,-98.36821746826172
89.33384704589844,0.5784826278686523,37.19666290283203,7.11778450012207,19.231914520263672,0.1310309171676635,7.754915237426758,-3.778753042221069,-202.88412475585935
66.45106506347656,20.902971267700195,35.417110443115234,9.087762832641602,29.62816047668457,-0.079035997390747,14.744218826293944,-7.582179546356201,-89.34478759765625
87.32977294921875,23.36738967895508,20.23442840576172,8.2880859375,30.0788516998291,1.2715694904327393,16.42413902282715,0.0855278074741363,-156.45263671875
101.39234161376953,11.809836387634277,27.83966636657715,7.0418548583984375,13.823523998260498,-0.9216710031032562,12.045480728149414,-10.759074211120605,-117.10213470458984
69.87312316894531,4.968810081481934,37.37556457519531,13.793619155883787,23.906383514404297,-7.500887870788574,15.186963081359863,0.0010852515697479,-173.17308044433594
110.98004531860352,-21.64840602874756,30.56211757659912,54.8293571472168,32.199764251708984,6.654979228973389,4.7477803230285645,0.989887148141861,-272.36732482910156
111.99143600463867,-27.535830497741696,17.41356086730957,7.61098575592041,19.040722846984863,0.49253934621810913,17.205595016479492,1.5490727424621582,-79.85140609741211
43.395652770996094,-11.917232513427734,70.7064208984375,3.739778757095337,35.067405700683594,1.5687172412872314,14.081347465515137,3.1982431411743164,-184.7627410888672
31.658863067626957,49.23112487792969,25.756851196289062,25.10019302368164,23.41307640075684,7.006195068359375,23.25292587280273,-4.957315444946289,-185.94639587402344
57.19216537475586,18.61789321899414,40.65563774108887,18.463977813720703,22.753955841064453,18.34333610534668,17.553221702575684,10.139605522155762,-186.4275131225586
105.3873519897461,23.99816131591797,27.17737579345703,8.069881439208984,15.484904289245604,11.373064994812012,20.61418342590332,13.620444297790527,-307.2596130371094
83.72908782958984,9.721572875976562,46.618751525878906,17.291622161865234,31.4052677154541,11.904693603515623,14.253332138061523,8.352560997009277,-292.8907165527344
59.354806900024414,41.28537368774414,39.08753967285156,-3.1677498817443848,22.68468475341797,-2.540535569190979,17.512062072753906,-2.9850398302078247,-167.4360122680664
39.652793884277344,15.688992500305176,35.77628707885742,34.09975814819336,30.47690200805664,14.74098300933838,27.66818618774414,9.481573104858398,-206.1767578125
90.2387237548828,5.964569091796875,37.311614990234375,19.340791702270508,28.821680068969727,15.02999496459961,17.657611846923828,9.017253875732422,-254.45201110839844
109.42805862426758,-4.132733345031738,31.913537979125977,57.41134262084961,32.32794761657715,7.032565355300903,5.080008268356323,1.3237963914871216,-320.69140625
80.13650512695312,-0.8419707417488098,34.90962219238281,20.45462417602539,32.160308837890625,13.304237365722656,19.285831451416016,4.819597244262695,-223.4370880126953
68.78749465942383,3.4250245094299316,44.558902740478516,15.963235855102539,24.076610565185543,17.60764503479004,19.07637882232666,11.420541286468506,-143.58679962158203
70.43385314941406,18.740821838378903,17.165815353393555,16.257232666015625,15.50222396850586,2.179982662200928,12.899930953979492,-4.034436702728272,-130.63241577148438
90.14073181152344,-0.3356307744979858,70.39331817626953,10.804426193237305,23.377220153808597,1.992783069610596,14.258819580078123,3.3636810779571533,-114.25755310058594
88.68889617919922,17.764806747436523,24.517433166503903,-1.8344275951385496,10.693120956420898,-5.45060396194458,9.248403549194336,-6.598826408386231,-80.00908660888672
59.10358428955078,36.38164520263672,27.404125213623047,-1.6312255263328552,15.242958068847656,-0.42849864065647125,15.494847297668457,-6.049924373626709,-166.28386688232422
65.56534957885742,22.535022735595703,36.01175498962402,-2.4696866273880005,18.707900047302246,-3.2703306674957275,16.095704078674316,-11.45201587677002,-151.9843521118164
58.255889892578125,25.047025680541992,12.52592658996582,-2.5417635440826416,23.747326850891113,-4.720878601074219,12.250286102294922,-5.006899356842041,-178.62288665771484
81.2780990600586,-10.021890640258787,25.766159057617188,3.714472770690918,15.028762817382812,-0.3636806011199951,12.351204872131348,-9.238022804260254,-103.6361846923828
69.90203857421875,1.9626731872558596,47.11661911010742,-0.7220042943954468,27.392126083374023,-2.875354290008545,16.601987838745117,-6.40331506729126,-134.05731201171875
46.36759567260742,22.542930603027344,34.0651969909668,9.34575653076172,14.640522956848145,2.707884788513184,15.011590957641602,-7.718593597412109,-127.19277954101562
101.02837371826172,15.617734432220459,22.343994140625,-4.871030807495117,17.919782638549805,3.6831774711608887,11.100786685943604,-5.644100189208984,-99.82917785644531
93.93670654296876,13.847417831420898,45.7362060546875,0.2463157474994659,17.280960083007812,-7.736434459686279,8.953518867492676,-3.919997453689575,-145.10678100585938
88.77957153320312,4.9168524742126465,29.855143547058105,7.0606889724731445,18.097841262817383,1.617099106311798,8.768827438354492,-6.085205078125,-146.75820922851562
54.06198501586914,18.439041137695312,56.2972297668457,7.438702583312988,24.13966941833496,12.427796363830566,22.55779838562012,9.127459526062012,-207.8374938964844
64.08530807495117,10.6054105758667,59.814279556274414,12.01666784286499,34.54537582397461,0.29679664969444275,17.817869186401367,-0.13695663213729853,-111.01343154907227
52.92207908630371,15.579673767089844,61.778568267822266,13.70682668685913,36.27986717224121,1.4403244256973267,17.909249305725098,-0.5454823970794678,-213.17921447753906
90.2667350769043,6.240781307220459,32.700408935546875,-7.997826814651489,14.339135646820068,-3.8799729347229004,5.921979665756226,-6.2108540534973145,-148.22149658203125
84.81097412109375,-6.633563995361328,32.20438003540039,-2.8041763305664062,9.332395553588867,4.9265241622924805,10.129682540893556,-11.122152328491213,-139.38861083984375
53.58127975463867,3.6232713460922237,35.14705276489258,0.12782874703407282,20.883472442626953,2.3536702394485474,14.86414098739624,-7.426835298538208,-89.99655532836914
59.39280319213867,3.311161994934082,36.00926971435547,-1.4172861576080322,19.02936172485352,-2.054211378097534,13.294504165649414,-7.290715217590332,-126.28421020507812
51.096954345703125,5.020565032958984,38.16296005249024,-0.3756223917007446,19.536815643310547,0.0281183123588562,10.253328323364258,-8.62121868133545,-93.62740325927734
73.05150985717773,-5.162412166595459,27.323095321655273,5.372549533843994,19.391106605529785,-5.195762634277344,10.39125919342041,-4.6541502475738525,-88.27321243286133
83.11935424804688,-13.879505157470703,18.921037673950195,-9.335691452026367,4.544843673706055,-20.75228881835937,-0.1296987533569336,-19.58442497253418,-144.77389526367188
114.72183227539062,33.611412048339844,11.945974349975586,2.029403686523437,4.715972423553467,-0.9098719954490662,9.846879959106444,-0.0500596761703491,-241.3795928955078
63.68185806274414,16.118006706237793,29.76263427734375,11.336624145507812,22.06154155731201,5.257807493209839,7.5002264976501465,-2.1200027465820312,-168.9537124633789
89.16378784179688,45.96495819091797,23.646034240722656,-3.26008939743042,16.15086555480957,-5.236062049865723,12.709723472595217,-5.503057479858398,-157.96568298339844
112.05304336547852,35.36460494995117,31.745811462402344,10.104153633117676,10.574614524841309,-0.40463316440582275,8.92512321472168,-2.2821484804153442,-177.32884979248047
68.53500366210938,12.183731079101562,25.120052337646484,-1.4917333126068115,21.561603546142575,-7.894405364990234,7.692502975463867,-1.0209366083145142,-100.3437042236328
66.95106506347656,12.050508499145508,32.36585235595703,10.64785861968994,20.990650177001957,-0.5298752188682556,15.43388557434082,-0.3348867893218994,-172.24424743652344
60.75529479980469,15.660903930664062,24.595123291015625,4.830355644226074,23.292875289916992,-0.5695577263832092,15.03393268585205,-3.16843843460083,-137.33572387695312
61.90789604187012,-19.733946800231934,33.53887939453125,8.965650081634521,13.194075107574463,-2.6045225858688354,10.032106399536133,-4.694051265716553,-91.73799896240234
35.59926223754883,-20.52000904083252,29.918500900268555,0.9960189163684845,17.242732048034668,-4.290399074554443,13.72518539428711,-3.1352416276931763,-98.22544479370117
68.46327209472656,4.858459711074829,35.51350402832031,-1.1921465992927551,26.242568016052246,4.762462377548218,19.466571807861328,-0.24359756708145142,-101.83838272094727
42.281700134277344,-3.820624828338623,25.253314971923828,23.224044799804688,18.42772674560547,-2.042027950286865,13.92682933807373,6.0457963943481445,-180.091552734375
129.8675308227539,28.377241134643555,8.326966285705566,-1.9936018586158752,20.129849433898926,0.5511654615402222,0.16568607091903687,0.55443075299263,-200.3968963623047
162.34107208251953,28.075282096862793,28.670506477355957,7.29924201965332,5.540089130401611,-3.6255664825439453,3.712876558303833,1.0500783920288086,-175.15056610107422
88.92455291748047,14.995612144470215,16.377429962158203,15.502068042755127,34.5388298034668,-8.98245620727539,14.310218334197998,-6.166507959365845,-171.1097869873047
101.79035949707033,9.195545196533203,37.413516998291016,-2.7934834957122803,32.783409118652344,1.0835305452346802,14.72933864593506,-0.3043435215950012,-150.93646240234375
99.73632049560548,12.499677658081055,23.32278537750244,-5.479626417160034,11.456934452056885,-5.069722414016724,4.255486488342285,-3.572370409965515,-89.3582763671875
89.3830795288086,4.979994773864746,28.649069786071777,2.1425483226776123,14.502614974975586,-1.9250471591949463,8.896344184875488,-2.3129947185516357,-86.72076034545898
93.63977813720705,-1.7369138598442078,23.957307815551758,1.3928289413452148,12.69410228729248,-7.618190050125122,6.888333082199097,-8.323204040527344,-89.48376846313477
67.7927474975586,17.368183135986328,29.246204376220703,12.007054328918455,14.049943923950195,-5.509465217590332,9.52911376953125,-7.01516056060791,-101.87665557861328
121.5207061767578,-1.8263494968414309,35.460205078125,-2.025967836380005,11.285982131958008,-3.4592175483703613,5.877518653869629,-2.8680591583251958,-138.37216186523438
71.08134460449219,0.4014367461204529,37.75109100341797,5.9949564933776855,22.10281753540039,0.572434663772583,11.078481674194336,-2.2914178371429443,-151.0143280029297
111.21133422851562,7.04339075088501,19.883657455444336,-1.631762981414795,18.31011962890625,-8.181999206542969,9.919126510620115,0.6279454231262207,-123.77186584472656
78.12137985229492,7.139954328536987,24.003528594970703,4.248156785964966,16.01115608215332,0.36083096265792847,12.613433361053467,-2.9767556190490723,-152.61326599121094
46.50723075866699,23.64719581604004,37.5735969543457,12.169692516326904,15.708882331848145,0.5734083354473114,11.879207611083984,0.3335384428501129,-55.23994827270508
90.36604309082033,6.419713973999023,15.145309448242188,1.866976857185364,17.475507736206055,-3.284437417984009,10.306268692016602,-3.945878028869629,-102.48028564453124
79.83575439453125,13.159228801727295,20.9002685546875,-0.25508709251880646,18.61469554901123,-8.064536094665527,6.519662141799927,-3.9900619983673096,-69.84357452392578
72.15152359008789,4.081147193908691,31.54472637176514,-10.415360927581787,21.23850727081299,-1.8377013802528381,9.831173419952393,-6.213064193725586,-58.24479103088379
40.49807929992676,52.38310241699219,40.898616790771484,19.695172309875485,31.40294647216797,10.465959072113037,20.597911834716797,7.069533348083496,-260.62095642089844
77.05428314208984,16.654688835144043,23.349722862243652,-2.296115517616272,16.118163108825684,-4.197516441345215,9.047341346740723,-7.018964052200317,-58.041255950927734
102.12286376953125,33.29844284057617,33.35502052307129,3.477957606315613,15.225929260253906,4.379561901092529,16.483001708984375,6.406909942626953,-296.6793518066406
84.58702087402344,3.0967459678649902,29.320777893066406,4.410896301269531,17.557857513427734,-6.6212310791015625,9.97107982635498,-10.759976387023926,-72.87673950195312
76.9371566772461,25.43568992614746,54.11813354492188,3.397900104522705,30.841716766357425,-2.1199207305908203,-1.182814121246338,-0.1764283180236816,-161.23985290527344
122.13981628417969,-18.334983825683597,33.089887619018555,2.3074852228164673,25.258251190185547,4.367796182632446,13.402982711791992,0.2834677547216415,-105.45178604125977
113.88371276855467,-16.247291564941406,33.92022705078125,0.8016788959503174,16.56760025024414,-4.600213527679443,7.388833999633789,-2.4578070640563965,-57.53957748413086
82.12791442871094,14.591596603393556,17.994422912597656,-5.721763610839844,22.466880798339844,-8.004712104797363,7.760799407958984,-4.242363452911377,-100.8011474609375
80.45369720458984,9.339836120605469,28.602718353271484,-0.5836458802223206,13.427502632141112,-8.44245719909668,6.832730293273926,-6.64127254486084,-135.71266174316406
89.0478515625,2.4607160091400146,47.00856590270996,-3.636944890022278,19.31421661376953,-6.719502687454224,12.565222263336182,-4.816450834274292,-153.35592651367188
56.84375762939453,24.083949089050293,32.24932098388672,1.7299927473068237,16.38115406036377,1.2293246984481812,15.321702003479004,-2.7551348209381104,-183.70437622070312
51.71090698242188,8.304522514343262,25.16754531860352,2.773265838623047,18.015966415405277,-0.7275792956352234,8.16968059539795,-0.6984518766403198,-111.26124572753906
19.68303680419922,18.14872932434082,29.821186065673828,1.7354799509048462,17.708171844482422,1.1458263397216797,13.500732421875,-2.87977933883667,-110.89411926269533
66.27645874023438,24.163249969482425,25.43877410888672,8.985918045043945,19.60440444946289,7.249032974243164,14.44948959350586,-1.962384581565857,-103.91111755371094
69.470703125,13.421113967895508,28.45415496826172,2.3346288204193115,17.594802856445312,-4.150910377502441,11.313647270202637,-6.570537567138672,-143.06028747558594
77.79521560668945,15.689710140228271,35.00889587402344,2.0178765058517456,13.01826000213623,-1.2786822319030762,9.67706298828125,-6.2100231647491455,-105.49124908447266
80.97721099853516,-14.678640365600586,27.89034652709961,-4.394314289093018,14.727760314941406,-11.06411361694336,11.693841934204102,-3.3344621658325195,-87.61288452148438
56.12887954711914,-4.812058448791504,23.275177001953125,-3.351723790168762,22.877193450927734,2.031888246536255,15.167229652404785,-4.073596954345703,-68.66179275512695
66.3849105834961,-14.678798198699951,23.568533897399902,-4.851069211959839,22.445680618286133,2.1427578926086426,15.554776668548584,-3.6509599685668945,-81.31100845336914
53.6868896484375,-12.992206573486328,35.54853057861328,-5.9669270515441895,16.673677444458008,0.4014991521835327,14.32956600189209,-4.862892150878906,-85.0959243774414
53.934410095214844,20.244805335998535,35.98350143432617,6.672605752944946,21.50167465209961,3.7697861194610596,15.261682033538818,-1.2116349935531616,-156.7169418334961
56.35807800292969,11.0632061958313,37.69487190246582,1.0472846627235413,17.139171600341797,-3.275689959526062,13.49069595336914,-1.9144615530967712,-177.91173553466797
55.042266845703125,0.5756445527076721,37.57793426513672,2.0654172897338867,14.249398708343506,-2.144854187965393,9.190385818481445,-6.022192001342773,-143.04419708251953
61.17167663574219,-6.996890068054199,34.9435920715332,0.566784679889679,14.869668960571287,-5.097330570220947,10.74812126159668,-4.809872150421143,-108.7408447265625
77.80718994140625,2.363513946533203,17.88748550415039,6.6014084815979,12.907392501831056,-1.5690522193908691,14.695608139038086,-4.47341775894165,-90.74332427978516
36.472877502441406,10.293152809143066,33.01677703857422,6.280052185058594,19.634788513183597,-14.131280899047852,12.362371444702148,-5.034110069274902,-122.73941040039062
51.396728515625,21.41619110107422,34.962100982666016,5.503292560577393,21.775917053222656,-11.111957550048828,13.901104927062988,-5.427944183349609,-110.79637908935548
77.05393981933594,6.295787811279297,44.846797943115234,-8.337190628051758,21.386394500732425,-2.613824844360352,11.11929416656494,-2.042298555374145,-106.83032989501952
60.77692413330078,14.153017044067385,33.31270980834961,7.828661918640137,28.057174682617188,3.447734832763672,14.681482315063477,-1.7715513706207275,-68.95195007324219
66.64264678955078,-0.9726904034614564,28.417068481445312,-3.091028928756714,22.432662963867188,-4.00065803527832,15.62656021118164,3.6816368103027344,-65.76683807373047
75.36498260498047,13.645002365112305,25.495960235595703,4.40219521522522,17.602298736572266,-5.74789571762085,13.003362655639648,-6.229231595993042,-68.02098846435547
88.18924713134766,40.97869873046875,23.4381103515625,16.161296844482422,18.945390701293945,2.757193326950073,15.328534126281738,-1.2253518104553225,-172.4747314453125
75.53632354736328,-11.78232479095459,31.342548370361328,4.248639106750488,24.177154541015625,-0.535622239112854,11.006965637207031,-5.797083854675293,-53.12055587768555
57.62021446228027,2.0152915716171265,18.06496238708496,-6.020198822021484,15.755955219268799,0.819898933172226,16.357810020446777,-6.150240898132324,-28.659335136413574
82.72607421875,15.556668281555176,18.226295471191406,-1.5542107820510864,15.726333618164062,9.690165996551514,13.779623031616211,-0.5435449481010437,-156.04322052001953
56.74654006958008,8.440211296081543,19.35345458984375,-1.720486044883728,16.291751861572266,-1.6267216205596924,14.327840805053713,-5.398692607879639,-56.98977279663086
68.64546203613281,7.775435447692871,27.47315216064453,0.7910792231559753,15.468744277954102,4.753116130828857,19.887828826904297,-7.574603080749512,-77.97567749023438
75.54742813110352,21.171400070190433,21.266165733337402,13.256174564361572,18.35676860809326,-1.7462035417556763,10.354234218597412,-1.4332551956176758,-131.64949798583984
75.30878448486328,1.310429871082306,17.655430793762207,11.53941535949707,18.687068939208984,4.022166967391968,12.23520565032959,-1.728464663028717,-83.61084365844727
69.98976516723633,21.819936752319336,23.834854125976562,-1.1389603018760681,22.59317684173584,-4.649091005325317,14.277223110198975,0.7481949031352997,-48.10549736022949
86.64803314208984,32.801734924316406,36.46708297729492,13.548439025878906,23.08016395568848,2.6229403018951416,9.89670753479004,-2.5449135303497314,-153.5381317138672
87.56072998046875,-8.936856269836426,29.53302574157715,9.05948257446289,20.755151748657227,6.016180992126465,9.891874313354492,-5.069334983825684,-62.55865478515625
91.62899017333984,-8.788117408752441,35.85797882080078,12.688523292541504,19.897937774658203,7.055796146392822,10.158406257629396,-5.477698802947998,-82.59474182128906
87.12879943847656,9.018621444702148,36.858619689941406,8.401777267456055,16.44765853881836,-2.24700665473938,10.90401554107666,-3.9726037979125977,-88.07984924316406
84.96385192871094,19.39854431152344,40.46510314941406,8.578378677368164,19.59346008300781,2.925168991088867,12.493906021118164,-2.4831271171569824,-119.08879852294922
105.84112548828124,19.176443099975582,23.464305877685547,-4.945806980133057,11.714639663696287,-4.709657669067383,13.025402069091797,-1.6160845756530762,-218.1939697265625
53.98600769042969,0.0,26.374646186828613,-2.274990439414978,22.459922790527344,8.908647537231445,12.308159351348877,-0.8846178948879242,-102.5241470336914
53.372093200683594,17.395763397216797,18.41972255706787,-3.572026014328003,22.927358627319336,4.980600595474243,13.329015731811523,-6.235312223434448,-136.51758575439453
44.95682907104492,16.46820068359375,36.50041198730469,9.294836044311523,17.450077056884766,3.753804445266724,13.629987716674805,-3.7011311054229736,-185.5157470703125
59.07087326049805,-1.5544339418411255,27.847715377807617,-5.822206258773804,21.99769878387451,3.02540385723114,20.590537071228027,0.8712367117404938,-137.81700897216797
61.38961791992188,29.25892639160156,31.501636505126957,17.21050262451172,17.185060501098633,-1.3614598512649536,11.812825202941896,-7.490936279296875,-98.23676300048828
101.30891418457033,-8.551664352416992,12.920543670654297,-4.925308704376221,11.731573104858398,-0.4349023699760437,8.258031845092773,-4.529894828796387,-119.50433349609376
75.67255401611328,18.21405792236328,28.699419021606445,3.764047622680664,21.210399627685547,-2.9910601377487183,9.576221466064453,-11.93603229522705,-105.29397583007812
74.86347961425781,-3.833722233772278,32.9056453704834,4.91560173034668,23.79129981994629,-2.5889177322387695,13.849248886108398,-0.8836582899093628,-128.46572875976562
84.461669921875,27.790224075317383,34.800010681152344,-2.710248827934265,25.632174491882324,-1.7960537672042847,16.80051040649414,-4.6927549839019775,-134.23192596435547
65.9642105102539,25.385247230529785,33.134765625,-2.7722147703170776,22.35232162475586,-0.9037906229496002,9.700586318969727,-9.291446208953857,-161.6107635498047
59.94174575805664,8.843958854675293,28.121196746826172,-2.919927716255188,13.212080955505371,-2.1364105939865112,6.611065864562988,-12.563974857330322,-134.962158203125
71.40609359741211,26.746389389038086,37.60946273803711,-4.7881178855896,22.6330509185791,-4.1696202754974365,13.707561492919922,-6.684988021850586,-117.885498046875
79.24200439453125,3.4076738357543945,21.245248794555664,-6.823190689086914,18.300297737121582,-0.5913212299346924,11.200376510620117,-9.984150886535645,-41.69729423522949
80.54731750488281,6.741428375244141,24.44806289672852,2.4498510360717773,17.77790069580078,-0.5800614356994629,13.970932960510254,-9.042196273803713,-53.75255584716797
76.30896377563477,2.100496768951416,19.95753765106201,-3.344379186630249,22.03931999206543,-2.820170760154724,10.91946029663086,-10.361935138702393,-46.15365791320801
76.73873138427734,-1.6541616916656494,16.665359497070312,-4.258512258529663,23.915363311767578,-0.6575206518173218,9.836184024810791,-11.335288047790527,-130.95659637451172
56.796531677246094,8.191100597381592,23.719383239746094,-1.0045353770256042,4.744304656982422,-1.8675366044044495,9.591792583465576,-12.072969913482666,-115.8812484741211
53.719709396362305,18.227935791015625,39.22149658203125,0.6751071810722351,35.102739334106445,2.9193625450134277,11.966266632080078,-0.8443389236927032,-112.42229080200195
88.01010131835938,4.011331558227539,33.82615280151367,3.6632564067840576,24.303470611572266,3.205861806869507,11.573017120361328,-0.998973548412323,-204.3954162597656
61.92304229736328,19.617660522460938,25.453989028930664,5.214941024780273,20.853797912597656,-0.5832791328430176,11.32296657562256,-6.748726844787598,-73.81304931640625
70.20988464355469,-3.121455192565918,18.379714965820312,0.2655842304229736,26.488075256347656,5.739870071411133,17.19676399230957,-3.0097861289978027,-111.07264709472656
70.20020294189453,-6.9654927253723145,30.173341751098633,-0.6215205788612366,29.24439525604248,7.148226261138916,17.673836708068848,-1.3648681044578552,-126.06874084472656
92.23581314086914,-3.587997555732727,35.44533729553223,2.0110154151916504,15.446003437042236,10.26221513748169,14.725764751434326,-3.7813819646835327,-139.19295501708984
77.15794372558594,11.132827758789062,41.36497497558594,12.382810592651367,17.613964080810547,4.558428764343262,9.77688217163086,-5.598828315734863,-140.99484252929688
82.59212112426758,14.78322172164917,34.23068618774414,9.811152458190918,14.177646160125732,8.641109466552734,15.629989624023438,0.7306199073791504,-218.7429428100586
65.37603759765625,2.826254367828369,36.866737365722656,13.541536331176758,14.363655090332031,0.7665876746177673,9.327759742736816,-7.15518856048584,-137.0465850830078
71.89726257324219,-2.3113116025924683,24.192309379577637,5.650007724761963,20.06740951538086,1.79646897315979,15.690597534179688,-2.845086693763733,-141.9439697265625
67.90033340454102,-0.5513761341571808,29.798341751098633,8.734090805053711,18.2521915435791,2.673690438270569,12.063030242919922,-6.178470611572266,-134.9492416381836
60.6015853881836,18.43557929992676,42.67278289794922,-0.1061449646949768,32.4033317565918,-4.28546667098999,8.709426879882812,-10.106618881225586,-178.39584350585938
86.56855010986328,-10.097109317779541,38.911834716796875,-5.539844989776611,25.280588150024414,-4.944409370422363,14.670012474060059,-5.76236891746521,-15.579046249389648
58.92833709716797,14.692696571350098,28.99967765808105,5.332730293273926,19.4472599029541,-5.498601913452148,15.295832633972168,-5.471686840057373,-19.07280921936035
74.97236251831055,-11.764245510101318,19.74367618560791,-5.347383737564087,13.614473342895508,2.532270073890686,17.727237701416016,-6.880768775939941,-38.2649040222168
68.76451110839844,-3.637670993804932,35.07477569580078,-4.806674957275391,23.2138671875,-6.634358882904053,17.503021240234375,-1.4098186492919922,-93.78025817871094
62.27040863037109,6.835464954376221,49.801719665527344,16.654205322265625,25.96381378173828,8.707172393798828,13.989310264587402,-5.175373554229736,-92.77946472167967
50.88725662231445,55.88665771484375,49.84259033203125,15.042484283447266,33.095558166503906,9.05363655090332,12.00326919555664,-1.1979434490203855,-159.18975830078125
37.651329040527344,48.49562072753906,54.69486999511719,20.930465698242188,37.22536087036133,6.375086784362793,19.047870635986328,-0.6206667423248291,-139.0754852294922
39.634727478027344,12.701386451721191,42.50459289550781,7.777153491973877,28.87995147705078,6.663636207580566,16.48493003845215,-1.496753454208374,-45.47242736816406
56.330570220947266,8.299983501434326,50.620635986328125,5.374276638031006,27.65604591369629,5.927032470703125,14.019357681274414,1.9578152298927307,-103.26202011108398
63.07530975341797,12.54095983505249,54.336116790771484,7.972606420516968,30.176480293273926,7.09774112701416,13.01379680633545,2.8514046669006348,-126.68616485595702
40.35358428955078,-5.322391510009766,43.4455451965332,12.177271842956543,31.31898307800293,6.888437986373901,15.045153617858887,1.9390668869018555,-65.39007568359375
47.92359924316406,16.049224853515625,45.39485931396485,1.199814796447754,28.11133575439453,5.674593448638916,15.189641952514648,-2.539641857147217,-109.55284118652344
78.85920715332031,1.5765442848205566,29.115272521972656,-3.895090341567993,18.202316284179688,-4.680028915405273,9.581446647644045,-7.826014995574951,-64.933349609375
49.019290924072266,16.768516540527344,41.70356369018555,13.705362319946287,33.58531188964844,6.365123748779297,17.288049697875977,-0.862265944480896,-72.15568542480469
67.73805236816406,6.794868469238281,26.503849029541016,9.859362602233888,28.47640991210937,5.675510883331299,19.29177474975586,1.2830402851104736,-88.92683410644531
61.11886787414551,-2.3983348608016968,27.647903442382812,11.121212005615234,29.475382804870605,6.12334132194519,17.381757736206055,1.043790578842163,-86.0545654296875
38.46592330932617,33.688467025756836,58.943363189697266,8.851131916046143,35.62863349914551,5.205684185028076,13.878281593322754,0.677550345659256,-106.35682678222656
44.24916076660156,19.317702293395996,44.82344055175781,8.028127193450928,34.89015769958496,12.532177925109863,10.767202377319336,-5.015733242034912,-103.98489761352539
68.28057861328125,34.635353088378906,25.8909912109375,6.79521369934082,20.333065032958984,2.120554208755493,9.0352201461792,-1.7659777402877808,-65.78536987304688
73.38792419433594,2.226447582244873,34.69102478027344,5.721096038818359,23.24211311340332,5.311179637908936,14.552695274353027,-3.783396244049072,-13.13963508605957
71.61009216308594,6.261736869812012,35.970184326171875,6.721194267272949,25.06103134155273,6.31997013092041,15.47463607788086,-3.0935873985290527,-24.8205623626709
71.46031188964844,11.11181640625,42.42241668701172,9.544678211212158,25.3413667678833,0.6862911880016327,14.902031421661377,-0.4323895573616027,-96.676513671875
70.32028198242188,13.182804107666016,43.359405517578125,9.649649620056152,26.2535343170166,-0.2753947377204895,13.066082954406738,-1.7776494026184082,-111.66434478759766
83.13127136230469,22.24105453491211,38.29254913330078,13.536697387695312,30.9732723236084,5.682962417602539,13.424570083618164,-0.3902875185012817,-110.95240783691406
54.81047821044922,27.38971328735352,39.95294189453125,5.516100883483887,31.26348876953125,2.511444568634033,11.633367538452148,-4.720203399658203,-93.92630004882812
59.29344940185547,-14.550479888916016,27.22109603881836,7.450778961181641,25.427833557128903,6.244215488433838,18.005279541015625,1.4914692640304563,-56.50484085083008
38.84807205200195,-6.863936424255371,19.596813201904297,-1.5431499481201172,20.4970817565918,-6.284830570220947,9.599237442016602,-5.973268508911133,2.909622430801392
85.06016540527344,13.081698417663574,34.3260612487793,6.682710647583008,26.642166137695312,1.8658156394958496,13.475665092468262,-3.699956178665161,-67.67083740234375
70.92747497558594,28.0084228515625,33.352596282958984,4.082184076309204,12.629480361938477,-4.7073259353637695,4.87027645111084,-11.285773754119873,-110.75547409057617
75.19735717773438,12.738914489746094,51.24127578735352,1.5957424640655518,26.335193634033203,6.195974349975586,11.198646545410156,-3.6278581619262695,-146.35829162597656
58.90245056152344,18.18768119812012,34.36589050292969,6.507513999938965,23.907867431640625,3.399986267089844,16.251632690429688,0.3540453910827636,-145.75816345214844
60.73655319213867,18.07776260375977,31.383453369140625,6.722709655761719,21.50157928466797,1.869484663009644,10.214881896972656,-2.355534553527832,-140.10433959960938
56.123897552490234,11.202754497528076,44.17059898376465,6.719023942947388,16.843263626098633,5.363787412643433,15.521800518035889,-4.223523855209351,-58.212087631225586
76.50772857666016,14.374233722686768,43.482295989990234,12.428183555603027,24.630971908569336,-1.844998061656952,15.454190254211426,-5.251004934310913,-122.51123809814453
84.05210876464844,28.414226531982425,30.17791748046875,6.027979373931885,20.90221405029297,1.375842571258545,15.713384628295898,-2.1983587741851807,-108.26544952392578
61.96626281738281,-8.7478666305542,35.75353240966797,-1.4583802223205566,28.87761688232422,1.5150487422943115,13.504627227783203,-2.228759765625,-59.35720443725586
64.31463241577148,17.31553554534912,36.71290588378906,10.069094181060791,30.44230842590332,-7.542037487030029,16.050037384033203,-7.882038593292236,-148.95357513427734
113.98181915283205,28.721805572509766,23.9243745803833,3.4810911417007446,9.920438766479492,-1.703592300415039,7.21813178062439,-5.834326982498169,-108.01741409301758
117.87983703613281,21.55525016784668,35.562156677246094,7.0006091594696045,16.046436309814453,1.8494742512702942,13.848870754241943,0.6128170788288116,-165.99933624267578
70.51095199584961,29.514305114746094,29.69321918487549,5.237658500671387,21.625937461853027,6.246693849563599,12.513891696929932,4.696314573287964,-207.0298309326172
27.63815689086914,16.04227066040039,33.79834747314453,0.2136925458908081,30.239089965820312,-0.8334195613861084,17.515098571777344,-6.040096282958984,-93.68191528320312
14.803279876708984,19.553150177001957,59.93182373046875,8.933370590209961,32.65607452392578,5.121955394744873,13.69902229309082,-3.8271288871765137,-96.58586883544922
70.06306457519531,1.3006848096847534,29.771774291992188,-0.2294734120368957,13.954825401306152,-8.67180347442627,11.340625762939451,-3.890891551971436,-84.56729888916016
70.21788787841797,-2.9287015199661255,35.72562789916992,9.356365203857422,12.086480140686035,4.557004451751709,12.043889045715332,-4.718469858169556,-167.49640655517578
84.39738464355469,-0.0556303262710571,25.720687866210938,4.381918430328369,6.593947410583496,3.804531335830689,2.959639549255371,-6.641770362854004,-135.84974670410156
73.17901611328125,3.655326843261719,19.4363956451416,2.8820009231567383,-0.4273415207862854,-2.0295233726501465,15.870110511779783,-11.070709228515623,-91.77981567382812
54.269561767578125,27.167285919189453,29.184181213378903,7.038387775421143,23.235519409179688,-1.3463711738586426,9.830853462219238,-3.467599391937256,-108.11254119873048
54.2066650390625,33.21171188354492,23.37216186523437,6.524321556091309,23.277393341064453,-0.6507045030593872,19.473426818847656,-1.1782536506652832,-158.55479431152344
4.790990352630615,42.03600311279297,76.54816436767578,-2.584972858428955,30.43791961669922,-5.544287204742432,9.959427833557129,-9.485843658447266,-123.91300964355469
76.51475524902344,4.195328235626221,30.88825416564941,-4.308148384094238,9.703346252441406,-5.505875587463379,10.872593879699709,-8.224787712097168,-102.94342041015624
92.73875045776367,-13.33233404159546,52.6364860534668,-9.95802927017212,35.166913986206055,-8.791616439819336,11.780961513519287,-6.895933151245117,-107.95062255859375
50.999162673950195,17.20947265625,34.03341865539551,6.578591346740723,22.671290397644043,1.7649263143539429,15.835546970367432,-7.176390886306763,-193.02062225341797
94.32844543457031,1.1909971237182617,56.2686882019043,-6.19205379486084,30.490347862243652,-14.675721168518066,13.954936981201172,-10.361848831176758,-66.64236068725586
27.49494171142578,60.06222152709961,62.99092102050781,20.35333824157715,38.21025848388672,8.535368919372559,10.119943618774414,-0.9632352590560912,-311.9830322265625
74.15762329101562,-14.110901832580566,41.4181022644043,-3.2318652868270874,12.511142253875732,-3.3787097930908203,6.88633131980896,-5.874581336975098,-189.96826934814453
6.044705152511597,43.555803298950195,50.08586311340332,10.6264967918396,40.213706970214844,-4.365373134613037,23.448100090026855,-6.049041509628296,-150.3654327392578
24.805169105529785,70.194091796875,61.05722236633301,21.24968433380127,42.21464538574219,11.294099807739258,10.023155212402344,0.7013891339302063,-276.81312561035156
74.55616760253906,-17.876039505004883,49.87433624267578,9.535120010375977,25.376331329345703,-0.374182641506195,14.811317443847656,2.4195356369018555,-109.18899536132812
52.72746658325195,9.940055847167969,27.909305572509766,-9.464790344238281,20.40578842163086,-1.9943763613700867,9.322724342346191,-7.583723545074463,-14.109538555145264
81.17204284667969,7.284088134765625,37.37229537963867,10.044440269470217,18.06855773925781,2.0563290119171143,11.815418243408203,-7.276895046234131,-157.955810546875
63.97526550292969,4.273294448852539,28.105525970458984,-1.9882997274398804,22.8526611328125,4.191836833953857,12.48556137084961,-6.951271057128906,-121.28008270263672
86.38957214355469,15.985023021697998,39.943681716918945,14.634778022766113,18.759010314941406,1.9237474203109741,10.6339750289917,-5.148635149002075,-196.751953125
97.7203369140625,13.792728424072266,42.770015716552734,-3.880982875823975,20.2231502532959,0.2997182011604309,10.513391494750977,-3.940529346466065,-65.5132064819336
119.4698486328125,-10.86767578125,45.89251708984375,-0.844498872756958,11.665066719055176,4.382333755493164,5.947093963623047,-7.84577751159668,-140.03170776367188
106.86317443847656,-9.229663848876951,48.684120178222656,-2.9035890102386475,14.717399597167969,5.921440124511719,6.269017219543457,-10.490041732788086,-142.34036254882812
98.33975982666016,15.200878143310549,44.52836990356445,-0.8408529758453369,20.930641174316406,3.682128429412842,9.51482391357422,-1.7578555345535278,-190.8119659423828
94.3876953125,-24.471355438232422,38.893089294433594,0.07685170695185654,13.940066337585447,-3.1707963943481445,13.906189441680908,-8.604621887207031,-114.99061584472656
105.53328704833984,-20.533658027648926,30.242175102233887,2.6491518020629883,7.147787570953369,-1.0516313910484314,11.639647483825684,-6.436899423599243,-139.60870361328125
60.817527770996094,19.67778778076172,30.118072509765625,-3.9219717979431152,18.04423141479492,1.0052639245986938,18.070640563964844,-3.3619041442871094,-101.58976745605467
60.25817108154297,-1.786376953125,32.47324752807617,13.706649780273438,18.68732452392578,7.32551383972168,18.28236389160156,-0.886172890663147,-55.27231216430664
57.351688385009766,14.780210494995115,48.68949508666992,-0.1814392805099487,23.66040802001953,7.874752998352051,9.59243106842041,1.2981148958206177,-139.08860778808594
55.5045051574707,20.6511344909668,32.58621597290039,4.86650276184082,18.71919631958008,7.134586811065674,13.036384582519531,-4.378434181213379,-154.17918395996094
32.69684219360352,16.902292251586914,37.56756591796875,4.6122870445251465,20.904708862304688,4.843731880187988,15.26024055480957,-4.188094139099121,-64.5970687866211
47.97095489501953,-11.552027702331545,40.11688995361328,7.110296249389648,14.773855209350586,10.642904281616213,25.032550811767575,3.990888595581055,-157.6299591064453
55.27503776550293,4.957273721694946,34.79120063781738,9.628854274749756,12.316073417663574,2.1992238759994507,17.77779769897461,-10.138098239898682,-71.3918685913086
62.21684265136719,12.546330451965332,46.098915100097656,7.523206233978271,19.22426986694336,5.805203437805176,19.36845016479492,-7.079085826873779,-105.87654113769533
72.71475219726562,19.48115539550781,40.60504913330078,-1.8124737739562988,14.757156372070312,-10.413715362548828,6.186212539672852,-10.707380294799805,-153.42127990722656
65.87493133544922,13.014852523803711,20.46373176574707,5.170926332473755,8.021628379821777,-8.763408660888672,-0.35360755026340485,-13.446569919586182,-132.9086456298828
64.23634338378906,-1.7778329849243164,22.298229217529297,12.156973838806152,16.763599395751953,-2.2199831008911133,8.787879943847656,-6.607717514038086,-6.568680763244629
67.37059020996094,49.79027557373047,56.34424591064453,27.678585052490234,28.777925491333008,12.221023559570312,10.731937408447266,3.006917715072632,-334.7491455078125
91.4806671142578,34.40623474121094,31.180248260498047,13.189091682434082,23.68680191040039,4.270942687988281,10.724812507629396,-5.081092834472656,-155.6079864501953
81.66498565673828,52.025787353515625,39.64040565490723,13.121150016784668,32.40904426574707,7.49678635597229,16.668701171875,-0.6932131350040436,-204.62754821777344
78.17422485351562,37.39200592041016,21.65848731994629,11.579634666442873,22.53916358947754,7.809561252593994,20.075138092041016,-5.253151893615723,-161.52825927734375
116.76666259765624,10.249242782592772,28.41327667236328,4.516291618347168,20.36658477783203,-0.4204381108283996,12.366063117980955,-5.5914459228515625,-104.04378509521484
78.68020629882812,21.24235725402832,33.63876724243164,7.108321189880371,16.625324249267578,-2.379765033721924,10.02529239654541,-6.810007095336914,-67.93319702148438
76.9169807434082,12.883926391601562,28.189983367919922,6.525655508041382,15.597741603851318,0.46907250583171844,14.740386009216309,-0.20316477119922635,-70.69798278808594
102.62420272827148,28.498116493225098,40.117759704589844,10.659385204315186,21.53635597229004,3.470741868019104,12.890393733978271,-6.530822515487671,-95.03002548217773
50.47927474975586,29.7524471282959,53.61627960205078,8.649734020233154,26.53566074371338,0.047609731554985005,8.946484088897705,-3.5246394872665405,-94.84466552734375
66.77423095703125,31.881558418273926,33.62779235839844,1.9325944781303406,21.289877891540527,0.1626439988613128,12.332930088043213,-2.3783981800079346,-97.99914932250977
81.4412956237793,20.556769371032715,25.416683197021484,6.1164374351501465,23.506134033203125,-5.695854425430298,14.691830158233643,-1.7706499695777893,-50.22012519836426
94.10325622558594,30.205561637878418,15.639518737792969,14.538683891296387,22.184889793395996,0.6469807624816895,9.842967987060549,-2.0131044387817383,-168.5004119873047
93.32837677001952,17.131351470947266,18.64712905883789,7.798826217651367,9.275188446044922,5.543992042541504,10.982019424438477,-2.805805921554565,-108.2730941772461
84.33248901367188,21.050403594970703,26.30232810974121,4.726186752319336,15.6424560546875,-0.3788664042949676,10.648567199707031,-6.725857734680176,-167.52015686035156
37.65319061279297,20.260971069335938,51.65593719482422,-1.6703062057495115,25.029407501220703,-1.387444019317627,13.57016944885254,-1.023136019706726,-59.52281951904297
35.84939765930176,8.923766613006592,57.73842811584473,6.680638074874878,26.313888549804688,8.133853435516357,18.250351905822754,-0.5477477610111237,-56.61965370178223
49.72798156738281,16.65902328491211,32.492733001708984,11.941025733947754,26.58683490753174,1.6334050297737122,10.702550888061523,-3.4405680894851685,-120.33369445800781
66.31034851074219,5.704091548919678,22.469949722290036,1.5832078456878662,17.44288444519043,2.7714842557907104,12.411562442779541,-1.5259029269218445,-100.69551467895508
88.1471939086914,8.723276138305664,29.71001625061035,6.247108697891235,25.948060035705566,-1.8776711225509644,11.55738353729248,-5.0482497215271,-143.6693115234375
51.99520111083984,-2.5856828689575195,24.93529510498047,4.884673118591309,24.87604141235352,2.4247374534606934,14.229548454284668,-7.068839073181152,-149.03219604492188
73.9731216430664,19.17115592956543,53.174583435058594,1.4364275932312012,27.331756591796875,-9.408672332763672,14.509222030639648,-0.2294211387634277,-146.96502685546875
40.907915115356445,7.266757965087891,47.47440147399902,-2.595025420188904,31.656646728515625,-3.274956226348877,17.89087963104248,-4.284029245376587,-87.2517318725586
51.99520111083984,-2.5856828689575195,24.93529510498047,4.884673118591309,24.87604141235352,2.4247374534606934,14.229548454284668,-7.068839073181152,-149.03219604492188
78.33491516113281,1.660346508026123,35.871177673339844,-2.4785308837890625,27.537220001220703,-0.2211583852767944,16.323698043823242,-4.166346549987793,-140.4352569580078
63.34082794189453,30.895915985107425,44.9830322265625,-10.704062461853027,20.26587677001953,-0.1469582915306091,13.451515197753906,3.420326232910156,-166.146484375
72.51293563842773,-4.474444150924683,43.21129608154297,2.1104445457458496,27.842612266540527,-2.3340702056884766,7.366456985473633,-2.64188289642334,-62.38383102416992
90.45243835449219,1.038964867591858,52.008066177368164,2.2031431198120117,18.020967483520508,4.980798721313477,13.479081153869629,5.99305534362793,-187.03763580322266
80.51449584960938,-7.770990371704102,45.80396270751953,5.889881134033203,29.99493789672852,-5.289050102233887,13.346991539001465,-6.452117919921875,-125.66902160644533
97.96825790405273,-18.806884765625,42.08401870727539,8.234790325164795,28.523295402526855,4.884618759155273,12.867703437805176,4.622461795806885,-88.93220901489258
70.99017715454102,14.094294548034668,33.253501892089844,2.332437753677368,26.730545043945312,-5.39364767074585,16.50163459777832,-6.2214226722717285,-12.522607326507568
70.99017715454102,14.094294548034668,33.253501892089844,2.332437753677368,26.730545043945312,-5.39364767074585,16.50163459777832,-6.2214226722717285,-12.522607326507568
13.03630256652832,10.122564315795898,57.06967926025391,-8.782435417175293,36.17162322998047,-8.503478050231934,21.777950286865234,1.0256826877593994,-174.46197509765625
77.82001876831055,17.576274871826172,56.577728271484375,9.674270153045654,21.750496864318848,-0.6251040697097778,3.0462177991867065,-6.15805459022522,-147.04576110839844
73.42807006835938,14.636431694030762,31.20189666748047,1.3492310047149658,24.0632438659668,-0.8537161350250244,12.08574104309082,-3.657615184783936,-162.9963836669922
64.26951217651367,14.069828510284424,25.441487312316895,5.962031602859497,22.98130702972412,4.000195741653442,18.681504249572754,-2.5284042358398438,-123.8853530883789
61.71134376525879,55.53768730163574,36.97643852233887,20.24129009246826,26.883623123168945,7.7213263511657715,17.56553363800049,-4.141213893890381,-180.0364532470703
59.45824432373047,-4.231222152709961,32.44745635986328,6.908390522003174,22.5169677734375,0.2886959314346313,14.042823791503906,-3.650434970855713,-79.85874938964844
59.80101776123047,26.45862579345703,32.606258392333984,-7.737918853759766,22.374799728393555,1.8087788820266724,15.767374038696287,-2.008440971374512,-112.2728042602539
47.50561714172363,-1.1527893543243408,44.60706329345703,-1.698488175868988,24.661035537719727,2.9797725677490234,16.74001407623291,-0.45089688897132874,-107.41644668579102
73.49891662597656,14.361520767211914,43.48847579956055,5.952813148498535,34.48252868652344,-4.721975803375244,20.389265060424805,-1.2183990478515625,-152.08680725097656
39.60682487487793,20.613462448120117,48.930776596069336,3.0829379558563232,29.877760887145996,2.264505386352539,14.0824875831604,-3.1673797369003296,-107.71549606323242
70.05664825439453,15.453912734985352,34.23060607910156,9.574633598327637,30.35673141479492,4.050352096557617,10.298345565795898,-5.170058250427246,-131.02928161621094
71.71485900878906,13.622581481933594,51.835649490356445,11.829415798187256,37.06743049621582,2.9902431964874268,14.718308448791504,-5.58554744720459,-163.00704193115234
73.0853042602539,8.18962574005127,28.28606605529785,0.6602075397968292,20.396066665649414,-0.1517416015267372,11.803301811218262,-2.28383469581604,-85.21925354003906
104.09588623046875,21.491756439208984,32.984243392944336,5.719423770904541,16.946114540100098,2.3753026723861694,11.796998023986816,0.9411406219005585,-103.09892654418945
61.50982093811035,-3.2710416316986084,49.77526092529297,5.103211879730225,21.07468318939209,-1.2106144428253174,11.153665542602539,-1.925112783908844,-89.87097549438477
85.65731811523438,13.693531036376953,11.109322547912598,10.619295597076416,10.628083229064941,-5.019366264343262,21.593859672546387,-0.31576186418533325,-123.12944412231445
65.13169860839844,27.163387298583984,21.637752532958984,7.055853843688965,12.98713207244873,-2.446319818496704,13.252187728881836,-4.479066848754883,-33.495025634765625
93.7177276611328,12.920031547546388,26.47065734863281,-1.4448418617248535,23.22662353515625,0.1083025336265564,9.021726608276367,-4.383908271789551,-246.8868560791016
91.88807678222656,16.458887100219727,28.92515182495117,-1.2491862773895264,22.19665908813477,2.281890153884888,9.92613410949707,-5.16820764541626,-225.84991455078125
95.42805480957033,15.52670955657959,28.64910125732422,-1.965602278709412,22.243919372558597,2.298283576965332,9.961795806884766,-5.440853595733643,-223.542236328125
86.95252990722656,9.319684982299805,17.646888732910156,-8.353015899658203,25.32306671142578,-0.3564776182174682,11.81614875793457,-6.122727394104004,-67.39961242675781
120.73200607299805,-3.9694327116012573,21.636197090148926,-6.903656482696533,15.01237964630127,0.6369394063949585,10.14785099029541,-2.713105320930481,-165.71993255615234
93.04345703125,3.918729424476624,43.024497985839844,-21.105708122253418,26.92941188812256,-1.9549069404602049,9.576448440551758,-3.6934463977813716,-86.89441299438477
122.1484832763672,18.197784423828125,17.340045928955078,-3.0378642082214355,25.727951049804688,-2.666221857070923,4.712648391723633,-3.6499886512756343,-77.76944732666016
78.35842895507812,0.2096968293190002,24.934175491333008,-5.322834968566895,17.618669509887695,-3.545145034790039,11.766115188598633,-4.797492980957031,32.586517333984375
87.74323272705078,-0.34666115045547485,25.99742317199707,-3.8919554948806763,17.405417442321777,-6.699223279953003,10.684088706970217,-4.661789655685425,6.181786060333252
84.33257293701172,-0.2659144401550293,24.9932861328125,0.3726345598697662,18.73145294189453,-6.289827823638916,11.328598022460938,-2.7959437370300293,-11.713785171508787
67.34420013427734,-9.084405899047852,23.6653995513916,-3.69534432888031,17.5908203125,-4.168092489242554,11.27845811843872,-6.86407208442688,5.655365705490112
88.64612579345703,-6.746347904205322,29.722866058349613,0.7832278609275818,12.262073040008545,-5.99354362487793,9.196757316589355,-5.206610202789307,-35.891754150390625
72.07190704345703,-13.69606065750122,48.99794387817383,-2.6483612060546875,23.660545349121094,0.9291370511054993,12.089418411254883,0.2325601801276207,-9.365523338317871
77.68163299560547,-26.60038948059082,18.007396697998047,2.9033477306365967,26.255119323730472,0.7554101049900055,16.068100929260254,-3.137438178062439,44.53487968444824
113.6462173461914,10.874130249023438,16.173931121826172,-4.10107946395874,15.033119678497314,-2.7824008464813232,10.534748077392578,-3.7831170558929443,-78.88728332519531
90.65972137451172,10.141370296478271,14.015769004821777,-6.1890709400177,15.47557544708252,-8.212008953094482,12.034496784210205,-3.766924023628235,-10.557722091674805
91.33380508422852,12.219590663909912,17.054469108581543,-4.252948999404907,22.16494846343994,-2.0889559984207153,10.93753719329834,-5.9247825145721436,-30.392045974731445
62.97235107421875,17.762155532836914,24.1182861328125,0.7640047073364258,16.898468017578125,-6.853647232055664,8.884662628173828,-6.669137954711914,-34.777278900146484
90.63346862792967,-10.637774467468262,34.87181854248047,-9.836894035339355,17.121631622314453,-5.4134063720703125,9.143223762512209,-4.769440174102783,-94.75016784667967
82.86054992675781,-0.6313660144805908,19.609128952026367,-7.721755981445312,20.47579574584961,-6.384524345397949,12.635760307312012,-7.376411437988281,20.51962280273437
52.387474060058594,-11.660033226013184,46.768043518066406,-7.874953746795654,23.47840118408203,-5.166140556335449,10.757293701171877,-7.050470352172852,7.372192859649658
56.81187438964844,-1.665758490562439,32.879920959472656,6.555963039398193,24.164310455322266,4.611385345458984,13.069451332092283,-1.3785419464111328,-65.9269790649414
102.41011428833008,-14.852074146270752,14.394613742828367,12.72068738937378,27.502195358276367,4.338268756866455,15.206536769866943,-0.2733400911092758,-62.832130432128906
52.91851997375488,-3.7164764404296875,25.708969116210938,6.301375865936279,21.52104949951172,-2.448602557182312,10.141438484191895,-1.3236416578292847,32.167877197265625
50.71209144592285,-5.435685157775879,30.25187873840332,-17.063152313232422,24.13749599456787,-7.491015434265137,11.433943271636965,-7.282437562942505,-4.190804123878479
67.11505889892578,19.432462692260746,28.60485076904297,2.432155132293701,17.786758422851562,-0.7638847827911377,10.236449241638184,-5.456483840942383,-46.54726409912109
82.64539337158203,4.534042119979858,42.869577407836914,-11.368199348449707,17.8874454498291,-0.8588805496692657,10.232946395874023,-5.774425506591797,-43.41516876220703
38.13912963867188,10.577757835388184,18.008525848388672,-1.5089030265808103,13.736653327941896,-12.497003555297852,6.375894546508789,-9.781709671020508,18.134174346923828
59.55181694030762,1.302528977394104,21.071897506713867,-7.7946937084198,23.487655639648438,-2.9024308919906616,14.90036678314209,-4.996642827987671,-5.748883247375488
85.12284088134766,22.09916591644287,28.97350788116455,-0.3000311851501465,20.183513641357422,-0.30747559666633606,13.774035453796387,-4.886475086212158,-47.81918525695801
68.82878494262695,26.37036895751953,21.42813205718994,8.689634799957275,21.3118314743042,-0.46878446638584137,11.035645008087158,-8.836904525756836,-14.380443096160889
125.08587646484376,6.098958492279053,22.658802032470703,-1.737156629562378,15.542715072631836,-2.9828903675079346,9.644493103027344,-6.329351902008057,-60.0416259765625
75.81829833984375,-17.04112720489502,31.86173725128174,-24.756418228149414,20.256589889526367,-3.1291512250900264,24.42356777191162,-7.0384440422058105,-27.607548713684082
71.5456314086914,26.915069580078125,23.92989730834961,1.4394657611846924,15.09754753112793,-4.326899528503418,7.970824718475342,-5.9329752922058105,-88.31635284423828
74.26665496826172,14.857736587524414,20.857057571411133,4.979358673095703,20.17533302307129,-2.80079984664917,14.592154502868652,-5.131883144378662,-93.52224731445312
53.751625061035156,28.41769504547119,23.60857391357422,6.763065576553345,18.498984336853027,-0.8587981760501862,11.958481788635254,-2.941739797592163,-185.85910034179688
63.00327301025391,20.599315643310547,44.34069442749024,1.3973000049591064,26.698455810546875,-2.965334177017212,14.084583282470703,-1.5132800340652466,-27.87834930419922
75.96601867675781,23.842544555664062,39.27988815307617,18.892373085021973,23.672008514404297,1.307073175907135,12.765049934387207,0.39256578683853144,-150.15777587890625
63.69681167602539,-7.244596481323242,31.8562126159668,3.3838448524475098,16.02496337890625,-0.9482513666152954,15.585980415344238,1.6965084075927734,-55.16156768798828
58.723968505859375,-5.442208528518677,38.291391372680664,-2.7552143335342407,14.064579010009766,-3.8510230779647827,9.536367893218994,-5.373247146606445,-93.66341400146484
88.21638870239258,27.37290382385254,30.993325233459473,2.257418155670166,14.70190715789795,-7.299463272094727,11.352420806884766,-4.922851324081421,-108.755126953125
79.2165298461914,20.70492172241211,19.04325485229492,2.8975300788879395,18.775917053222656,-4.313735961914063,9.213397979736328,-4.297793388366699,-90.4701156616211
72.0723876953125,36.16743469238281,24.86888599395752,4.696110010147095,15.397586345672607,-4.973418712615967,10.902249336242676,-6.4427220821380615,-126.19144058227539
66.72034454345703,35.066287994384766,25.985942840576172,4.004873752593994,15.281649589538574,-6.92155385017395,11.587302207946777,-5.925213813781738,-108.92371368408203
106.48693084716798,27.799525260925293,32.70600128173828,1.5229334235191345,18.482590675354004,-1.0617108345031738,8.276576042175293,-3.8081594705581665,-140.6661376953125
80.38609313964844,4.293018341064453,24.2757568359375,13.605327606201172,9.59715175628662,-0.4626398086547851,12.067461013793944,1.0547599792480469,-150.2442626953125
68.22775650024414,53.924394607543945,36.411184310913086,14.568617343902588,26.7835693359375,3.8984609842300415,11.26146411895752,-2.4668798446655273,-204.34868621826172
59.73054122924805,25.9160213470459,29.123982429504398,7.332662105560303,23.333778381347656,-1.746394693851471,16.857559204101562,-2.6833810806274414,-79.59617233276367
47.4254150390625,14.649896621704102,56.402374267578125,-1.9510903358459477,30.91482162475586,3.1532530784606934,16.25542449951172,-6.0438232421875,-82.67823791503906
67.85478210449219,10.223670959472656,62.70319366455078,-3.6018636226654053,22.171817779541016,-6.508652687072754,3.499486923217773,-6.9683027267456055,-170.09986877441406
50.59967803955078,33.71063041687012,20.916133880615234,-7.611793041229248,28.009665489196777,-5.525001525878906,12.67225170135498,-7.343074083328247,-88.81453323364258
45.94560623168945,3.904021978378296,25.835041046142575,1.9691311120986936,20.28507804870605,-6.667424201965332,15.63291358947754,-7.617712020874023,-49.98688888549805
31.478158950805664,0.4667809903621673,29.346040725708008,-2.5546997785568237,20.3639497756958,2.430185914039612,14.599817276000977,-5.0782575607299805,-58.241329193115234
56.4271125793457,9.536475658416748,31.695645332336426,2.388449192047119,25.244064331054688,0.6763111650943756,12.951512813568115,-2.705477714538574,-61.2801628112793
51.218536376953125,8.489439010620117,31.16130828857422,1.6758906841278076,24.687971115112305,1.4594428539276123,12.216720581054688,-4.267459869384766,-72.05497741699219
61.50986289978027,-3.0984519720077515,23.30858612060547,-3.2707297801971436,17.502744674682617,-6.591912508010864,6.214906454086304,-6.092131614685059,-68.38187789916992
67.89942932128906,-1.6599836349487305,33.26875686645508,-9.476173400878906,17.54195785522461,-11.344168663024902,10.551440238952637,-12.018540382385254,-59.75880432128906
55.28709411621094,-4.187909126281738,29.57095718383789,19.955232620239254,18.53740692138672,-7.280673980712891,7.625021934509277,-4.668234825134277,-104.29779815673828
66.15151596069336,26.749425888061523,30.196974754333496,4.428933382034302,19.882697105407715,0.0897637605667114,11.076653957366943,-9.229318618774414,-127.50670623779298
47.16773986816406,10.983301162719728,24.169279098510746,5.687338829040527,12.279232025146484,-4.558917999267578,7.308707237243652,-12.410654067993164,-91.19316864013672
101.56352996826172,13.308218955993652,38.76016807556152,5.8358635902404785,20.1696720123291,-6.236654281616211,7.360527515411377,-4.646746635437012,-150.50338745117188
94.18855285644533,32.158180236816406,45.296783447265625,17.143310546875,24.34073257446289,-1.5370476245880127,11.476836204528809,-1.1947327852249146,-143.80838012695312
70.94866943359375,22.08075714111328,45.26714706420898,12.763866424560549,31.593549728393555,4.436852931976318,11.411641120910645,6.561463832855225,-152.79808044433594
85.21864318847656,11.67422103881836,38.642120361328125,7.495304107666016,25.50257682800293,4.856997489929199,9.380595207214355,0.2693679928779602,-110.20977783203124
84.90289306640625,13.47752571105957,31.065086364746094,5.610396385192871,23.15148162841797,1.8356071710586548,10.37203598022461,-6.727136611938477,-144.5601348876953
56.62542724609375,-10.986310958862305,27.954029083251957,-4.782311916351318,16.699264526367188,-2.2863965034484863,16.872886657714844,-0.9533562064170836,-115.11009979248048
63.808536529541016,-9.363821983337402,22.244415283203125,-8.961446762084961,14.422624111175535,-2.5842504501342773,13.732576370239258,-3.703282356262207,-98.77577590942383
41.1583366394043,-0.6521330177783966,54.243539810180664,19.07656478881836,27.16519546508789,1.9502930045127869,18.622899055480957,-2.2226128578186035,-49.081411361694336
51.76234245300293,12.190749645233154,29.74927043914795,2.746668815612793,23.500954627990723,1.3734129667282104,15.031200408935547,-2.0726215839385986,-135.70870208740234
61.7994728088379,-5.142972946166992,29.933073043823242,5.845314979553223,22.43624973297119,-0.828719437122345,14.926336288452148,-0.9884776473045349,-140.3578338623047
67.48927307128906,17.228364944458008,36.79304122924805,0.0602995753288269,28.367355346679688,-5.471275329589844,12.981807708740234,-2.128481388092041,-40.22612380981445
69.42715835571289,20.0499324798584,44.408823013305664,5.703516960144043,20.39678382873535,0.7624393701553345,13.903153419494629,0.4233351796865463,-122.1260757446289
63.07133483886719,22.70944595336914,42.74302673339844,9.666755676269531,21.320463180541992,2.981660842895508,14.477429389953612,-3.5088448524475098,-111.52471160888672
73.81478118896484,13.031222343444824,22.486708641052246,-7.056053638458252,19.856389045715332,-6.598852872848511,14.321705341339111,-7.346107721328735,-11.472009181976318
39.32994079589844,18.800106048583984,43.45262908935547,9.09382438659668,27.061206817626957,-0.1528245210647583,17.79979705810547,-5.189323902130127,-64.07256317138672
68.11371612548828,-17.961620330810547,66.09393310546875,13.804908752441406,12.723112106323242,0.5078088939189911,13.033121109008789,-5.366055727005005,-42.22196578979492
59.0677375793457,7.449884414672852,32.98533248901367,0.2594849169254303,18.512954711914062,-6.57109260559082,13.456769943237305,-3.4064297676086426,-117.35924530029295
45.514591217041016,-2.835808753967285,36.15686798095703,7.90413761138916,22.643421173095703,-2.427717447280884,16.53826904296875,-2.933724164962769,-79.26346588134766
65.04255676269531,20.24630546569824,9.185317993164062,3.652701377868652,20.491500854492188,4.905574798583984,12.45775032043457,-3.6797280311584473,-130.59283447265625
61.750099182128906,39.27391052246094,21.30984878540039,8.061637878417969,14.998769760131836,0.2427613139152526,8.99685287475586,-9.934736251831056,-157.3489227294922
61.78093719482422,12.35362720489502,27.965961456298828,13.23234748840332,18.237628936767575,-1.958058834075928,11.051359176635742,-7.133998870849609,-136.96563720703125
36.36545944213867,-6.679351806640625,51.9293155670166,11.224969387054443,16.626755714416504,4.459660530090332,20.29364013671875,-4.783468723297119,-123.5989875793457
98.91136932373048,-3.3011012077331543,36.13616561889648,-7.917399883270264,17.0737361907959,1.6432126760482788,12.2528076171875,-4.601823806762695,-68.6977767944336
59.77276039123535,9.36620283126831,32.43573760986328,-2.5503509044647217,18.34002113342285,-6.282695770263672,4.895236968994141,-8.922171592712402,-30.12389373779297
36.553131103515625,8.109806060791016,69.20384216308594,1.71374249458313,28.32923126220703,-6.031246185302734,16.06527328491211,-9.848867416381836,-48.33137893676758
67.25842666625977,-0.12799775600433344,38.095449447631836,10.511894702911379,21.411733627319336,-0.6206483244895935,11.58150339126587,-0.137307234108448,-64.70001983642578
65.4013442993164,23.431739807128903,35.46745300292969,3.787220001220703,23.29003524780273,-4.294022560119629,14.151991844177246,-8.653450965881348,-19.578184127807617
73.56266021728516,-0.7634237408638,22.35004234313965,2.0706582069396973,20.00009822845459,-1.530712604522705,12.414118766784668,-5.734019756317139,-41.28738594055176
62.40178680419922,20.66646957397461,36.44076919555664,11.78459358215332,20.37291717529297,-1.3583709001541138,14.942089080810549,-1.1586551666259766,-65.09309387207031
94.29733276367188,18.306171417236328,6.485904693603516,5.836921215057373,10.895009994506836,-0.591627299785614,12.199277877807615,-4.461787223815918,-138.4709014892578
118.723876953125,0.7453851103782654,32.68965148925781,4.604588031768799,24.69681167602539,-1.9823182225227358,15.093132495880127,1.3460764288902283,-123.25170135498047
114.83348846435547,-8.476242542266846,35.650779724121094,-4.881979703903198,22.14783477783203,1.649172604084015,15.735814094543455,4.795845031738281,-64.48968887329102
3.8342947959899902,32.93480682373047,56.740352630615234,16.947328567504883,32.93311309814453,2.895035743713379,22.47861099243164,0.4031161367893219,-134.9523696899414
26.074280738830566,21.00969886779785,45.764625549316406,6.703647613525391,25.00945281982422,-2.0743467807769775,16.64437961578369,-6.178695201873779,-85.65151596069336
63.33825874328613,3.150404214859009,42.88423156738281,2.544076442718506,23.766737937927246,-4.053753852844238,12.644739627838135,-3.1230883598327637,-44.42991638183594
60.87994575500488,43.77414321899414,30.92363166809082,13.844574928283691,30.777545928955078,6.109645128250122,8.015505313873291,-2.672645330429077,-139.63355255126953
52.622934341430664,-10.118472576141357,32.13841438293457,3.7994396686553955,17.560458183288574,-4.650338411331177,14.401219844818115,-4.3334801197052,-151.69026947021484
48.03268051147461,2.141752600669861,28.301490783691406,3.8738045692443848,14.618353366851807,-3.4733808040618896,16.445974349975586,-5.311483383178711,-68.0883903503418
49.58281326293945,-6.756409645080566,26.971405029296875,2.284366607666016,16.46832275390625,-5.932538032531738,14.173046112060549,-5.536243438720703,-144.49630737304688
55.42573928833008,8.098020553588867,28.042701721191406,3.5179004669189453,20.60692405700684,0.9708676934242249,13.63776397705078,-5.088471412658691,-62.26974105834961
54.47344398498535,31.274127960205078,17.291173934936523,11.144034385681152,31.592958450317383,3.7221014499664307,21.205198287963867,-2.4789485931396484,-238.1732406616211
49.290687561035156,-15.003917694091797,27.32701587677002,7.194710731506348,16.23213768005371,-1.281157374382019,12.224244594573975,-3.267953872680664,-83.94050216674805
55.98292922973633,-1.425653338432312,32.147457122802734,4.322279691696167,17.814373016357422,-1.416794776916504,14.145235061645508,-4.088911533355713,-87.21187973022461
38.65550994873047,-19.52133560180664,31.142921447753903,12.60028076171875,8.987897872924805,2.6292366981506348,13.93483543395996,2.934037685394287,-105.77899169921876
57.11012268066406,-3.1070961952209477,29.079700469970703,3.0010228157043457,22.70458984375,-4.115879535675049,12.620874404907228,-2.884035587310791,-56.065185546875
89.49222564697266,-12.393263816833496,28.111581802368164,-5.291494846343994,12.550285339355469,-12.691534042358398,9.319597244262695,-8.160656929016113,-67.07538604736328
73.52127456665039,-1.7310906648635864,29.046218872070312,-1.297933042049408,15.33003044128418,-6.463257789611816,6.905464172363281,-5.002112627029419,-36.629058837890625
51.913719177246094,-9.093746185302734,40.16812896728516,0.717902660369873,16.247098922729492,-5.749716281890869,12.697013854980469,-6.242630958557129,-94.26129150390624
27.01077175140381,4.449289560317993,37.46023368835449,4.185401439666748,23.153226852416992,1.7927075624465942,15.639273643493652,-4.221998929977417,-73.02022933959961
31.181018829345703,15.501745700836182,45.140323638916016,18.317607879638672,21.601130485534668,-7.466296672821045,13.458690643310547,-8.278326988220215,-57.337093353271484
50.99283218383789,22.29973030090332,20.265872955322266,-4.250020980834961,14.886100769042969,-5.090002536773682,4.626033782958984,-4.884675025939941,-164.54727172851562
64.49268341064453,25.01516056060791,48.05282211303711,6.971693992614746,19.241371154785156,-3.622814178466797,7.35858678817749,-1.2678797841072083,-148.00836944580078
69.39173889160156,16.05889320373535,51.29597473144531,6.7608642578125,21.68707656860352,-1.2361698150634766,6.850315093994141,2.735445499420166,-154.86093139648438
63.610647201538086,4.295648574829102,31.184513092041016,-4.488824129104614,22.63936710357666,-7.610132932662964,12.194862842559814,0.8531952202320099,-78.02524948120117
68.31398010253906,24.511764526367188,37.96892547607422,25.499046325683597,29.70233154296875,9.943347930908203,18.12262725830078,-1.7831411361694336,-233.37940979003903
52.93602752685547,1.1089582443237305,35.602989196777344,2.600510835647583,21.1866455078125,-3.620820045471192,7.681283950805664,-9.440777778625488,-50.7551155090332
72.7486572265625,20.73554039001465,18.63864517211914,5.122170925140381,22.388158798217773,-5.270679473876953,14.906577110290527,-1.510033130645752,-70.1321792602539
64.54086303710938,24.79079246520996,37.09468460083008,13.480199813842772,26.57454872131348,-4.466129302978516,13.813082695007324,-4.071958065032959,-35.19752502441406
61.6880989074707,-0.9322471022605896,27.392868041992188,-3.9901199340820312,22.152175903320312,-9.274303436279297,10.793563842773438,-6.299025535583496,-50.65625381469727
57.97500419616699,-2.458471179008484,28.940736770629883,-3.7178343534469604,21.31008815765381,-7.0594542026519775,15.021090030670166,-1.919834315776825,-61.829345703125
61.499664306640625,7.49480676651001,23.433515548706055,-2.102330803871155,24.991378784179688,-4.121661424636841,19.024921417236328,-0.5716893076896667,-85.0624008178711
97.96825790405273,-18.806884765625,42.08401870727539,8.234790325164795,28.523295402526855,4.884618759155273,12.867703437805176,4.622461795806885,-88.93220901489258
88.33203887939453,-20.636688232421875,44.83730316162109,7.103842735290527,14.614322662353516,-1.441799283027649,7.822153091430664,-2.4718105792999268,-81.44048309326172
94.9845733642578,22.246337890625,27.866195678710938,4.11278247833252,15.240339279174805,-2.78472900390625,9.298389434814451,-7.88109827041626,-160.55545043945312
61.28687286376953,11.599383354187012,45.431209564208984,-9.843896389007568,27.08429527282715,-4.634771108627319,11.564723491668701,-7.813988208770752,-30.74645709991455
68.15594482421875,23.255556106567383,31.15530586242676,-2.601414680480957,17.210567474365234,-3.702566385269165,9.987939834594728,-7.607565879821777,-136.17495727539062
48.57387161254883,5.761054039001465,43.85161590576172,-3.2465215921401978,22.033899307250977,-0.4682728052139282,12.5190167427063,-5.447673320770264,-115.3736686706543
72.95567321777344,7.601167678833008,28.411964416503903,7.603000640869141,17.398042678833008,1.8730918169021609,10.40433120727539,-8.412312507629395,-101.9027328491211
73.05931091308594,30.87871551513672,39.43224334716797,7.361132621765137,27.809234619140625,0.7957967519760132,13.916723251342772,-3.365224838256836,-159.268310546875
76.59591293334961,28.08904266357422,26.63584613800049,7.335054397583008,23.918381690979004,1.0207023620605469,14.587098598480225,-5.324846267700195,-156.92514038085938
89.11479949951172,15.89442253112793,28.567975997924805,1.7789883613586426,22.61297035217285,-1.95121705532074,13.085851669311523,-5.642412185668945,-159.66378784179688
72.00680541992188,18.481342315673828,49.866920471191406,11.368709564208984,21.68981170654297,3.196940898895264,17.775062561035156,-3.3978586196899414,-150.01153564453125
66.40245819091797,21.959056854248047,42.73899841308594,2.8631612062454224,25.00080108642578,-2.6074745655059814,14.531413078308105,-4.009058952331543,-83.24577331542969
61.09321975708008,6.812263488769531,37.71702575683594,0.286107450723648,20.56924057006836,-8.338032722473145,12.885095596313477,-10.285938262939451,-46.35596466064453
113.77415466308594,40.29949188232422,16.238937377929688,3.080575704574585,13.081259727478027,-0.3633851408958435,10.47500228881836,-11.359233856201172,-191.1913299560547
97.0592041015625,-1.6812668442726135,35.44695281982422,2.0686243772506714,20.641326904296875,-1.6755169034004211,7.191064357757568,-3.476706385612488,-198.60494995117188
107.42277145385742,20.719877243041992,25.44586944580078,5.83482027053833,20.968385696411133,5.548993825912476,11.5343656539917,-3.8705438375473022,-150.20960998535156
44.7236328125,25.758546829223633,49.51955795288086,4.746024131774902,33.79988098144531,2.5298248529434204,12.994078159332275,-0.4657471030950546,-139.7074737548828
83.97161102294922,11.467126846313477,20.195640563964844,7.322999954223633,21.226564407348636,-0.9214799404144288,9.26661777496338,-4.623021602630615,-148.9117431640625
86.66093444824219,-0.9492447972297668,35.201210021972656,8.66130256652832,20.82149887084961,-2.7164790630340576,10.610628128051758,-6.223452568054199,-180.7296295166016
71.21803283691406,8.028352737426758,34.03123474121094,10.002105712890623,15.148096084594728,-2.3729116916656494,8.812359809875488,1.217501163482666,-31.544883728027344
59.0677375793457,7.449884414672852,32.98533248901367,0.2594849169254303,18.512954711914062,-6.57109260559082,13.456769943237305,-3.4064297676086426,-117.35924530029295
72.24002456665039,1.5171945095062256,35.486846923828125,7.2458837032318115,21.93942642211914,4.887370824813843,17.908211708068848,1.6385344862937927,-95.39118194580078
63.230751037597656,-20.312400817871094,43.22419357299805,2.733670473098755,18.32034492492676,-4.1624836921691895,14.14688777923584,0.0639659166336059,-98.7205047607422
54.02262878417969,-21.878639221191406,41.93033599853516,5.120860576629639,20.475486755371094,-3.670464992523194,20.15555763244629,3.836719274520874,-90.7094268798828
79.99638748168945,9.730562210083008,28.94760513305664,14.946790218353271,20.359617233276367,9.174392700195312,12.872689247131348,0.5650455951690674,-108.82017135620117
54.198997497558594,4.580540657043457,31.768630981445312,8.499719619750977,23.589927673339844,3.720878124237061,17.515380859375,-6.932379722595215,-8.476049423217773
52.26702880859375,19.79656982421875,27.894824981689453,12.793997764587402,25.117321014404297,6.232067108154297,16.946935653686523,-4.154448509216309,-185.11898803710935
56.65830612182617,8.896127223968506,34.171749114990234,8.640482902526855,22.78433609008789,5.523964166641235,16.412857055664062,-6.979170560836792,-22.910926818847656
90.14125061035156,9.887901306152344,52.300392150878906,8.883951187133789,23.65958023071289,0.689143180847168,8.255928993225098,-4.388756275177002,-147.01475524902344
82.28656387329102,8.60608959197998,29.550782203674316,0.6685186624526978,15.748095989227295,-4.705275297164917,7.824127674102783,-7.022392749786377,-121.21032333374023
80.76618194580078,1.590308666229248,52.60825347900391,-14.480512619018556,21.21439552307129,-8.414909362792969,5.808605194091797,-5.360588550567627,-54.67863464355469
