42.58366394042969,36.75224685668945,13.388520240783691,16.707725524902344,-11.47653579711914,5.847432613372803,-8.563390731811523,2798.2476905890726,0.0693359375,-169.64749145507812
18.679709434509277,20.600729942321777,0.4635299146175384,19.51748561859131,-5.5926783084869385,12.462862491607666,-5.219463109970093,2906.934757771457,0.100341796875,-35.03223419189453
-8.940793991088867,23.12150001525879,4.618575572967529,19.718308448791504,6.909872531890869,14.621345520019531,0.36944469809532166,2864.8866985283676,0.099365234375,-117.47358322143555
6.789538860321045,26.01045513153076,-3.142531156539917,23.118183135986328,2.0209063291549683,15.087135314941406,-4.533675670623779,2904.670152842597,0.0947265625,-40.30825233459473
-56.306983947753906,8.424356937408447,-19.86819076538086,-0.35403871536254883,-0.8343279361724854,0.08248299360275266,-7.25426983833313,1568.6891759981186,0.10107421875,-163.08638763427734
20.583759307861328,32.71389961242676,3.4770290851593018,26.022930145263672,0.5298298895359039,14.730233192443848,-1.31370347738266,2984.2454637603387,0.11279296875,-111.95158767700195
7.261937618255615,31.082597732543945,-2.992013096809387,18.56635093688965,-4.140012741088867,7.268553972244263,-4.776632308959961,2790.260855579343,0.162109375,-55.15082359313965
-6.867119789123535,28.412620544433597,-2.668179512023926,26.503786087036133,-0.8066020607948303,15.718093872070312,-6.412490367889404,2818.684975215708,0.142578125,-22.12746810913086
16.681201934814453,38.83917999267578,5.212151527404785,16.738834381103516,-1.9912031888961792,12.247093200683594,-2.248501777648926,2948.0203361108543,0.095703125,-23.0589542388916
14.44209098815918,19.835620880126957,12.946041107177734,26.868555068969727,3.402348041534424,16.96053695678711,-4.326043128967285,3247.5154983759207,0.2197265625,-47.499267578125
18.216835021972656,38.0796012878418,7.352453231811523,25.34610748291016,0.9455025792121888,18.91851806640625,-4.486886978149414,3098.414328264636,0.1396484375,-79.39148712158203
6.507273197174072,15.123141288757324,-2.1314412355422974,15.87843656539917,-6.707467555999756,9.379595279693604,-9.499205589294434,2728.408469043138,0.08349609375,-97.88693618774414
7.919330596923828,16.733360290527344,-2.7437026500701904,16.615314483642578,-6.354832649230957,10.520206451416016,-8.987873077392578,2837.459514170603,0.1005859375,-35.80537033081055
13.702672958374023,35.38433265686035,0.6267848610877991,23.950294494628906,-3.696168541908264,10.339505672454834,-8.066767692565918,2990.545759369007,0.1611328125,24.108312606811523
11.077276706695557,27.94867515563965,1.4959576725959778,23.509033203125,-0.8750916719436646,12.481446266174316,-2.378393054008484,2830.492893248851,0.0810546875,-108.30485153198242
19.718170166015625,26.22259330749512,-2.364755630493164,16.73703384399414,-8.480743408203125,11.531705856323242,-7.22238302230835,2969.217913476122,0.119140625,-108.3585433959961
-2.877381205558777,27.927266120910645,-8.190752029418945,11.743830680847168,-13.58908462524414,3.6447094678878784,-10.49679183959961,2726.1050489795907,0.1337890625,10.346922874450684
10.869723796844482,39.15612602233887,-1.4884541034698486,23.095705032348633,3.8664413690567017,18.451430320739746,-8.415493965148926,2983.3683709338275,0.14599609375,-86.83674240112305
13.153465270996094,25.29652404785156,4.128371238708496,12.898128509521484,-6.103625297546387,11.062836647033691,-0.3625558614730835,3088.488132010298,0.162109375,-51.961212158203125
5.571756362915039,24.11234664916992,7.635945320129394,13.66396427154541,-5.704660415649414,9.463825225830078,0.2072837948799133,3116.5677545388617,0.15234375,-20.845399856567383
4.832173824310303,28.664691925048828,1.9396727085113523,15.338327407836914,-9.878994941711426,10.00786590576172,-1.4674055576324463,2953.1100149667327,0.17236328125,-103.9630126953125
-6.050000190734863,26.14634132385254,4.139500617980957,12.697052001953123,-6.094995975494385,7.958776473999023,0.7829818725585938,2818.5951119688443,0.1181640625,-37.00005722045898
-5.4135966300964355,21.16141128540039,0.6009836196899414,20.17549705505371,-2.477421760559082,12.659378051757812,-4.000265955924988,2911.2644368595056,0.15185546875,-56.100149154663086
8.0548677444458,0.6725766062736511,-8.308669090270996,18.81173324584961,-9.718883514404297,13.18108367919922,-10.190643310546877,2937.349181385095,0.14404296875,-73.184814453125
-14.020112991333008,41.44606590270996,16.766161918640137,9.076333045959473,-1.591713309288025,9.191999435424805,-2.798418641090393,2027.2615921826068,0.05517578125,-91.47651290893555
10.830275535583496,25.52458953857422,-2.938883781433105,23.265300750732425,-9.73333740234375,15.193474769592283,-4.961138248443604,2938.576190893704,0.130859375,-97.65440368652344
-3.3883975744247437,36.18372344970703,-2.271990180015564,21.874183654785156,-0.3837626874446869,13.532771587371826,-4.196640729904175,2654.964086559247,0.109375,-54.518341064453125
27.12242889404297,55.84088134765625,1.93175745010376,39.892333984375,6.926262855529785,11.016833305358888,1.1026899814605713,2619.032978872999,0.05029296875,-115.4569091796875
-15.672767639160156,39.66914367675781,-1.7736210823059082,15.205448150634766,-3.798892498016357,11.894411087036133,-5.811779975891113,2350.686352386631,0.1005859375,-128.38812255859375
2.511583089828491,30.5498046875,3.079956531524658,18.54950714111328,-5.170363903045654,11.940058708190918,-8.021622657775879,2954.06803608905,0.2041015625,10.127104759216309
13.570207595825195,26.30574607849121,4.793286323547363,14.732206344604492,-1.8107787370681765,20.00957489013672,-4.066624641418457,3152.430499955033,0.1240234375,-8.361808776855469
18.2178955078125,38.08045959472656,7.399267196655273,25.37060165405273,0.955418348312378,18.954864501953125,-4.500375747680664,3098.569524795428,0.13916015625,-79.35934448242188
4.6251068115234375,26.93503189086914,2.073014259338379,23.037403106689453,-2.52846908569336,14.661806106567385,-2.1371586322784424,2938.31378653468,0.13818359375,-55.18300628662109
-0.0456151962280273,33.329551696777344,6.670522689819336,15.326299667358398,-2.360844135284424,13.841300964355469,-12.99781608581543,3003.8562897300494,0.21142578125,28.31970977783203
21.60963535308838,32.75343704223633,1.900570571422577,19.327028274536133,-5.520937919616699,12.298233985900879,-8.468815326690674,3094.767941852863,0.119873046875,-14.571758270263672
25.41053009033203,25.880627632141113,7.4949915409088135,21.37112808227539,-6.087937831878662,17.838269233703613,-6.495069980621338,2709.8682247159413,0.05615234375,-134.1524658203125
-15.496533870697021,46.99007987976074,16.814743995666504,26.11183452606201,-0.603557676076889,8.15787410736084,-5.073263645172119,2594.6749406772833,0.11962890625,-75.03696823120117
7.887916564941406,35.92835235595703,2.753489255905152,29.07554244995117,-2.720475196838379,9.544231414794922,-3.8333234786987305,2088.971940694272,0.0458984375,-197.52096557617188
21.478126525878906,29.714966773986816,9.690215587615967,14.425288677215576,6.085850238800049,7.024173974990845,-3.991370916366577,1365.407871318398,0.017578125,-179.48828125
-22.183813095092773,30.185462951660156,3.0561275482177734,15.412275314331055,-0.8120200932025909,5.8441243171691895,-2.8163604736328125,2200.4981971478246,0.0888671875,-142.55177307128906
13.275337219238281,9.147212028503418,2.532185435295105,2.3437637090682983,-1.7858068346977234,1.4732027053833008,-3.492432117462158,3136.4477162478734,0.109375,-134.10366821289062
-2.1402392387390137,29.746511459350582,-6.509320259094238,12.321977615356444,-4.338033199310303,7.326600551605225,-6.5416364669799805,2789.246065717158,0.158203125,-78.34536743164062
-36.153499603271484,11.204850196838379,-17.151996612548828,10.010332584381104,-7.852436780929565,5.98305606842041,-12.573063850402832,2424.3086422696833,0.173095703125,-129.56700897216797
3.487589716911316,9.35523509979248,4.156332015991211,20.56429100036621,-0.87730273604393,7.74030613899231,-5.766237735748291,2911.2568038215823,0.11572265625,-192.87398529052734
-12.204458236694336,0.0999338179826736,-10.914505958557127,29.345203399658203,-4.309518337249756,1.3942948579788208,2.8565564155578613,2570.829093057959,0.11767578125,-168.9552764892578
-15.384368896484377,41.680938720703125,-15.508586883544922,19.144317626953125,-5.365875244140625,5.89650821685791,-5.741909980773926,2421.871900635403,0.18359375,-148.7876739501953
26.905086517333984,23.92388343811035,9.36199951171875,21.67736053466797,-1.57293963432312,8.805238723754883,-4.3687896728515625,2930.4161235664506,0.08056640625,-137.02000427246094
14.327192306518555,15.831511497497559,-9.259536266326904,19.35962200164795,4.438693523406982,11.71666431427002,-4.9698498249053955,2861.848755435274,0.09375,-92.74188232421875
-2.3845049142837524,26.54469108581543,-10.553023338317871,23.899922370910645,8.978347778320312,10.36909818649292,-2.245772361755371,2298.669014824195,0.04931640625,-108.7786865234375
-8.094717025756836,38.12101364135742,-15.43195343017578,23.11998748779297,-6.987878322601318,3.5087389945983887,-0.7306306958198547,2527.412378457689,0.14453125,-56.046173095703125
1.0795921087265017,36.52357482910156,2.867403030395508,29.32543563842773,14.529062271118164,15.835169792175291,1.2221028804779053,2617.2718409775475,0.09765625,-118.44271087646484
24.524707794189453,39.00029754638672,-4.715686798095703,19.42807006835937,-2.220991849899292,12.158943176269531,-4.342718124389648,2884.4536031987773,0.107421875,-126.53421020507812
8.659875392913818,23.354156494140625,-3.7727776765823364,14.27040433883667,-4.847193002700806,11.785467624664307,-8.186038970947266,3012.436462323054,0.203369140625,-81.8603286743164
-0.6810543537139893,42.37965774536133,12.768609046936035,27.924118041992188,1.264536738395691,18.4522647857666,0.9796841144561768,2847.909913914891,0.107421875,-93.7145538330078
14.577847003936768,14.223258018493652,14.599818229675293,21.44637966156006,-4.965661525726318,6.252702474594116,-1.0011258125305176,3318.958447020104,0.17724609375,-95.7287712097168
-4.033541202545166,30.580432891845703,-3.4413833618164062,23.94338035583496,-4.382920265197754,9.570517539978027,-1.7870807647705078,2811.993374853444,0.242919921875,-88.84891891479492
1.9088923931121824,32.95195007324219,2.630756378173828,28.168628692626957,-0.6414308547973633,14.112119674682615,-4.060221195220947,2702.702778807374,0.0751953125,-122.8525848388672
1.7780051231384275,35.01661682128906,-10.045195579528809,18.610843658447266,-9.364974975585938,9.62583351135254,-6.84311580657959,2528.2712973684256,0.09033203125,-51.83566665649414
-17.591442108154297,42.03731536865234,-1.7423491477966309,14.875184059143066,-0.4184296131134033,10.347997665405272,-6.9181671142578125,2552.59517412634,0.22119140625,-48.96337890625
3.527015924453736,33.64613342285156,9.473974227905272,27.047298431396484,3.0211052894592285,14.485895156860352,-0.4176138937473297,2897.374202154805,0.087890625,-90.24038696289062
5.31635856628418,37.827880859375,18.25536727905273,21.746002197265625,4.14620304107666,14.967577934265137,-3.1698803901672363,2921.859087782706,0.078125,-97.3834991455078
32.28428649902344,29.85433578491211,11.132444381713867,20.10398292541504,3.649012565612793,13.066282272338867,-2.3596062660217285,2972.650681989206,0.06884765625,-86.04930877685547
5.748618841171265,22.158923149108887,1.0384837985038757,18.77915382385254,5.674445390701294,13.24411678314209,-0.3087695389986038,2531.916898601059,0.056640625,-46.60659217834473
22.77166748046875,35.11967468261719,3.1901841163635254,22.341218948364254,-4.118497371673584,8.234550476074219,-6.070887565612793,2850.6080535653027,0.06640625,-127.30955505371094
9.21479606628418,44.76412963867188,6.396484375,20.08063507080078,5.605855941772461,15.95705223083496,-4.938582420349121,2781.732365054232,0.087890625,-66.09852600097656
7.559573173522949,33.17407989501953,9.99905014038086,22.900367736816406,0.5829979181289673,11.946695327758787,0.0736984014511108,3030.725698665068,0.14501953125,-124.75123596191406
21.783477783203125,35.395071029663086,4.022056579589844,24.1335506439209,-10.627898216247559,10.093203067779541,-7.58080792427063,2943.728752361198,0.1015625,-92.37078475952148
-8.168964862823486,33.425418853759766,7.008830308914185,22.02209758758545,0.5515970289707184,14.275497436523438,-6.711894512176514,2792.532333849913,0.14501953125,-70.9515266418457
21.45383358001709,51.571834564208984,8.078465461730957,24.059605598449707,-1.4668399691581726,15.555375099182129,-6.0225560665130615,2950.652641822243,0.13427734375,-109.9491195678711
32.58576774597168,56.96539306640625,6.117367744445801,22.468002319335938,1.2208752036094666,12.407776355743408,-6.247920274734497,2891.7518551911025,0.06494140625,-102.0470962524414
23.0748929977417,59.50767517089844,7.960866212844849,23.77478790283203,2.474051594734192,12.340043067932129,-5.8223161697387695,2824.6501935245547,0.095703125,-108.29107284545898
18.717223167419434,50.17848205566406,2.084138870239258,22.21242046356201,2.4541778564453125,12.036733627319336,-2.2833555936813354,2766.8672370078402,0.05810546875,-97.09148025512695
12.808058738708496,47.96731948852539,-2.995640754699707,21.263931274414062,0.4780223667621612,9.619200706481934,-3.431279420852661,2762.860530533192,0.09814453125,-108.20975494384766
42.96321105957031,40.8364486694336,2.642688751220703,30.11713981628418,6.995615482330322,13.746068954467772,-6.393002510070801,3211.7763412186678,0.1142578125,-109.05691528320312
8.009387016296387,48.26213836669922,2.547863006591797,25.09514045715332,-7.992860794067383,12.847539901733398,-1.3948800563812256,2811.879411832256,0.1630859375,-64.56748962402344
40.55683898925781,51.84282684326172,6.045950889587402,30.15367317199707,3.1518774032592773,17.57769775390625,-3.692894697189331,3158.673871247377,0.11083984375,-126.08541107177734
46.5765380859375,48.327880859375,10.206075191497803,19.164466857910156,2.3929773569107056,13.331906795501709,-1.0401935577392578,3271.0815169612615,0.119140625,-126.218994140625
4.770317077636719,48.79804229736328,3.2309987545013428,36.49102783203125,-15.303603172302246,21.470518112182617,-10.256632804870604,2733.8895072963405,0.078125,-96.2109603881836
15.891359329223633,24.117542266845703,8.981762886047363,18.762744903564453,0.5896319150924683,9.835918426513672,-3.017313003540039,3074.527256504004,0.1220703125,-69.81511688232422
22.615619659423828,35.67278289794922,13.925811767578123,12.170774459838867,-2.1630313396453857,12.073602676391602,-4.705977916717529,2464.5063687523693,0.0458984375,-128.65576171875
-0.0584692656993866,32.433013916015625,9.344365119934082,24.283203125,-0.8936139941215515,14.71090030670166,-4.870295524597168,3007.026262611025,0.14404296875,-22.216629028320312
1.443279504776001,28.001449584960938,7.367338180541992,29.942062377929688,1.1348167657852173,10.084881782531738,-2.614271879196167,2580.7066498528543,0.0927734375,-181.47288513183597
18.21232414245605,58.05517959594727,18.63388442993164,35.52397918701172,0.4840033650398254,4.374091148376465,-5.615628719329834,2719.7752658608683,0.07763671875,-186.30918884277344
3.542057991027832,22.71626663208008,0.51417076587677,10.646614074707031,-5.7038116455078125,6.800469398498535,-8.153006553649902,2521.1795039300546,0.080078125,-111.92559814453124
10.08627700805664,21.875268936157227,6.865062236785889,26.78915500640869,7.262104749679565,14.913605213165283,-0.8281344771385193,2625.27611812969,0.07177734375,-180.20794677734375
-11.566393852233888,21.3283805847168,-0.1739600598812103,9.449315071105955,-5.8764753341674805,7.007089614868164,-2.4516005516052246,2047.0378481053065,0.060546875,-91.20682525634766
-45.583187103271484,19.85794734954834,4.295310020446777,20.053078651428223,0.7962519526481628,12.06450891494751,-6.738184213638306,1833.16968814273,0.11279296875,-100.1843490600586
-18.71207046508789,36.214393615722656,14.943349361419678,17.83232021331787,4.436217308044434,13.132662773132324,-3.2496050596237183,1824.6037656050607,0.0517578125,-139.48648834228516
-34.10728073120117,37.35531806945801,23.698159217834473,9.39937448501587,-2.5164623260498047,-0.5077405571937561,-3.610422134399414,1322.4488115631102,0.06591796875,-160.36973571777344
-0.9733732342720032,25.14177131652832,17.966033935546875,13.069396018981934,-1.026381492614746,11.55676555633545,3.2195475101470947,1972.1454437423265,0.04541015625,-153.1835174560547
-17.17667007446289,35.4493408203125,6.28230094909668,30.113340377807617,0.0042876191437244,16.001148223876953,-1.9143471717834477,1981.202994165839,0.05810546875,-164.64675903320312
23.21267890930176,24.12420654296875,8.97637939453125,16.904428482055664,-3.599268913269043,6.388078212738037,-7.44477653503418,2371.3935075502573,0.04833984375,-259.3653259277344
1.0226484537124634,4.896925926208496,-3.8170114755630493,3.7488601207733154,-8.54253339767456,15.614260196685791,-0.3019580841064453,2229.0095688981273,0.072509765625,-181.17721557617188
2.3210902214050293,29.684415817260742,13.862462997436523,13.417551517486572,1.950272798538208,1.2056254744529724,0.8558050096035004,1371.5690757965183,0.0419921875,-280.0400390625
23.880435943603516,15.40034532546997,2.4059996604919434,-3.0608341693878174,-6.576454162597656,-5.298590660095215,-6.809276103973389,886.6618108745022,0.0361328125,-241.7778778076172
46.18925094604492,8.830594539642334,-1.8125377893447874,-7.977895021438599,-14.867623805999756,9.457963943481445,8.82812213897705,980.4279358180804,0.05029296875,-329.93690490722656
35.487239837646484,43.15296936035156,18.004169464111328,16.405033111572266,5.643589019775391,10.067209243774414,4.844477653503418,2146.843044852627,0.021484375,-196.2772216796875
18.005292892456055,27.21336364746094,-1.4064176082611084,13.877741813659668,-2.5757704973220825,11.460880279541016,-5.130345106124878,2628.637596720817,0.07666015625,-163.61353302001953
27.76691436767578,28.63369369506836,-4.425914287567139,29.999942779541016,-5.690762519836426,14.102422714233398,-5.376304626464844,2976.044624241109,0.12158203125,-142.93975830078125
-0.7938276529312134,31.52182960510254,5.8274030685424805,22.560657501220703,-10.74683952331543,9.118587493896484,-8.006860733032227,2424.375158085437,0.08154296875,-143.93707275390625
30.502943992614746,34.21297836303711,7.914453506469727,27.21306800842285,-4.245145797729492,14.83988332748413,-0.6665874123573303,3086.8824043723407,0.1064453125,-163.50247192382812
25.305026054382324,26.819168090820312,-1.886469542980194,14.953103065490723,-5.616983413696289,3.746085286140442,-10.085386276245117,2885.748110879453,0.12109375,-107.77521133422852
21.463525772094727,32.59599304199219,8.721502304077148,26.678630828857425,-3.3991453647613525,13.96547508239746,-1.6480450630187988,3002.945707370244,0.09912109375,-164.13357543945312
-22.60724449157715,39.592140197753906,14.723649024963379,25.355578422546387,1.5552157163619995,17.22098159790039,4.699270725250244,2483.9720958508037,0.06591796875,-85.60557556152344
5.382528305053711,42.14317321777344,11.076204299926758,27.1092529296875,6.7627434730529785,10.810749053955078,-0.9111731052398682,1977.448073625301,0.01904296875,-137.87588500976562
12.313079833984375,29.485005378723145,3.24982488155365,15.967994689941406,-5.8792724609375,7.165700435638428,-5.827165365219116,2579.376161021821,0.08740234375,-170.46985626220703
-1.5566179752349854,32.10169219970703,3.115231513977051,19.31639862060547,0.3738926649093628,9.920801162719728,-0.8286467790603638,2155.260169978088,0.0517578125,-139.8995361328125
18.06415557861328,17.790788650512695,5.314576148986816,12.021324157714844,-1.6368120908737185,1.7582380771636963,-2.984336376190185,2403.6717376973097,0.05908203125,-178.5954132080078
45.220645904541016,20.267626762390137,14.29601240158081,20.799510955810547,1.1320111155509949,10.45068645477295,-1.0922963619232178,1942.069476775901,0.0205078125,-229.85755157470703
11.781983375549316,40.10917663574219,1.5159530639648438,18.00057601928711,4.45988130569458,10.757081031799316,-0.2586729526519775,2498.69485357366,0.06103515625,-81.9178237915039
9.677900314331055,28.16306781768799,-3.9043591022491455,22.716242790222168,-8.29287338256836,9.417591094970703,-7.227694511413574,2687.8031024800675,0.09814453125,-86.0710220336914
21.67372703552246,37.1093635559082,15.602900505065918,20.519397735595703,5.876821517944336,9.660811424255373,0.717118501663208,2468.202466797829,0.0380859375,-158.82882690429688
5.583861827850342,30.438737869262695,4.151282787322998,17.08595085144043,-6.718480348587036,12.859071731567383,-10.940681457519531,2837.024875003044,0.141845703125,-89.01865005493164
18.72340202331543,28.039306640625,-1.4594345092773438,19.286605834960938,-3.94266939163208,12.183095932006836,-4.688723564147949,2858.393886817043,0.10009765625,-43.7196044921875
11.95655918121338,30.81009292602539,16.416566848754883,21.11700439453125,2.151545524597168,12.371941566467283,-2.021702766418457,2011.0024898784031,0.02685546875,-212.4512481689453
-3.634616374969483,26.154440879821777,-2.0366863012313843,13.604379177093506,-3.504293203353882,4.696791887283325,-6.7304511070251465,2283.2022964732646,0.08154296875,-116.64131164550781
13.532894611358643,24.50126552581787,19.001819610595703,9.933752059936523,4.585047483444214,7.948707580566406,2.921525478363037,1032.2969609465135,0.01416015625,-316.5958251953125
6.608386516571045,21.088526725769043,-4.9603636264801025,10.193549633026123,7.625710964202881,15.598760604858398,2.212920904159546,1965.2478769782838,0.03759765625,-193.08525848388672
18.51231384277344,43.9922103881836,-0.5365962386131287,21.974872589111328,-8.55868148803711,8.573143005371094,-0.6694698333740234,2335.4696121212983,0.060546875,-116.66999816894533
10.578059196472168,38.87977981567383,6.881430625915527,15.27071762084961,4.91627049446106,11.59916639328003,-6.765172719955444,2832.8373891551482,0.10107421875,-64.25833129882812
22.167585372924805,27.91747760772705,5.01314377784729,18.77878189086914,-1.1707642078399658,12.917947769165039,-7.443430662155151,3027.4449051975216,0.1376953125,-124.24900436401367
26.64328384399414,30.25358009338379,8.90794849395752,21.731765747070312,-4.984179496765137,10.522890090942385,-1.8407962322235107,2979.6137141572394,0.09228515625,-102.47819519042967
2.1164512634277344,21.421112060546875,6.539272308349609,21.10502243041992,-0.9911311864852904,12.082891464233398,-6.549043655395508,2699.1610131188427,0.08544921875,-91.62190246582033
25.347554206848145,63.97129440307617,-6.026167154312134,23.999672889709473,-10.242806434631348,3.7764644622802734,-6.4771409034729,2062.444725841364,0.04296875,-204.05864715576172
15.777471542358398,36.39656448364258,1.333794891834259,28.288386344909668,-4.496873378753662,9.231451511383057,-2.7236812114715576,2794.7422578238916,0.099609375,-99.30168914794922
-21.14767265319824,24.384502410888672,6.880236625671387,19.9582462310791,3.836114406585693,16.268821716308594,-1.6326279640197754,2175.428266189687,0.08935546875,-78.16261291503906
9.93207550048828,48.382057189941406,-0.4462116956710815,33.4734001159668,2.124777317047119,7.3185224533081055,0.1957995295524597,2537.922754915866,0.0634765625,-143.38131713867188
-12.65011978149414,31.919562339782715,10.197351455688477,16.070557594299316,-6.471746206283569,10.869863033294678,-7.554916620254517,2575.894885802444,0.11767578125,-119.27637100219727
14.864134311676025,24.396074295043945,8.92375659942627,17.532194137573242,-0.0503816604614257,10.475122928619385,-0.4966062158346176,2501.429328403007,0.044921875,-127.02123641967773
38.093994140625,29.633689880371094,16.183813095092773,11.077506065368652,9.426042556762695,16.794837951660156,-4.19205379486084,3306.131116212131,0.052734375,-215.04168701171875
15.387027740478516,38.95000457763672,6.722372055053711,20.826824188232425,-4.283604145050049,15.114055633544922,-5.914595603942871,2964.4591093445324,0.146484375,-120.67967987060548
6.881688594818115,26.977514266967773,5.2058305740356445,13.11865234375,-6.417503356933594,7.808208465576172,0.8214929103851318,2044.6799069155263,0.0537109375,-100.20030975341795
7.769141674041748,22.15015411376953,-5.141937732696533,10.29920768737793,-7.162303924560547,15.294111251831056,-4.321989059448242,2941.5458808301014,0.2607421875,-153.90390014648438
7.995548963546753,20.84574604034424,-3.6747266054153447,10.56168270111084,-7.771031379699707,15.56366729736328,-4.423029899597168,2973.5752869394983,0.269287109375,-156.12420654296875
-23.850013732910156,29.13332176208496,-3.293254852294922,0.2718170136213302,-5.1351847648620605,20.549205780029297,5.248645782470703,1479.683707279502,0.0712890625,-161.75030517578125
17.81365966796875,29.411964416503903,12.462547302246094,15.250473022460938,-3.891661167144776,11.00391960144043,-2.3555233478546143,2875.5974609884324,0.0791015625,-171.23556518554688
45.5575008392334,22.548511505126953,-5.331756830215454,13.706661224365234,-1.8339872360229492,6.978323698043823,-3.4019805192947388,3046.618010454842,0.0693359375,-123.94215393066406
18.0682373046875,22.619749069213867,-0.6756026744842529,14.228317260742188,-4.133764743804932,9.060279846191406,-10.991470336914062,2973.672993908531,0.09521484375,-35.65938949584961
11.210025787353516,35.7513427734375,-5.017056941986084,16.294565200805664,-8.165853500366211,17.71843147277832,-6.256024360656738,2868.3947630475477,0.16162109375,-78.46236419677734
1.2156503200531006,16.32147979736328,6.790273666381836,13.887103080749512,3.84128475189209,3.5685667991638184,-1.4927878379821775,1415.6370488014038,0.03955078125,-190.8370361328125
29.942371368408203,22.72577667236328,-1.612498760223389,10.705917358398438,-0.1842666268348693,4.690177917480469,-4.495783805847168,1815.8588343187887,0.04248046875,-215.6076202392578
17.258224487304688,23.8996524810791,8.359816074371338,14.377148628234863,-4.957152366638184,6.021770000457764,-7.7635498046875,2550.6083911796704,0.080078125,-197.26021575927734
2.3867673873901367,47.85847091674805,-7.0676844120025635,20.745131492614746,-2.1026512384414673,9.556427001953125,-3.364651918411255,2278.6993282242856,0.054931640625,-224.49082946777344
14.657110214233398,28.968448638916016,8.151853561401367,18.782501220703125,-5.576247215270996,9.621036529541016,-6.7043657302856445,2804.859590087918,0.07470703125,-163.44705200195312
9.914960861206056,41.500938415527344,2.817155122756958,20.49176406860352,-1.092360258102417,12.320171356201172,-2.5643043518066406,2780.35711751188,0.11669921875,-85.71598052978516
-10.097010612487793,35.45657920837402,12.24708366394043,16.07327365875244,-2.565677523612976,9.562011241912842,-4.450442790985107,2644.001828605554,0.1220703125,-107.09496688842773
7.5081048011779785,44.624969482421875,8.056135177612305,27.001455307006836,1.661198616027832,10.906204223632812,-2.6554744243621826,2673.7742266367086,0.06298828125,-128.66423797607422
2.619560718536377,39.946197509765625,10.08156681060791,20.33418846130371,-0.7689697742462158,8.195548057556152,0.3285906314849853,2466.8879354402725,0.07080078125,-202.3188934326172
11.20952844619751,37.206199645996094,7.942363977432251,19.693628311157227,-1.8517271876335144,9.754084587097168,-3.2223461866378784,2731.595069019946,0.06884765625,-80.55001449584961
20.2875919342041,29.369632720947266,11.279804229736328,20.289382934570312,-2.053584575653076,6.66256046295166,-8.828311920166016,2920.813724821755,0.083984375,-152.44691467285156
-5.941253662109375,27.33617782592773,10.201589584350586,29.75473403930664,-10.852825164794922,15.66079330444336,3.787762403488159,2217.936751717967,0.06298828125,-129.62193298339844
2.908854484558105,32.87861251831055,23.55263328552246,32.40317153930664,3.08296537399292,13.192719459533691,-0.6932375431060791,2486.487646415235,0.046875,-124.93610382080078
6.42358922958374,50.22756576538086,3.6637871265411377,32.15142059326172,-0.6630471050739288,15.122049331665039,0.4217654764652252,2562.2457027553382,0.0703125,-144.94124603271484
11.428579330444336,24.19761657714844,2.612202405929565,23.495849609375,-3.1057496070861816,12.942904472351074,-1.7073990106582642,2896.976871400584,0.107421875,-142.79275512695312
-1.9978135824203491,41.39979553222656,0.916160762310028,25.65140151977539,2.582850694656372,20.869715690612793,-1.7517322897911072,2697.564170232224,0.10986328125,-104.36065673828125
-0.044921875,20.883869171142575,-4.594880104064941,22.40806579589844,-6.061017990112305,5.316647529602051,-9.554760932922363,2865.930522744415,0.2021484375,-156.17640686035156
-4.802661895751953,29.662330627441406,-2.9774703979492188,24.85146713256836,-3.7702752351760864,6.0352983474731445,-7.535215854644775,2704.268754952598,0.1435546875,-47.80413818359375
4.684210300445557,44.18575668334961,11.98541784286499,23.177949905395508,2.2895675897598267,13.843628883361816,1.549337923526764,2732.908760991139,0.07763671875,-144.79736328125
-0.8171830177307129,32.49357223510742,6.644187927246094,19.526018142700195,2.4716625213623047,15.544334411621094,-2.1554017066955566,2812.994691543594,0.0986328125,-165.30392456054688
-2.929550051689148,34.08463668823242,7.343866586685181,18.757400512695312,2.4941376447677612,15.929134845733643,-2.3031951189041138,2744.1083104361624,0.0966796875,-164.87294006347656
-9.309818267822266,31.777156829833984,4.466597557067871,24.670656204223633,-2.5791115760803223,11.125643730163574,-3.3200217485427856,2673.9102696652453,0.1279296875,-68.22703552246094
27.556480407714844,32.85940933227539,10.353854656219482,19.78159236907959,-0.6997129321098328,14.533692359924316,-1.1381656527519226,2951.7356328689875,0.06591796875,-148.9723663330078
8.673900604248047,35.144718170166016,18.477384567260746,24.285022735595703,2.428913354873657,15.093955993652344,1.707196593284607,2799.903439545616,0.0771484375,-172.8866729736328
-16.31146240234375,36.54152297973633,-9.096823692321776,26.23225212097168,9.55074691772461,10.852310180664062,3.631176710128784,1968.8402987002837,0.05078125,-103.55985260009766
-4.064210891723633,29.57834815979004,1.95540714263916,18.786407470703125,-1.5099786520004272,13.245330810546877,1.9224188327789309,2500.123201809796,0.0751953125,-135.57325744628906
2.9448553323745728,25.988588333129883,-6.02714729309082,23.746520042419437,1.2807612419128418,9.369738578796387,0.2350973486900329,2336.428958683443,0.0517578125,-54.091819763183594
-6.706697940826416,43.04581260681152,13.776383399963379,30.213306427001953,12.860543251037598,4.507642507553101,-0.058575987815856906,1723.4003954876898,0.0302734375,-249.33890533447266
23.102161407470703,24.59837913513184,-10.259021759033203,22.178077697753903,-15.629186630249023,7.018118381500244,-6.849947929382324,2818.071366495813,0.10546875,-48.43258285522461
-31.34670639038086,25.24471664428711,-4.461189270019531,13.133779525756836,-3.658758163452149,8.200904846191406,-1.805004596710205,1795.7456497620751,0.087890625,-61.49899673461914
-7.53828763961792,35.47279357910156,-1.6404024362564087,19.734241485595703,-4.384610176086426,6.382648468017578,2.728787422180176,1830.3964403740115,0.0595703125,-119.55561065673828
14.63066864013672,45.25902557373047,11.176029205322266,20.57215881347656,11.094887733459473,15.26595401763916,-0.3669706583023071,2297.6598643237653,0.0361328125,-233.0227508544922
2.6913446187973022,30.585477828979492,1.6400393843650818,13.707833290100098,-2.199981212615967,9.51322078704834,-2.8602216243743896,2227.9928622840134,0.060546875,-146.20437622070312
-11.825860977172852,35.0416145324707,-2.1698269844055176,19.10866928100586,-1.059264898300171,7.045249938964844,-1.485504388809204,2315.4478682604345,0.07861328125,-101.6119384765625
51.17213821411133,29.780933380126957,18.44454002380371,12.329790115356444,-0.867983341217041,8.598230361938477,-4.070566654205322,2245.732427937641,0.02587890625,-162.99005126953125
27.360363006591797,45.76823425292969,4.64799427986145,24.313157081604004,2.392224669456482,14.643401145935059,-3.1649898290634155,2788.0404915957497,0.08251953125,-162.63888549804688
3.1472575664520264,20.837791442871094,-1.7511827945709229,11.970199584960938,-4.335503101348877,5.408981323242188,-3.311581611633301,2160.8988971227423,0.07275390625,-145.91871643066406
14.768562316894531,19.820213317871094,8.459288120269775,18.57229518890381,2.0617443323135376,11.407380104064941,-1.797720491886139,2554.896163567487,0.056640625,-203.04322052001953
2.205868363380432,23.226863861083984,-2.4040766954421997,9.620174884796143,-2.6709221601486206,13.561355113983154,-6.88191032409668,2851.652251288296,0.14404296875,-92.36467742919922
15.557424068450928,21.72238826751709,3.1208341121673584,11.530022144317627,-3.761817574501037,12.754429817199707,-6.179307222366333,2943.21870385835,0.10595703125,-7.90203332901001
17.13042640686035,35.363691329956055,5.501439571380615,20.300399780273438,-0.32212918996810913,13.723199844360352,-4.662902593612671,2779.9695177159483,0.08837890625,-140.66979217529297
38.03648376464844,23.37422180175781,3.5202479362487797,13.100772857666016,3.962758779525757,12.557741165161133,-3.753942489624024,3313.210695248449,0.14013671875,-46.890869140625
15.893269062042236,24.893884658813477,5.775361061096191,19.961865425109863,-3.425816774368286,15.520708560943604,-4.134631395339966,3041.563566644658,0.0830078125,-89.75931549072266
4.149595737457275,25.267457962036133,10.918096542358398,20.851781845092773,2.566423177719116,16.12454605102539,-3.4014205932617188,3028.213862766519,0.1044921875,-106.77391815185548
24.036362648010254,28.487631797790527,10.687978267669678,17.56832504272461,1.5695478916168213,14.191523551940918,-7.288829565048218,3074.359290950424,0.083251953125,-106.00208282470703
19.41926383972168,41.23551559448242,3.4543447494506836,29.04680824279785,-8.99629020690918,12.536899089813232,-8.158772468566895,2946.608394164523,0.1943359375,-106.24017333984374
-1.1837928295135498,32.32860565185547,-5.654603481292725,17.822683334350586,-2.80169677734375,10.290875434875488,-6.448183059692383,2489.647026657551,0.08837890625,-108.3033447265625
5.746608734130859,36.97673034667969,8.591569900512695,25.993017196655277,0.0995752215385437,14.51046085357666,-3.719702243804932,2679.8939456058647,0.07421875,-101.44409942626952
19.685482025146484,34.0410270690918,6.538969993591309,20.90782356262207,-5.103672981262207,13.453224182128906,-4.372467517852783,2975.729024561481,0.11376953125,-95.15109252929688
1.9707186818122864,29.531461715698242,-1.9168885946273804,11.932100296020508,-2.285698175430298,12.424544334411621,-8.227123260498047,2768.821233018847,0.131103515625,-64.64302825927734
11.580960750579834,24.72404670715332,-8.443338394165039,12.399487495422363,-2.0912071466445923,13.742033004760742,-6.388669490814209,2726.0229574629348,0.1181640625,-53.06219673156738
18.7670841217041,34.186622619628906,5.0394606590271,22.96807861328125,-4.190364837646484,13.830389022827148,-6.8486104011535645,2900.0624959253314,0.103515625,-37.36757659912109
28.8983154296875,16.52204418182373,6.731066465377808,20.32871723175049,-2.1677052974700928,13.626570701599121,-6.082845687866211,3210.631718692971,0.125,-67.62992477416992
28.105817794799805,29.88982391357422,10.256413459777832,25.92968368530273,8.25393009185791,15.127290725708008,-7.723227500915527,3074.9491873854404,0.0830078125,-116.910400390625
21.459793090820312,31.37896728515625,4.125689506530762,18.133394241333008,-8.367485046386719,8.076440811157227,-10.06983757019043,2841.500330410417,0.0869140625,-53.0642204284668
22.490031242370605,23.625176429748535,6.644432783126831,15.859501361846924,-6.542864799499512,10.844130516052246,-6.200876235961914,3052.317152798273,0.1015625,-74.61145782470703
-2.751455545425415,35.724220275878906,6.360037326812744,22.52845764160156,1.1020665168762207,15.882719039916992,-5.404050827026367,2838.7900655996423,0.12939453125,-16.6961669921875
18.004682540893555,30.019238471984863,3.2415027618408203,22.318586349487305,0.6328585743904114,13.522303104400635,-2.915677309036255,2995.5571123594973,0.09326171875,-34.72179985046387
32.76616096496582,32.868263244628906,1.996544599533081,22.232391357421875,-1.8619835376739502,14.73069715499878,-3.061434507369995,3030.261805342723,0.089111328125,-44.966875076293945
15.608874797821045,12.58478307723999,7.366948127746582,16.67616558074951,-6.192569255828857,6.3898797035217285,-11.199838161468506,2796.6419208618127,0.08984375,-82.18372344970703
-11.51689910888672,34.59471893310547,5.023863792419434,23.80049133300781,-0.8207827210426331,14.245463371276855,-5.968540191650391,2559.611755958698,0.11279296875,-30.67475891113281
9.85430383682251,15.496899127960203,0.2775081098079681,23.36539077758789,3.1880061626434326,12.723660469055176,-5.569726943969727,2775.3991648188403,0.08447265625,-25.029494285583496
10.27010202407837,30.149940490722656,-3.323875308036804,18.351085662841797,-1.919962227344513,11.743278980255127,-2.6459604501724243,2799.8932363418294,0.08935546875,-35.44816970825195
9.570699214935303,30.008853912353516,-0.47771143913269043,26.545890808105472,2.046333432197571,14.43413543701172,-3.7685437202453613,2871.175734640517,0.10205078125,-38.47995948791504
26.793450355529785,32.19021034240723,4.248711109161377,21.78316020965576,-3.4040130376815796,13.523672580718994,-4.334786415100098,3142.3955020040535,0.13720703125,-59.67729949951172
12.881031036376951,22.84192657470703,7.104912757873535,20.282737731933597,1.008724808692932,15.904702186584473,-3.4914698600769043,2855.19752186589,0.0888671875,-90.49726104736328
-11.123124122619627,30.15680313110352,1.259369969367981,16.083404541015625,-2.276927947998047,10.201608657836914,-8.406949043273926,2607.854769832878,0.10498046875,-46.410587310791016
30.407150268554688,32.92846870422363,8.240933418273926,15.15904426574707,-4.386824607849121,13.03179121017456,-7.680395603179932,3111.2361440678965,0.11865234375,-42.57175827026367
-3.696437358856201,44.03871154785156,14.321014404296877,21.108362197875977,3.963404893875122,17.38351821899414,-4.809240818023682,2718.378169407505,0.09521484375,-28.89017105102539
21.48025894165039,26.27273941040039,-2.001007318496704,25.030193328857425,-1.163616418838501,10.358697891235352,-5.999136447906494,2968.847746660559,0.1025390625,-21.09898376464844
24.393632888793945,26.96701431274414,-2.6592857837677,22.294662475585938,-2.922539710998535,10.609174728393556,-7.359899520874023,3034.7855989457344,0.1123046875,-40.31364059448242
34.80152130126953,32.166961669921875,6.9596028327941895,19.61559295654297,-3.250332832336426,12.91531753540039,-5.7800140380859375,3189.0297965645987,0.17431640625,-103.39933776855467
25.96697235107422,26.94342422485352,-3.106143951416016,23.422595977783203,-2.196697235107422,10.689947128295898,-7.061640739440918,3033.4947061142725,0.1064453125,-41.901588439941406
29.34942054748535,30.58701801300049,9.480632781982422,20.78000259399414,-1.5622552633285522,13.282028675079346,-2.8606128692626953,3064.4884407301647,0.0810546875,-109.64226913452148
6.980129241943359,20.944747924804688,-2.0461654663085938,13.362446784973145,-8.323652267456055,8.571226119995117,-9.663019180297852,2566.6320158518333,0.09375,-86.72476959228516
14.473619937896729,32.71778678894043,6.11740517616272,21.18064880371094,2.2193288803100586,10.399663925170898,-2.066131830215454,2759.3052169787816,0.0810546875,-67.04961395263672
15.70835828781128,29.063719749450684,0.4456019699573517,17.78973960876465,-0.7990090548992157,11.633339881896973,-5.227360963821411,2772.4115057958757,0.08984375,-120.4687385559082
4.041395664215088,21.421019554138184,3.4677658081054688,19.421552658081055,1.761352777481079,15.536154747009277,-4.383179426193237,2984.3264073106516,0.11474609375,-80.24259185791016
25.08052921295166,33.865379333496094,2.3251677751541138,18.72077178955078,-2.397073745727539,13.922877788543701,-4.4536261558532715,3004.8537876657165,0.117919921875,-51.255998611450195
30.16721820831299,28.300095558166504,9.213870048522947,20.765682220458984,-3.0135304927825928,14.156007766723633,-9.425627708435059,3165.0790780707875,0.13720703125,-115.6555404663086
32.203277587890625,26.343839645385746,7.0198469161987305,17.98752212524414,-2.6529769897460938,13.640134811401367,-11.633466720581056,3207.0853029989657,0.1396484375,-121.12840270996094
-2.4488182067871094,17.128265380859375,-4.253245830535889,19.94887924194336,-5.8781280517578125,9.113075256347656,-8.192928314208984,2844.881383606411,0.14990234375,-26.26924133300781
14.25306510925293,31.20086669921875,8.855620384216309,16.93399429321289,2.722279787063598,11.538843154907228,-4.595349311828613,2874.7318241422195,0.09814453125,-65.86775207519531
9.44306755065918,24.19976806640625,-4.866512298583984,17.29350471496582,0.7125571370124817,14.399134635925291,-9.990191459655762,2981.4645054769358,0.16650390625,-48.031982421875
-5.239363193511963,22.11870765686035,2.18827223777771,14.18501091003418,0.4526731669902801,13.801692962646484,-9.377996444702148,2926.4603644119866,0.16162109375,0.10882518440485
10.558238983154297,26.77074432373047,10.921481132507324,16.94198226928711,3.664751052856445,17.841270446777344,-8.442094802856445,2880.7740925774174,0.10009765625,-52.965614318847656
-5.98911714553833,30.155670166015625,2.8094735145568848,10.314395904541016,-2.440511465072632,8.600669860839844,-9.26266384124756,2672.6998197804783,0.142578125,-37.290748596191406
16.63161563873291,31.969402313232422,3.0246856212615967,20.47764778137207,-2.2883951663970947,13.96070384979248,-7.650970697402954,2994.5543642453463,0.14794921875,-27.53523540496826
-0.8044278025627136,21.427525520324707,-4.161938190460205,10.322842597961426,-5.446879148483276,10.544593811035156,-7.497398614883423,2825.7785876412872,0.14501953125,-7.649881601333618
4.79243803024292,25.337081909179688,-5.978631019592285,15.36621379852295,-8.00394344329834,8.840785503387451,-7.584639310836791,2897.869887363052,0.169921875,-43.783193588256836
0.9372096955776215,10.768036842346191,-5.2401158809661865,9.213440418243408,-5.486900329589844,10.743821620941162,-10.477567672729492,2949.5044280956017,0.1669921875,-48.466243743896484
20.000463485717773,24.662681579589844,3.8382890224456787,17.626455307006836,-0.502240777015686,11.670275688171387,-11.072486877441406,2982.963351926937,0.10400390625,-35.71759223937988
18.555099487304688,25.46022605895996,7.283712387084961,19.08057975769043,-2.1492600440979004,12.38064956665039,-9.97003936767578,2975.3365770285304,0.1142578125,-45.488094329833984
23.369403839111328,27.552562713623047,4.639476776123047,21.166519165039062,-1.572456121444702,11.390006065368652,-9.20359992980957,2974.0859173106164,0.11767578125,-55.72831344604492
22.858518600463867,23.769895553588867,-5.624898433685303,9.101839065551758,0.3725589662790298,10.507105350494385,-13.370465278625488,3077.9943851388925,0.1220703125,-23.39373779296875
14.436328411102295,18.222041130065918,9.459104061126709,6.829989433288574,2.450836181640625,2.0353986024856567,-2.1833664178848267,3149.9278037038234,0.1474609375,-42.530534744262695
-6.118265390396118,18.854517936706543,-3.7579771280288696,14.721202373504639,-9.966944217681885,6.8640196323394775,-7.7600438594818115,2583.352454630024,0.09326171875,-27.26221466064453
0.9096530675888062,32.30024528503418,-2.8035749197006226,22.023681640625,-1.576338529586792,10.75263261795044,-6.011388540267944,2819.2126676218313,0.15087890625,-36.240478515625
4.945219278335571,28.91294765472412,-4.618492841720581,20.00639533996582,-2.027640461921692,10.231215953826904,-8.248985290527344,2899.3133668532532,0.177001953125,-37.01681137084961
7.5125815868377686,30.523067474365234,-4.527866363525391,21.777976989746094,-1.9953946471214299,11.49574899673462,-6.470151662826538,2804.6408674925433,0.10986328125,-57.409244537353516
7.073908805847168,27.90886878967285,-3.262699604034424,22.629051208496094,-0.2079042196273803,11.230825424194336,-5.896751403808594,2825.269296381412,0.11767578125,-52.69185256958008
10.125614166259766,16.941085815429688,-5.5074522495269775,22.545570373535156,-0.3994896411895752,14.217233657836914,-5.065127611160278,2961.2336065253317,0.1162109375,-55.17848777770996
13.90975046157837,24.431540489196777,-4.279945373535156,21.05069923400879,-0.3542920500040054,15.010161399841309,-5.345296859741211,2997.7407707542716,0.150390625,-48.735897064208984
12.995318412780762,23.002666473388672,-4.931220531463623,19.56063461303711,-0.9887714385986328,15.00390625,-6.019335746765137,3014.884092865886,0.16064453125,-18.36284828186035
1.3034136891365051,16.950796127319336,4.103100061416626,21.325918197631836,0.7984510362148285,12.89526081085205,-9.215042114257812,2944.631277670336,0.120361328125,-56.22982215881348
1.2298323512077332,27.385313034057617,-1.922686219215393,20.797372817993164,-3.1926344633102417,13.460576057434082,-4.239717245101929,2733.8218821598684,0.11669921875,-52.23189163208008
11.717615127563477,19.865476608276367,1.1356366872787476,21.330455780029297,-2.360350608825684,14.689645767211914,-3.839787483215332,2944.6470200748563,0.125,-70.04750061035156
-14.185040473937988,43.44159698486328,2.686819076538086,20.43695068359375,-3.521055221557617,12.55522918701172,-2.4826653003692627,2227.43880188139,0.06591796875,-53.76205062866211
24.0892333984375,22.70579433441162,-2.753161072731018,22.24747657775879,-3.647922992706299,12.11185598373413,-8.564354419708252,2812.0076319248465,0.0859375,-116.17221069335938
28.820823669433597,23.17450714111328,-1.945314884185791,20.885963439941406,-3.120599269866944,13.807689666748049,-9.996105194091797,2978.1027697949694,0.0732421875,-10.831339836120604
28.333308219909668,29.717585563659668,9.54846477508545,17.059635162353516,3.9034823179244995,10.075317859649658,-5.984955072402954,3110.950338642519,0.11376953125,-112.67388916015625
24.04761505126953,21.11550235748291,-3.085597276687622,22.330717086791992,-2.4654864072799683,13.034745216369629,-9.197760581970217,2779.938998303761,0.08349609375,-69.99664306640625
15.302675247192385,22.43689727783203,0.6045422554016113,15.804513931274414,-2.5609142780303955,11.548490524291992,-9.7809476852417,2919.616495262776,0.12451171875,-42.87600326538086
10.069147109985352,24.05887031555176,-4.826717376708984,21.66829872131348,6.853679656982422,12.786947250366213,-6.68400239944458,2797.3274189677663,0.13916015625,-93.90689086914062
1.1450015306472778,36.00043869018555,2.0313708782196045,21.017480850219727,-3.20223331451416,9.197661399841309,-8.673032760620117,2848.8266858406187,0.1572265625,-55.43058395385742
19.360292434692383,27.769588470458984,6.205892324447632,19.262993812561035,-0.1034940183162689,10.450685977935791,-3.0360625982284546,3149.548808733158,0.156005859375,-44.02526092529297
25.889559745788574,26.415170669555664,11.792019844055176,16.862378120422363,2.4012542963027954,9.159611225128174,-2.500815749168396,3279.3199927029,0.14306640625,-65.94523620605469
32.27984619140625,29.30473518371582,0.1918960809707641,16.34244155883789,-6.719134330749512,10.828490257263184,-7.694004058837891,2792.5163445847,0.06689453125,-93.22111511230467
28.51118850708008,28.275718688964844,0.1693398356437683,15.903680801391602,-5.6927595138549805,10.279669761657717,-8.420135498046875,2795.9400401413945,0.07568359375,-113.38929748535156
19.421236038208008,25.730045318603516,8.276094913482666,16.88553237915039,-4.125189304351807,9.487513542175295,-6.510604619979858,2954.2875089830404,0.087646484375,-68.1267318725586
-8.537615299224854,38.96601486206055,-10.094411849975586,25.213336944580078,-12.143324851989746,7.836542367935181,-5.294748783111572,2365.8948688926052,0.0830078125,-94.01530456542969
27.69291591644287,22.92234516143799,9.8734769821167,18.22315216064453,-1.866027593612671,11.960948944091797,-5.9702534675598145,3284.6338009512106,0.1455078125,-39.231224060058594
5.673022270202637,35.159278869628906,1.748741626739502,22.58373641967773,3.34123158454895,8.253201484680176,-6.331295013427734,2474.9813454011637,0.06396484375,-118.84901428222656
14.223221778869627,25.15485382080078,-10.04961395263672,6.02721643447876,-7.951139450073242,9.447957992553713,-6.444672584533691,2945.516914874568,0.13427734375,-68.13390350341797
12.745471954345703,25.99781036376953,-6.084951400756836,6.757364273071289,-6.362563610076904,8.534224510192871,-6.343338489532471,2920.046013556359,0.12451171875,-65.92410278320312
7.466081619262695,27.978055000305176,1.3983808159828186,12.365010261535645,3.405102014541626,12.717729568481445,-8.278144836425781,2827.7148366996944,0.1083984375,-40.653303146362305
23.53905296325684,21.670637130737305,3.1654226779937744,15.483202934265137,1.3478162288665771,14.147113800048828,-5.00456428527832,3196.5731190608394,0.2392578125,33.32745361328125
9.654281616210938,27.938096046447754,0.4566366374492645,21.589842796325684,-3.1850780248641968,9.46045732498169,-6.843349456787109,2710.64443034994,0.0986328125,-33.96308708190918
3.0317344665527344,24.56455612182617,7.282906532287598,19.016056060791016,-1.3032026290893557,11.90329647064209,-6.977566719055176,2875.166409572405,0.14599609375,3.7571051120758057
21.177659988403317,21.237319946289062,8.22240400314331,16.39439296722412,4.532606601715088,13.633331298828125,-9.892677307128906,3206.7954703920086,0.22216796875,-0.12478788197040555
22.278640747070312,30.131017684936523,3.176938056945801,18.850645065307617,-2.6543068885803223,10.582009315490724,-11.715103149414062,3135.9932308150114,0.19189453125,-80.2657699584961
-5.530426979064941,25.049036026000977,-7.269727230072021,15.919649124145508,0.9311877489089966,9.55992603302002,-4.976406097412109,2560.984437523292,0.1103515625,-41.92960357666016
10.3245849609375,20.338224411010746,1.3823624849319458,13.564218521118164,-5.373936653137207,9.085384368896484,-6.997250556945801,2615.021273111872,0.06591796875,-91.6393585205078
4.972245693206787,13.797977447509766,-5.176313638687134,16.58180809020996,-4.051328420639038,13.078829288482666,-3.8758996725082397,2912.7077665646793,0.13134765625,24.286808967590332
-0.1620619297027588,26.17211532592773,1.5535645484924316,7.063404560089111,-5.370728492736816,5.989067077636719,-11.604451179504396,2431.6353966826573,0.09130859375,-96.85877990722656
8.266178131103516,24.17116928100586,4.116107940673828,16.881956100463867,-4.571163177490234,6.474461555480957,-9.786105155944824,2771.875769489244,0.08203125,-82.04969024658203
23.437782287597656,17.400630950927734,4.826416730880737,16.417527198791504,2.240616202354431,6.757388353347778,-8.703363418579102,3249.4522227658235,0.13720703125,-54.20712089538574
30.515127182006836,15.011388301849365,7.590506553649902,18.874836921691895,-1.5915864706039429,11.524034023284912,-5.651209354400635,3161.1883972104133,0.09765625,-71.0689811706543
18.872888565063477,27.106337547302246,-1.8382800817489624,16.837160110473633,-3.447121262550354,16.095959663391113,-7.209001779556274,3034.5070317904874,0.142578125,-30.68142795562744
3.294317960739136,32.92738342285156,3.5752973556518555,18.797216415405277,1.4642348289489746,12.112278938293455,-6.465185165405273,2660.8685264427804,0.09228515625,-60.5209846496582
21.48322868347168,23.621633529663086,-3.0062369108200073,11.63792085647583,-12.430112361907959,6.238903760910034,-5.361940145492554,2926.596351057008,0.10009765625,-103.14253234863283
9.3057222366333,19.720173835754395,0.9932220578193665,12.56907606124878,-7.48511266708374,8.641440868377686,-5.501431465148926,2915.740367031066,0.1064453125,-48.002925872802734
14.282588958740234,22.826107025146484,5.839251518249512,21.076499938964844,-6.996315956115723,9.681610107421877,-5.188433647155762,2988.0206415258017,0.1142578125,-84.31340026855469
24.28232192993164,30.404197692871094,5.469989776611328,17.877260208129883,2.081340312957764,12.3273344039917,-6.794320583343506,3159.7462766408325,0.134765625,-60.904972076416016
8.535939693450928,29.97659206390381,6.774902820587158,19.21560287475586,-1.5366509556770325,9.622995376586914,-8.654821395874023,2651.2554055011988,0.0751953125,-89.95515823364258
5.645592212677002,26.389299392700195,-0.6239197552204132,10.600316047668457,-3.5129259824752808,8.974736213684082,-5.5441734790802,2980.794341848149,0.162109375,-64.92247772216797
4.577662706375122,21.24233627319336,-5.131556510925293,21.321271896362305,-4.2979655265808105,10.341035842895508,-4.74202299118042,2841.3738127639263,0.105224609375,0.30350080132484436
19.28087615966797,29.655460357666016,1.0101728439331057,13.981878280639648,-0.494602620601654,9.256853103637695,-9.797887802124023,2993.9827779811903,0.11279296875,-42.71117401123047
27.54429626464844,25.574501037597656,3.672928810119629,15.13751220703125,-3.874464273452759,11.829607009887695,-5.676766872406006,3222.338045839273,0.171875,-29.72522354125977
29.642902374267578,29.347987174987793,9.860554695129395,26.992978096008297,0.7283885478973389,10.856311321258543,-6.64015007019043,3179.076448857514,0.102783203125,-70.67824935913086
28.14805603027344,34.867557525634766,-5.040183067321777,14.831281661987305,-3.1718978881835938,11.091211318969728,-10.045543670654297,3021.28264441434,0.12451171875,-34.91726303100586
37.1363639831543,39.33367919921875,1.596431016921997,20.478578567504883,-6.413790941238403,16.76267910003662,-6.418920040130615,3127.4444932164033,0.126953125,-49.49720573425293
-18.13509559631348,29.081954956054688,-0.7905104160308838,11.35006332397461,-4.669212341308594,6.814311027526856,-8.533269882202148,2444.444144542824,0.1064453125,-130.3623046875
9.090187072753906,40.5792121887207,5.4042649269104,27.69736099243164,-5.03309965133667,13.343034744262695,-1.6466652154922483,2873.504680628598,0.15966796875,-5.199672698974609
23.982999801635746,15.311030387878418,9.07712173461914,22.045360565185547,-2.963782787322998,12.57481575012207,-8.39893913269043,3060.9495018077023,0.12890625,-59.769630432128906
14.404952049255371,27.917112350463867,3.818098783493042,26.546255111694336,1.191024124622345,9.867299556732178,-6.82385778427124,3058.097054551774,0.155029296875,-37.63168525695801
26.31843376159668,35.87682342529297,8.438638687133789,23.364931106567383,1.3681467771530151,13.32660675048828,-8.655046463012695,2900.6299628942347,0.0908203125,-119.89708709716795
20.81647109985352,27.488082885742188,-3.518353223800659,15.27076244354248,-1.127265214920044,9.99896240234375,-6.300798416137695,3036.324719220397,0.138671875,-24.20807266235352
6.50004243850708,34.232154846191406,2.303527355194092,22.16241455078125,4.4972100257873535,15.418381690979004,-4.2514238357543945,2815.842641087984,0.1123046875,-41.78447341918945
41.29582214355469,34.82132339477539,5.4016335010528564,12.552593231201172,-3.2396851778030396,10.840712070465088,-3.7466142177581787,2830.487009331835,0.0576171875,-113.12517547607422
19.13201141357422,26.29865455627441,3.678807497024536,22.52259063720703,-0.9875384569168092,12.039688110351562,-6.1309919357299805,2959.862595385589,0.123046875,-111.33985900878906
12.378814697265623,24.84268951416016,8.947723388671875,17.131784439086914,-2.571481227874756,12.040051460266112,-6.056452751159668,2974.822564028099,0.095703125,-100.80119323730467
8.142780303955078,24.962289810180664,4.294571876525879,15.35919189453125,-1.6999459266662598,10.004454135894775,-5.784394979476929,2654.503154145662,0.066162109375,-74.03909301757812
2.927265167236328,35.36886978149414,-4.179013729095459,16.282255172729492,-5.395178318023682,7.08798885345459,-7.452446699142456,2608.013731984757,0.111328125,-62.36860466003418
3.6757311820983887,34.2769832611084,-3.970355749130249,16.37798309326172,-5.238451719284058,7.096015453338623,-7.65042781829834,2615.4679686929685,0.112060546875,-59.54168701171875
-3.214449882507324,13.02151107788086,-8.670099258422852,18.17400360107422,-8.833770751953125,8.964437484741211,-3.6452560424804688,2553.213334387716,0.0859375,-59.84963607788086
5.285464763641357,26.851911544799805,2.6910672187805176,18.518577575683597,-1.2668776512145996,8.638042449951172,-8.919645309448242,2750.238563623132,0.10546875,-97.74725341796876
8.377537250518799,17.702229499816895,-2.4784085750579834,12.064568996429442,-6.600377798080444,12.624614715576172,-6.0773656368255615,2957.045127551522,0.162109375,-114.91450500488281
14.226507186889648,23.01793098449707,2.3434321880340576,16.85439682006836,-3.938958644866944,14.160316467285156,-5.503183841705322,3057.806433653433,0.16796875,-81.63426208496094
11.95280647277832,25.8731689453125,7.604933261871338,19.623062133789062,3.7733092308044434,10.779052734375,-6.742450714111328,2994.443075264764,0.13671875,-107.95328521728516
4.457392692565918,19.94957733154297,-2.914234161376953,16.46877670288086,-4.893861770629883,7.988288879394531,-7.114256858825684,2669.5901951263054,0.10009765625,-126.53588104248048
7.885074615478516,25.889015197753903,-7.715315818786621,18.34509658813477,-6.0999369621276855,7.099005699157715,-8.56484317779541,2802.558539031255,0.142578125,-91.95529174804688
8.66087293624878,23.202235221862793,1.4013751745224,17.91185760498047,-6.534035682678223,9.593050479888916,-8.496056079864502,2910.333149822015,0.1181640625,-65.82494735717773
10.620695114135742,35.30957794189453,2.8965301513671875,19.7410945892334,-2.5110678672790527,9.203460693359377,-9.215201377868652,2836.3123676698174,0.12158203125,-54.21543884277344
11.972108840942383,31.796937942504883,4.32891058921814,24.291749954223633,-0.11975957825779909,11.1491117477417,-7.340245485305786,2906.7601718842593,0.1298828125,-60.82655906677246
20.21683406829834,30.346656799316403,5.982923984527588,21.140999794006348,-7.021406173706055,7.771685838699341,-7.261078834533691,2987.493771086077,0.1171875,-1.4390567541122437
20.411303520202637,30.706750869750977,3.7794729471206665,22.33386516571045,-8.533397674560547,10.716389656066895,-8.80549144744873,3033.2808108726995,0.16064453125,-80.51995468139648
21.573413848876953,25.28139019012451,1.0710903406143188,19.96959114074707,-4.883463382720947,13.245471954345703,-7.37863302230835,3093.7398368187896,0.141357421875,-53.30792236328125
9.782301902770996,31.482545852661133,3.6090831756591797,19.876483917236328,-0.4005021005868912,14.691930294036865,-6.488293886184692,2946.330502942373,0.126953125,-59.29170799255371
26.156522750854492,34.258697509765625,6.639230489730835,19.86810302734375,-3.9977025985717773,8.991172313690186,-8.828904151916504,3022.1592239534025,0.099853515625,-46.984540939331055
17.656997680664062,27.235971450805664,5.835865259170532,15.596638679504395,-6.208757162094116,7.548829555511475,-9.691999912261963,3037.210908877587,0.119140625,-41.37153625488281
16.638408660888672,29.765869140625,-3.2056477069854736,21.1373233795166,-7.445627212524414,8.63618278503418,-9.033764839172363,2946.1115399750274,0.10888671875,-31.52960777282715
28.54223251342773,26.627307891845703,5.5287275314331055,18.75186538696289,-7.345560550689697,10.642810821533203,-7.279946327209473,3171.7974619207853,0.15380859375,-13.191386222839355
20.04235076904297,29.79129409790039,-0.7714053094387054,23.49736976623535,-1.3747478127479553,14.892187595367432,-3.916804552078247,3035.1037106059284,0.11962890625,-14.445393085479736
-5.667177200317383,8.905277252197266,-7.685224294662476,4.115430116653442,-5.076714038848877,8.498690128326416,-7.571997404098511,2405.8460356729183,0.08740234375,-49.21255302429199
13.94439697265625,30.36266326904297,5.197044849395752,21.645641326904297,2.87911319732666,14.554140090942385,-2.2353029251098637,2983.5928338094845,0.1083984375,-8.244643211364746
-15.5492844581604,26.750560760498047,0.6158714890480042,12.02216625213623,-0.7753452956676483,14.49812936782837,-10.079803466796875,2776.091685456776,0.189697265625,-55.03480529785156
18.9857759475708,30.5999174118042,2.3966143131256104,19.989821434020996,3.7436970472335815,11.503818035125732,-7.070406198501587,3078.3906715720495,0.1708984375,-15.171741008758545
24.818809509277344,21.961639404296875,4.49553108215332,20.403404235839844,0.6249233484268188,11.31043815612793,-9.210208892822266,3185.42874361906,0.16259765625,-96.890869140625
3.126862049102783,29.092987060546875,-6.618089199066162,13.98945426940918,-5.4563493728637695,12.103824615478516,-9.647216796875,2773.3623668705345,0.16015625,-74.8654556274414
22.06668281555176,30.365562438964844,6.729955673217773,16.260208129882812,1.626218557357788,11.345882415771484,-6.960428237915039,3035.440385115197,0.09619140625,-66.13023376464844
4.850129842758179,24.641254425048828,0.1472183391451835,18.170780181884766,-1.5118060111999512,13.400814056396484,-4.932861089706421,2873.522857256896,0.12890625,-86.72428512573242
15.532525062561035,22.805973052978516,10.060765266418457,18.45674705505371,-4.8370091915130615,16.392342567443848,-4.302903890609741,3074.6928289903785,0.13818359375,-46.8166446685791
16.957764625549316,32.49440002441406,1.2337327599525452,22.786242485046387,4.521912097930908,14.244210720062256,-5.054073810577393,3070.5432585384656,0.19140625,-73.05805587768555
18.627695083618164,24.594482421875,2.5448689460754395,24.106342315673828,2.33960509300232,14.689974784851074,-0.9538795948028564,3013.7180624707034,0.07861328125,-98.38231658935548
1.1334147453308103,21.848073959350582,-3.139960527420044,20.19219207763672,-2.289724826812744,11.733125686645508,-5.170669555664063,2833.281875343731,0.14404296875,-22.904109954833984
0.5054559707641602,22.96424865722656,-1.6332192420959473,20.22172164916992,-1.7817145586013794,11.935436248779297,-4.202058792114258,2765.358802969922,0.10888671875,-76.62493133544922
4.524509906768799,33.11164474487305,-0.8610472083091736,27.016098022460938,1.7648216485977173,16.14549446105957,-3.298611640930176,2822.7247993819624,0.138671875,-75.65735626220703
8.55114459991455,19.650300979614258,-5.953162670135498,18.11570644378662,-7.666913032531738,10.45694875717163,-9.557291984558105,2852.310672197983,0.11474609375,-40.40424346923828
16.739151000976562,19.84019470214844,0.040373682975769,15.101518630981444,-2.701669216156006,12.239856719970703,-5.627162933349609,2933.9874935973767,0.1015625,-96.06998443603516
12.24486780166626,18.04897975921631,-4.166374206542969,16.735254287719727,-5.88396143913269,11.972116470336914,-7.734572887420654,2937.9634627674686,0.14306640625,-38.296396255493164
9.30264663696289,21.602962493896484,1.324141502380371,20.10860252380371,-6.004787445068359,12.238216400146484,-3.118302345275879,3014.682589932896,0.14892578125,-4.356019496917725
8.328531265258789,21.749210357666016,8.385865211486816,20.612876892089844,1.2557235956192017,14.164219856262209,-4.142129421234131,2994.1625730497385,0.09814453125,-39.51045608520508
5.384929656982422,13.812522888183594,-0.5271821618080139,17.162498474121094,-4.228280544281006,13.183752059936523,-5.918992042541504,3004.1499630409608,0.140625,-14.70422077178955
17.820361137390137,30.585104942321777,7.160982131958008,19.704492568969727,-3.0886465311050415,12.665818214416504,-5.980642318725586,3102.1021288677284,0.19873046875,-103.19149398803711
17.111217498779297,32.163991928100586,5.733865737915039,19.538177490234375,-1.639206886291504,8.689532279968262,-6.864964723587036,3074.781400068894,0.150390625,-109.58744049072266
17.96160316467285,25.44479274749756,0.5998029410839081,12.05059289932251,-10.809038162231445,10.20641279220581,-10.615044116973877,3027.7492273255375,0.13330078125,-43.41963577270508
8.966726303100586,20.15500259399414,1.2046332359313965,15.580389022827148,-6.269484519958496,13.978592872619627,-7.937251091003418,2927.061989592963,0.107421875,-61.62074279785156
32.062339782714844,23.136924743652344,0.2119655609130859,15.64076042175293,-3.2590224742889404,6.569400787353516,-11.304128646850586,2969.4535253828653,0.0927734375,-8.406256675720215
16.43326759338379,21.264217376708984,-2.7649950981140137,20.26000213623047,-5.0511579513549805,8.471247673034668,-11.530106544494627,2921.548688055167,0.111328125,-63.75736618041992
13.014877319335938,22.930702209472656,-1.5012751817703247,19.9273681640625,-4.279619216918945,9.486177444458008,-10.228766441345217,2898.791800093268,0.115234375,-26.14432144165039
22.799882888793945,22.03608703613281,3.356069803237915,19.36491870880127,-1.2567701935768127,12.150439739227295,-9.286399364471436,3048.9278409096887,0.1123046875,-36.317440032958984
23.78915405273437,33.7291145324707,9.977065086364746,12.930431365966797,-9.381486892700195,9.658554077148438,-3.0953588485717773,3039.516067720044,0.1103515625,11.540497779846191
9.17070198059082,26.34963607788086,2.97242271900177,17.35417938232422,-1.6230963468551636,12.311039924621582,-6.0948169231414795,2759.5817264599764,0.0732421875,-52.28374099731445
24.219566345214844,25.73119735717773,4.706779003143311,16.959978103637695,-4.005734920501709,13.522136688232422,-6.545844554901123,3021.596622461069,0.10107421875,13.448393821716309
11.085620403289795,24.289538383483887,-5.462313652038574,12.659993648529053,-4.191267013549805,13.4810471534729,-6.150968074798584,2852.4113086951816,0.10791015625,-38.99652862548828
22.252899169921875,31.54232215881348,2.702523708343506,20.45328521728516,1.7112605571746826,13.93325424194336,-6.845927238464356,2974.266695048177,0.1025390625,-105.90592193603516
13.626946449279785,19.751839637756348,1.2158780097961426,10.727989196777344,-2.656260371208191,13.326391220092773,-2.00742506980896,2857.512179271793,0.09912109375,-49.92982482910156
14.331938743591309,25.373584747314453,-7.804534912109375,15.142532348632812,-8.444303512573242,4.612712383270264,-9.876145362854004,2922.9215642932545,0.14404296875,-49.41704940795898
18.352481842041016,31.21078395843506,-4.411726713180542,18.163315773010254,-6.4623942375183105,3.7211753129959106,-11.350708961486816,2764.4523761625587,0.109375,-45.58201026916504
11.450359344482422,24.86199951171875,-4.023557662963867,11.13759994506836,-4.101376533508301,10.551898956298828,-5.577597618103027,2723.77460818123,0.10009765625,-42.538612365722656
15.76510238647461,16.02915382385254,-0.1026189029216766,11.89224338531494,-4.160805702209473,10.58454132080078,-11.55880641937256,2678.304784380281,0.0810546875,-97.27487182617188
-6.746007919311523,18.399673461914062,-6.466499328613281,15.423620223999023,0.6935591697692871,6.098758697509766,-10.323420524597168,2683.766094603143,0.12109375,-41.8721809387207
15.795856475830078,19.43393039703369,-1.9242780208587646,11.955094337463379,-1.706832468509674,12.910903930664062,-7.971649408340454,3133.473132611623,0.138671875,-36.35903549194336
7.616556167602539,12.286214828491213,-3.8924636840820312,10.15260124206543,-4.203252792358398,9.187667846679688,-8.324445724487305,2822.510238661906,0.1162109375,-21.09054374694824
10.535985946655272,22.393295288085938,3.4045021533966064,21.25940704345703,0.4826290011405945,14.12438678741455,-4.112386226654053,2896.62559459688,0.1083984375,-36.60121154785156
3.9955685138702393,14.215681076049805,-6.507335662841797,15.867505073547363,-2.797845363616944,13.294706344604492,-4.622124671936035,2672.3873040776607,0.10498046875,-29.632719039916992
4.78422737121582,17.29684066772461,4.442694664001465,12.780890941619873,-5.501317024230957,13.288277626037598,-9.341097831726074,2556.0042644178166,0.08544921875,-35.98308181762695
15.05640697479248,20.86309051513672,-0.9194173812866212,15.513761520385742,-7.792584419250488,10.451166152954102,-8.761788368225098,2885.0388663944764,0.109375,-21.359607696533203
24.25992202758789,28.0574951171875,10.361225128173828,12.107614517211914,1.5062254667282104,11.412593841552734,-8.074857711791992,2811.860477302354,0.0751953125,-77.83238983154297
26.624195098876953,25.90818977355957,11.47309684753418,15.06710147857666,0.13209918886423105,10.011941909790039,-11.489165306091309,2920.541732859706,0.09912109375,-186.15708923339844
7.845952033996582,44.712738037109375,10.330987930297852,21.28807830810547,-1.8007936477661133,12.618951797485352,-2.5961456298828125,2904.519921527797,0.12646484375,-102.14138793945312
3.352012872695923,29.146742820739746,-2.811810255050659,16.262880325317383,-2.19307541847229,13.236136436462402,-0.6703840792179108,2860.0071288132044,0.12646484375,-84.040283203125
-9.447318077087402,32.112831115722656,3.550860643386841,15.054436683654785,-7.361302137374878,13.61745023727417,-5.1433351039886475,2762.0843536616967,0.162109375,-62.22403526306152
12.168599128723145,37.20744323730469,7.153504371643066,25.818408966064453,-9.486257553100586,12.549484252929688,-2.718711853027344,2966.00888601251,0.10205078125,-95.44419860839844
-5.7238335609436035,41.35500717163086,0.24298936128616327,24.094277381896973,-7.2610838413238525,6.47891902923584,-4.625663757324219,2623.2051294329312,0.14697265625,-91.27900314331055
-8.39689826965332,31.906705856323242,3.394719362258911,19.004572868347168,4.430879354476929,13.658353328704834,-9.778624057769775,2477.511775107151,0.09716796875,-58.37714195251465
27.092552185058597,30.8809814453125,0.3126707375049591,19.715599060058597,-0.7773730754852295,9.486841201782228,-6.671088695526123,3007.2422854456013,0.14453125,-106.97239685058594
26.40675163269043,23.465106964111328,2.820197582244873,21.896211624145508,5.092929363250732,12.674019813537598,-5.44808292388916,2907.236908238793,0.05517578125,-128.9338150024414
19.417749404907227,21.152366638183597,2.701734781265259,14.468847274780272,-4.725379943847656,11.196352005004885,-6.525389671325684,3032.750770900442,0.11865234375,-17.067291259765625
12.751259326934814,4.106429815292358,11.25445032119751,14.623665809631348,-3.5607643127441406,16.310110092163086,-3.737937331199646,2755.1241743441833,0.07666015625,-126.74564361572266
14.362171649932861,22.11862850189209,12.823769569396973,22.69494724273682,-0.45613163709640503,15.122086524963379,-4.24549412727356,2611.6989907048855,0.06201171875,-107.34371948242188
22.52065086364746,34.787322998046875,6.978510856628418,23.493572235107425,-8.797113418579102,9.980085372924805,-6.537182807922363,2851.985042444863,0.1171875,-85.03553771972656
6.738309860229492,29.055782318115234,15.348072052001951,18.559314727783203,1.3244571685791016,13.737874031066896,-4.951496124267578,2796.317836062306,0.08203125,-82.22169494628906
-14.406010627746582,24.802099227905273,0.13262721896171564,10.188222408294678,-5.141326904296875,13.79146957397461,-8.360644340515137,2431.2003445064365,0.1171875,-90.05620193481445
21.403297424316406,28.34604835510254,12.465173721313477,23.90680694580078,0.7148041129112244,15.439509391784668,2.6217150688171387,2909.986200315281,0.07421875,-154.37672424316406
-4.802661895751953,29.662330627441406,-2.9774703979492188,24.85146713256836,-3.7702752351760864,6.0352983474731445,-7.535215854644775,2704.268754952598,0.1435546875,-47.80413818359375
-3.7177627086639404,12.64851713180542,11.246657848358154,18.08750343322754,3.220647692680359,15.820514678955078,-7.11545991897583,2418.004573029917,0.0732421875,-88.79490661621094
32.32222366333008,16.65107536315918,1.0244221687316897,11.815519332885742,-7.32717227935791,13.743091583251951,-8.334931373596191,3166.189201185048,0.1201171875,-57.24365234375
28.490349769592285,24.894678115844727,1.7131996750831604,11.062536716461182,-8.260769844055176,9.787778854370117,-7.238489866256714,3130.094347402767,0.1591796875,-55.969675064086914
14.95177698135376,22.033327102661133,9.993518829345703,11.695802688598633,1.6117490530014038,10.477620124816895,-7.7350077629089355,3112.5375948324,0.1591796875,-37.21268653869629
22.413166046142575,35.57080841064453,5.596766471862793,18.2430419921875,-4.39796257019043,8.869961738586426,-8.103788375854492,3022.159976192055,0.134765625,-57.0874252319336
0.523310661315918,19.358591079711918,-8.024803161621094,7.718166351318359,-7.728503704071045,10.236990928649902,-9.23950481414795,2673.309524782372,0.1162109375,-83.6777572631836
-2.738778591156006,24.23501968383789,2.8469245433807373,19.54534912109375,-3.434513807296753,14.280084609985352,-4.813445091247559,2726.024249080335,0.1298828125,-49.057613372802734
14.842347145080566,29.05636978149414,3.3342509269714355,16.88164710998535,1.1956162452697754,13.458969116210938,-5.300541877746582,2778.668114987026,0.08349609375,-84.5103759765625
18.55187225341797,20.217409133911133,-4.754853248596191,16.04050636291504,-14.069787979125977,13.306650161743164,-7.881060600280762,2996.545554436624,0.123046875,-71.82279968261719
-2.214871406555176,39.83999824523926,-4.714523792266846,22.7194356918335,-7.271143674850464,9.722810745239258,-6.011112451553345,2668.2763163237687,0.18359375,-130.9960174560547
11.288878917694092,28.8877124786377,-6.644052028656006,21.319908142089844,-10.205797672271729,9.714287757873535,-4.730772256851196,2868.0334962945863,0.203857421875,-77.19080352783203
1.2405800223350525,8.648402690887451,-1.7820476293563843,12.783563137054443,-10.283936500549316,8.856908798217773,-7.773557186126709,2890.5449654881413,0.127685546875,-27.15364360809326
-0.1835212111473083,8.802654266357422,-2.1601755619049072,12.71139144897461,-10.373946189880373,9.118596076965332,-7.376227378845215,2888.186945957686,0.126953125,-30.10414695739746
7.500410318374634,28.866212844848633,5.484455585479736,21.20453929901123,-1.1011518836021423,12.01423692703247,-4.41270112991333,2933.9718639557564,0.10693359375,-48.46855354309082
12.756728172302246,24.662833213806152,3.8604743480682364,14.936853885650635,-2.3817760944366455,8.137948036193848,-1.8646599650382996,2939.291424940162,0.12060546875,-72.60251235961914
7.784363508224487,28.728511810302734,6.34693455696106,20.310148239135742,-0.5616183280944824,12.479504585266112,-4.285141944885254,2910.5931353289,0.097900390625,-53.314645767211914
12.864217758178713,27.94963836669922,0.8958911895751953,16.332956314086914,-1.3599028587341309,9.17357063293457,-9.082649230957031,3041.478738728572,0.20751953125,-79.32540130615234
-1.1443794965744019,23.279386520385742,1.3626732230186462,13.431921482086182,-0.7666803002357483,8.1257963180542,-2.9003167152404785,2719.8993903787186,0.10302734375,-106.4510726928711
19.36328887939453,33.786415100097656,5.448782920837402,22.30745887756348,-1.628857135772705,13.276588439941406,-1.4106992483139038,3004.2007684105647,0.10546875,-66.01263427734375
-1.1944424510002136,24.35709857940674,-9.07532787322998,11.317965984344482,-6.694018840789795,10.676226615905762,-8.203958511352539,2564.882276854426,0.1123046875,-109.77066421508789
5.789943695068359,25.370092391967773,8.146510601043701,22.737228393554688,4.557699918746948,16.654132843017578,-5.0882720947265625,3053.1516956803334,0.12451171875,-64.67074966430664
17.522608757019043,23.350722312927246,9.35191535949707,22.315946578979492,1.4210892915725708,16.435623168945312,-7.1713080406188965,3116.7172246039568,0.13134765625,-49.776702880859375
5.362754821777344,33.39134216308594,5.168798923492432,20.56839942932129,-5.025112152099609,10.00662899017334,-4.746148109436035,2736.170018294774,0.1044921875,-93.59380340576172
22.03378200531006,34.04609680175781,-4.454967737197876,21.137187957763672,-8.24094295501709,6.109277963638306,-7.992222309112549,2966.4086104803273,0.0927734375,-23.20939350128174
0.5913915038108826,31.656646728515625,3.1317986249923706,21.454708099365234,-1.3026294708251953,7.617616176605225,-6.371095180511475,2766.7188191083515,0.103515625,-58.67334175109863
5.966236114501953,22.46013832092285,0.3443843126296997,19.78473281860352,-3.660279273986816,7.779636859893799,-5.4167985916137695,2917.0685091326827,0.126953125,-32.45332717895508
-4.66372275352478,23.462797164916992,-3.4023016691207886,19.157976150512695,-2.431079626083374,13.041893005371094,-5.7551562786102295,2783.54220926399,0.154296875,-19.424199104309082
-2.877381205558777,27.927266120910645,-8.190752029418945,11.743830680847168,-13.58908462524414,3.6447094678878784,-10.49679183959961,2726.1050489795907,0.1337890625,10.346922874450684
-0.8981534242630005,39.69687271118164,-11.202037811279297,26.2159366607666,-11.131728172302246,11.646480560302734,-6.0112714767456055,2683.595454669808,0.12158203125,13.880298614501951
-10.366235733032228,23.53239631652832,-5.750122547149658,14.054288864135742,-0.5146571397781372,8.112114906311035,-2.338247776031494,2441.271353885868,0.08154296875,-50.28886795043945
-1.8011950254440308,10.005590438842772,0.528448224067688,17.454442977905273,-8.273764610290527,14.884220123291016,-4.642712593078613,2819.6061352155,0.0849609375,-66.17095184326172
0.7463831901550293,28.209869384765625,4.933114051818848,21.229738235473636,-0.4084383249282837,9.575584411621094,-7.090791702270508,2931.4521395925085,0.17236328125,-34.29624938964844
3.097331523895264,23.487457275390625,4.487156867980957,31.472362518310547,-3.290738582611084,4.881261348724365,-1.6868925094604492,2981.3596373924647,0.099609375,-61.48641586303711
6.937637567520142,25.10560417175293,3.337279200553894,19.711280822753906,-4.221992254257202,11.547589302062988,-7.4785661697387695,2988.4812901336427,0.1669921875,-55.29900360107422
10.40989875793457,30.257028579711914,4.37455677986145,19.980587005615234,-6.633304595947266,14.64554738998413,-6.143096923828125,2975.3267444526227,0.14794921875,-68.24810791015625
28.255451202392575,32.94889450073242,4.563558101654053,23.6816349029541,-3.4657387733459477,12.447306632995604,-6.646868705749512,3030.7433833984137,0.1142578125,-76.15032196044922
19.664573669433594,15.185619831085205,-5.3171327114105225,12.262067794799805,-7.46436619758606,15.890131950378418,-5.453444957733154,3137.60442873107,0.157470703125,-38.77042770385742
2.29142427444458,27.83837509155273,-7.150287628173828,12.460721969604492,-3.156816005706787,10.092742919921877,-1.7896695137023926,2534.9609974147183,0.0810546875,-124.53015899658205
13.074226379394531,24.173526763916016,0.371717095375061,18.63263702392578,-1.0566962957382202,8.454242706298828,-4.997323989868164,3037.012128327475,0.25390625,-69.95425415039062
32.910987854003906,26.571958541870117,-2.684115767478943,8.291241645812988,-4.904176235198975,7.777443170547485,-5.987016677856445,3124.0812700496895,0.10498046875,-94.76739883422852
17.526418685913086,41.13667297363281,2.3569464683532715,30.6816520690918,-5.089402198791504,9.06002426147461,-9.603633880615234,2996.637306711624,0.181640625,22.991872787475582
8.123540878295898,41.80915832519531,4.760269165039063,29.760820388793945,-1.0054998397827148,14.684771537780762,-1.1298458576202393,2946.00203887179,0.14013671875,19.519514083862305
24.159107208251957,27.39727020263672,9.62093734741211,23.72049331665039,2.8119447231292725,13.740074157714844,-4.4586687088012695,3035.8918896025543,0.08544921875,-100.66304779052734
10.66343116760254,25.74667358398437,0.1157400906085968,24.19318389892578,-4.166180610656738,5.788618087768555,-10.750741958618164,2747.601796616952,0.09130859375,-63.34074401855469
13.145689487457275,25.557459831237793,-1.912485659122467,25.08173656463623,-5.121552228927612,5.8705809116363525,-11.167783737182617,2709.159716476336,0.09033203125,-114.1530990600586
3.494426727294922,12.050765991210938,-4.2707109451293945,10.674934387207031,-5.417388439178467,9.150623321533203,-16.511234283447266,2810.6112634639794,0.138671875,-61.92877960205078
16.41935634613037,26.169132232666016,6.200685501098633,20.905616760253906,-3.9278876781463623,14.86115312576294,-6.7503063678741455,2938.323092858118,0.107421875,-39.19038009643555
-0.1191717386245727,39.65387344360352,4.409819602966309,22.597272872924805,-6.865339279174805,9.80942726135254,-8.48334789276123,2648.828198088767,0.10595703125,-108.0902099609375
-5.862417697906494,16.059812545776367,-5.8359832763671875,12.24582815170288,-7.011877059936523,5.600619554519653,-9.14777946472168,2719.049809421361,0.142578125,-49.146989822387695
-9.731254577636719,35.79400444030762,5.318874835968018,18.084953308105465,-2.815873384475708,14.332141399383545,-2.0121941566467285,2224.218137955402,0.05859375,-84.46302032470703
10.94451904296875,21.798555374145508,-2.5989744663238525,19.424354553222656,-1.3743902444839478,9.766596794128418,-3.838027596473694,2835.161554851137,0.09228515625,-89.74800491333008
-24.84141731262207,46.1013126373291,-5.287238597869873,24.05238628387451,-7.534449577331543,12.972636222839355,-5.738464832305908,2345.6294309711766,0.111328125,-63.93046760559082
0.1612718105316162,34.96605682373047,-7.430710792541504,30.41995620727539,-7.304730415344238,7.74076509475708,-11.65054702758789,2716.0875156803454,0.14208984375,-33.407432556152344
-0.6384971439838409,41.44291114807129,-0.8804525434970856,16.164284706115723,1.894874393939972,13.81475830078125,-5.1492063999176025,2736.8983887020286,0.10791015625,-34.64833068847656
-15.138962745666504,33.16053771972656,3.710227012634277,16.405603408813477,-2.953913927078247,8.546688079833984,-7.414872646331787,2566.364723682546,0.12060546875,-27.58212661743164
-7.749352693557739,45.11832809448242,1.5059425234794617,18.12630271911621,0.24855642020702362,11.798773765563965,-4.690418243408203,2589.928280301039,0.084228515625,-38.44053077697754
17.521263122558594,28.805691719055176,-2.2572141885757446,23.27419662475586,-9.076735019683838,8.309447288513184,4.300525665283203,2928.7847074574347,0.16015625,-95.05451202392578
16.879919052124023,23.9720401763916,1.7913124561309814,5.5383806228637695,-5.149349212646484,8.647006034851074,0.064503014087677,2962.578071698363,0.1630859375,-108.90510559082033
0.259364515542984,23.521995544433597,-5.25445556640625,18.347332000732425,-2.9801840782165527,13.78347396850586,-3.097538948059082,2782.031758954696,0.14794921875,-45.02937316894531
1.439893126487732,23.576335906982422,12.339352130889893,25.227516174316406,-2.2894227504730225,13.92552375793457,-3.2245595455169678,3038.320497912198,0.18994140625,-56.253976821899414
-8.959593296051025,15.839503765106201,-6.294970512390137,15.917453289031982,-1.4333426356315613,4.92609429359436,-9.572640895843506,2335.9922537810235,0.06787109375,-49.079837799072266
5.7516114711761475,21.080064773559567,-3.9713624715805054,17.70939064025879,-6.270307779312134,8.306312084197998,-3.302838444709778,2246.611835577628,0.0703125,-34.144962310791016
-8.395886898040771,24.56361198425293,2.509428381919861,12.21563720703125,-0.966815322637558,5.425094127655029,-3.4081162214279175,2071.5905466308877,0.041748046875,-124.04093933105469
6.30711841583252,29.30653381347656,-4.6619720458984375,25.75814819335937,-9.579469680786133,6.792609214782715,-3.080414056777954,2741.3585939332006,0.13427734375,-82.35152435302734
5.861785411834717,28.82684135437012,9.025516510009766,18.61003875732422,-3.4364137649536133,9.81614589691162,2.071495056152344,2869.82038835668,0.10595703125,-37.59997177124024
10.830275535583496,25.52458953857422,-2.938883781433105,23.265300750732425,-9.73333740234375,15.193474769592283,-4.961138248443604,2938.576190893704,0.130859375,-97.65440368652344
-3.3883975744247437,36.18372344970703,-2.271990180015564,21.874183654785156,-0.3837626874446869,13.532771587371826,-4.196640729904175,2654.964086559247,0.109375,-54.518341064453125
5.455395221710205,25.776519775390625,0.142146497964859,21.287918090820312,-2.253417491912842,9.263561248779297,-7.373013973236084,2700.8717261545694,0.09765625,-38.71126174926758
3.7121424674987793,17.238143920898438,17.177555084228516,17.130653381347656,0.5610899329185486,5.908295631408691,-2.1128804683685303,3023.2747483855237,0.09716796875,-107.1312255859375
-6.13907790184021,36.11688995361328,5.31495475769043,15.154287815093994,-4.1353819370269775,9.647797107696533,-5.932642936706543,2668.996793393991,0.13330078125,-55.44659423828125
-2.4518918991088867,28.409377098083496,-3.517189860343933,16.878853797912598,-7.597703456878662,15.30976676940918,-4.250915050506592,2818.5944146764205,0.17822265625,-55.247371673583984
1.9925110340118408,29.795150756835938,7.37802267074585,18.31505584716797,-4.447011947631836,10.439439296722412,-5.412569046020508,2991.2678517568065,0.210693359375,-60.7392692565918
-4.615041732788086,23.361595153808597,-3.3826043605804443,19.22715187072754,-2.810713291168213,12.745494842529297,-5.852322578430176,2798.6634648430986,0.158203125,-64.63092041015625
6.497774124145508,33.29738235473633,-0.3247996568679809,18.948001861572266,-5.909078598022461,7.287590980529785,-4.299258232116699,2853.707752495927,0.12744140625,-39.02888107299805
-0.375494122505188,15.01351547241211,1.712646722793579,15.510146141052246,-3.1958494186401367,11.476236343383787,-5.335518836975098,2698.649918468868,0.095703125,-48.79869842529297
-5.1197896003723145,14.43284797668457,-2.328477621078491,13.585174083709719,-8.061705112457275,9.233391284942627,-8.718173027038574,2768.5100267527205,0.1328125,-29.42598247528076
9.169439792633057,28.73348331451416,-3.8280704021453857,19.480981826782227,-1.7549653053283691,12.391219139099121,-5.3514862060546875,2856.320203232768,0.11181640625,-79.92609405517578
22.78737068176269,19.178028106689453,2.518035888671875,15.789384841918944,-5.726927757263184,14.04806137084961,-7.980097770690918,3093.84324249988,0.0966796875,-57.081329345703125
-24.23398208618164,32.27512550354004,-13.98363971710205,15.282832145690918,-7.726951837539673,8.436018466949463,-6.353316783905029,2305.714762391089,0.109375,-72.48910140991211
-28.41016960144043,21.521656036376953,-14.968089580535889,12.092718124389648,-7.24643611907959,8.14592456817627,-7.642419338226318,2484.250845775801,0.15380859375,-77.70560073852539
-8.451739311218262,42.48263168334961,7.140973091125488,35.79633712768555,9.208000183105469,10.296674728393556,-0.6267678141593933,2750.863322819211,0.17041015625,-18.567726135253903
-9.42879581451416,19.564760208129883,-10.293136596679688,7.248472690582275,0.1057071536779403,13.294506072998049,-5.832193851470947,2622.061681996192,0.11328125,-81.02510833740234
22.964696884155273,25.30609512329102,2.7986587285995483,22.58445644378662,1.2502636909484863,10.64121675491333,-0.133084625005722,2827.409310168143,0.0458984375,-92.52984619140625
38.55267524719238,-2.9006391763687134,-13.195451736450195,12.625822067260742,2.4619150161743164,10.91740608215332,-3.543181180953979,3252.3082173588737,0.16552734375,-46.94356155395508
-4.624152660369873,49.59296798706055,-7.6724693775177,21.778640747070312,-8.487817764282227,11.79734754562378,-9.294191360473633,2360.553845250696,0.080078125,-10.109609603881836
10.342252731323242,27.214818954467773,2.493990182876587,15.872287273406982,-3.987508535385132,8.119876861572266,-4.157049179077148,2870.255930901263,0.12060546875,-75.90242004394531
6.332343101501465,15.761703491210938,-0.7142636775970459,18.288063049316406,-4.687874794006348,13.874637603759766,-1.9269533157348635,2909.3087287286885,0.11328125,-89.00267791748047
4.285579681396484,24.979053497314453,-1.1859540939331057,14.869072914123535,-1.0832072496414185,3.523918628692627,-7.843789100646973,2920.8634974203032,0.123046875,-73.70318603515625
13.324305534362791,29.770164489746094,2.754521369934082,18.860414505004883,-5.426054000854492,16.26761245727539,-3.7236948013305664,2914.214848685141,0.0810546875,-61.948184967041016
7.799319744110107,18.062602996826172,-8.757651329040527,20.27341079711914,0.21082483977079386,10.377365589141846,-10.368834495544434,2517.513602471018,0.07177734375,-115.48612213134766
22.594369888305664,19.187950134277344,-5.007463455200195,27.031986236572266,-4.940653324127197,10.971710205078123,-9.10088348388672,3014.151019766281,0.10546875,-99.32198333740234
18.204880714416504,31.66506862640381,4.329290390014648,23.2314453125,-3.370194911956787,12.488752365112305,-6.481101036071777,3051.677938736958,0.24560546875,-75.65663528442383
17.08143138885498,29.014085769653317,4.182871103286743,20.199068069458008,-6.305849552154541,10.73859691619873,-4.237565994262695,2805.748545982941,0.0791015625,-71.7705307006836
-1.1084392070770264,32.800533294677734,-2.1402103900909424,23.782297134399414,-3.323074221611023,11.810474395751953,-4.427009582519531,2780.089696507469,0.154296875,-13.217826843261719
7.829296588897705,34.17749786376953,7.231099128723144,21.76287841796875,-2.9315969944000244,10.332122802734377,-5.286520957946777,2587.7315637773154,0.05029296875,-62.56452178955078
22.171873092651367,47.94761276245117,7.281991481781006,25.12908935546875,7.221946716308594,15.652396202087402,-1.097007155418396,3039.1284906184824,0.18505859375,-119.67367553710938
6.374516010284424,51.48388481140137,-17.887659072875977,35.728681564331055,-12.993545532226562,17.344907760620117,-11.880512237548828,2625.500245115687,0.091796875,-114.44529342651367
5.317080497741699,19.017593383789062,-4.736801624298096,18.784507751464844,-5.231634616851807,7.312940120697021,-7.494723796844482,2646.412065735946,0.09716796875,-143.90078735351562
5.598729133605957,31.95412826538086,5.456831932067871,19.997501373291016,0.3537572622299194,11.08843231201172,-7.30312442779541,2980.814798799748,0.2333984375,14.87716293334961
52.35211181640625,-1.625523328781128,-4.481375217437744,-1.9125781059265137,7.920186519622803,-1.7474994659423828,-0.5448728799819946,3596.9592443930696,0.20751953125,-1.7064934968948364
29.06496810913086,36.17483139038086,1.1978548169136047,30.04218864440918,1.8071791529655457,14.149147987365723,-5.437384605407715,2994.5070896015195,0.10791015625,-105.71464157104492
9.970093727111816,22.83230972290039,3.327480435371399,18.075989723205566,-3.488702654838562,15.615033626556396,-1.5058229565620422,3010.037185936374,0.1005859375,-91.26192092895508
2.4835033416748047,24.04233169555664,-3.0127711296081543,18.440261840820312,-8.085243225097656,8.734877586364746,-8.828287124633789,2699.444247127978,0.1064453125,-29.82405662536621
9.036327838897705,25.458894729614258,-0.0440949350595474,19.16823101043701,-8.228573322296143,12.618093013763428,-6.471227407455444,3025.9163525703198,0.201171875,-84.21516418457031
-15.192730903625488,23.68596649169922,1.7520883083343506,22.632965087890625,0.0693027973175048,10.69886064529419,-2.733248710632324,2442.366868666939,0.07373046875,-85.40928649902344
-10.329469680786133,12.451906204223633,-2.9193239212036133,12.488399505615234,-4.308938503265381,11.963090419769287,-3.3012609481811523,2664.8139054432,0.098388671875,-71.4197769165039
16.62640380859375,22.4394474029541,3.674821376800537,16.173402786254883,2.0022454857826233,16.734139442443848,-3.0614094734191895,2873.527527510241,0.0703125,-14.512815952301025
-26.65210723876953,13.276062965393066,-9.765114784240723,9.304821968078613,-6.628159284591675,6.98835563659668,-5.914207696914673,2241.927616740417,0.115234375,-31.332295417785645
16.31450653076172,21.05034828186035,-2.0019527673721313,16.49881362915039,-5.353084564208984,12.06457805633545,-6.315714597702026,3032.325098368417,0.16162109375,-38.15192222595215
-4.058408737182617,42.55396842956543,1.6615233421325684,20.968843460083008,2.488613486289978,13.081418991088867,0.05363398790359495,2166.1463279835466,0.046875,-107.39004898071289
-15.698104858398438,23.9275016784668,-8.671545028686523,22.731334686279297,-0.0427671670913696,10.704874038696287,-3.1794309616088867,2472.042754202389,0.11865234375,-34.19219970703125
-24.78986167907715,44.82749366760254,-5.735358953475952,22.50802993774414,-4.5061516761779785,6.320081949234009,-5.145442485809326,2475.478566385166,0.2431640625,-84.67802810668945
42.12909698486328,1.75936758518219,-12.412813186645508,12.955472946166992,0.7945678234100342,12.12586784362793,-6.909661293029785,3346.5106283052546,0.24365234375,-36.3325080871582
-32.14189910888672,23.5941162109375,4.793866157531738,16.174468994140625,0.3941661119461059,9.934637069702148,-2.8891658782958984,2315.968810903207,0.1220703125,-79.71060943603516
-15.855085372924805,18.44258499145508,-3.3004329204559326,20.93155288696289,0.2581024169921875,12.26503562927246,-7.893375873565674,2456.156670143019,0.1220703125,-35.061336517333984
-13.155534744262695,4.279665946960449,-13.573774337768555,6.018022775650024,-7.815284729003906,1.339180052280426,-11.357796669006348,2289.4329155368496,0.0849609375,-32.73182678222656
24.778478622436523,23.183738708496094,-10.06685733795166,18.345027923583984,-4.215156078338623,8.544013977050781,-6.510993003845215,2938.568740772631,0.0947265625,-96.42887115478516
14.52291202545166,12.747811794281006,3.909585475921631,9.143828392028809,-2.044355034828186,6.611084938049316,-0.6793153285980225,2885.3396497281265,0.0947265625,-126.53783416748047
-19.616039276123047,13.540292739868164,-6.352667808532715,22.49191665649414,-6.305135726928711,6.645647048950195,-8.044261932373047,2356.9984181980385,0.11279296875,-47.94877243041992
-31.86299514770508,26.466108322143555,-7.044960975646973,22.63075065612793,1.28874933719635,9.96224308013916,-4.726726055145264,2024.728366890051,0.10693359375,-122.73455810546876
-8.831016540527344,23.654830932617188,-8.562101364135742,11.658814430236816,-3.246232509613037,3.993267059326172,-6.565179824829102,2364.549001637064,0.1064453125,-35.56043243408203
-16.990737915039062,44.33369445800781,-0.7107185125350952,22.904300689697266,-4.1932902336120605,13.767748832702637,-10.336660385131836,2637.6818503619334,0.1884765625,-32.523441314697266
-17.591442108154297,42.03731536865234,-1.7423491477966309,14.875184059143066,-0.4184296131134033,10.347997665405272,-6.9181671142578125,2552.59517412634,0.22119140625,-48.96337890625
-2.069652795791626,29.978803634643555,6.5548670291900635,17.17149829864502,-6.55350136756897,8.662804126739502,-3.9046895503997803,2493.5322429904095,0.09130859375,-193.78864288330078
19.339881896972656,20.68968963623047,7.320535182952881,24.25645446777344,-2.9282238483428955,12.878826141357422,-7.084106922149658,3056.807506067733,0.11767578125,-4.825869083404541
11.60919189453125,25.449542999267575,4.317266941070557,15.479969024658203,-2.659834146499634,16.01055908203125,-4.259078025817871,3043.906794892982,0.10107421875,-54.87036895751953
-33.16097450256348,22.22099494934082,-10.329493045806885,15.244251728057861,5.711202144622803,8.505943298339844,-1.499053418636322,2280.4685267357563,0.1376953125,-29.89220428466797
-10.959197521209717,21.511731147766113,-5.2055017948150635,19.439193725585938,-4.033485412597656,10.047276973724365,-5.9103851318359375,2682.2358040296103,0.15673828125,-33.41673469543457
-16.564330101013184,11.06930685043335,-5.000905752182007,15.14261531829834,-1.5072832703590393,10.900135040283203,-4.640850782394409,2740.6476212325997,0.14404296875,-67.25759506225586
-9.427300453186035,4.761911869049072,-11.050477027893066,9.506997108459473,-9.4752197265625,8.147170066833496,-8.219533920288086,2804.76390123897,0.154296875,-80.18445587158203
-12.38061809539795,18.764585494995117,-3.8232715129852295,12.562018394470215,-3.009573459625244,13.786867618560791,-5.184817790985107,2748.228175641553,0.1474609375,24.687334060668945
-14.485051155090332,30.391542434692383,-1.8557887077331543,27.49259185791016,-3.723536491394043,8.121685028076172,-0.9197158217430116,2494.636514009981,0.07421875,-66.16403198242188
11.342218399047852,23.14684295654297,5.915363311767578,24.269880294799805,-2.6324732303619385,9.750029563903809,-4.342061996459961,2999.9579621014327,0.13330078125,-21.45914459228516
11.623423099517822,23.055540084838867,3.375474452972412,24.03008270263672,-2.5979279279708862,9.448323249816895,-4.945837736129761,2978.7299992674007,0.12744140625,-9.897791862487793
-21.780717849731445,47.28168296813965,-6.587668418884277,20.327733993530273,-0.9237491488456726,9.797974586486816,-5.547978162765503,2292.6699837134975,0.130859375,-124.11654281616211
10.60016632080078,31.788219451904297,6.915073394775391,21.465789794921875,-5.670662879943848,12.61882209777832,-4.879538059234619,3008.551039074221,0.15673828125,-9.361056327819824
-5.621004104614258,28.819480895996094,1.3837347030639648,25.85833168029785,0.2431629598140716,12.99237823486328,-3.355710029602051,2701.9716438151795,0.0888671875,-28.965843200683597
13.542887210845947,31.58621501922607,4.176225423812866,24.7165584564209,-1.0491374135017395,13.309637546539307,-3.0927098989486694,3030.9955193690466,0.15771484375,-27.508811950683594
-18.97262954711914,25.759117126464844,3.2380831241607666,28.294633865356445,7.650328636169434,13.455483436584473,-3.370182514190674,2294.4284600781057,0.0615234375,-104.43492889404295
-3.1582369804382324,36.6645393371582,6.0854058265686035,29.672062873840332,-10.82521104812622,6.566251516342163,-7.095628499984741,2676.3291235155516,0.12939453125,-49.98003578186035
-2.6772260665893555,31.182388305664062,8.003007888793945,23.222637176513672,-0.7336785197257996,9.020915985107422,-3.811414480209351,2828.598816921368,0.14990234375,-36.31841278076172
27.90423011779785,17.19511890411377,-16.32657814025879,14.301613807678223,7.256911754608154,11.235732078552246,0.0885905548930168,3166.866169873294,0.2216796875,29.121058464050293
5.910333633422852,16.483196258544922,-12.129749774932861,7.082688331604004,-9.042494773864746,7.728666543960571,-7.42494797706604,2727.0572950915716,0.10595703125,-54.10616493225098
-9.57217025756836,31.411845207214355,-5.022515058517456,14.085983276367188,-10.5076322555542,6.236123085021973,-9.047548294067383,2665.1665645278335,0.15478515625,-39.946250915527344
-8.00722885131836,18.548370361328125,8.156015396118164,19.16372299194336,-3.445996761322021,6.888334274291992,-8.217231750488281,2746.3117696988093,0.103515625,-25.94847679138184
5.464382171630859,16.438737869262695,-2.0513627529144287,21.20742416381836,-3.303863525390625,7.03389835357666,-3.864633321762085,2400.573916630556,0.05810546875,-60.30491256713867
27.103139877319336,35.793935775756836,4.42553448677063,16.32652187347412,-5.330043077468872,6.2812488079071045,-8.335153102874756,2814.4177387910718,0.068359375,-121.20995712280273
3.458780288696289,11.237123966217041,-2.271100401878357,16.283665657043457,-4.800316333770752,10.8053560256958,-4.506494522094727,3064.4177944394078,0.17431640625,-81.46902084350586
17.24111557006836,48.8119010925293,1.202324390411377,22.8246431350708,-3.3931186199188232,10.79083251953125,-3.9302923679351807,2762.4177541504873,0.0859375,-45.19891929626465
-8.168964862823486,33.425418853759766,7.008830308914185,22.02209758758545,0.5515970289707184,14.275497436523438,-6.711894512176514,2792.532333849913,0.14501953125,-70.9515266418457
5.278342247009277,32.2776985168457,-12.208569526672363,18.820837020874023,0.1667508482933044,14.433544158935549,-1.975929379463196,2776.031047484177,0.1396484375,-55.72903060913086
9.009175777435303,28.015796661376953,0.1927903741598129,17.170381546020508,-5.007535219192505,7.204425573348999,-5.674832582473755,2734.32015265261,0.1123046875,-54.2242488861084
20.08832550048828,16.489505767822266,2.618882417678833,15.487701416015623,-1.9959588050842283,10.98992156982422,-5.044460773468018,3119.286327865211,0.115234375,-57.7734375
2.982481002807617,26.55539321899414,1.2841944694519043,18.985877990722656,-7.64975643157959,12.332368850708008,-5.787899494171143,2648.9664741904503,0.11083984375,-44.36259078979492
-20.854413986206055,47.0280818939209,15.970236778259277,29.255163192749023,-0.591576874256134,6.711395025253296,1.4977716207504272,1488.3531240412017,0.02294921875,-157.93694305419922
26.65682029724121,33.57562828063965,6.093068361282349,26.494499206542972,2.3229384422302246,13.633337020874023,-5.358333110809326,3124.0176406002943,0.06298828125,-38.74855613708496
14.105960845947266,23.773826599121094,3.290639162063598,21.562435150146484,2.7709107398986816,17.06577491760254,-1.718508243560791,3155.3691693355654,0.1748046875,-56.688209533691406
-18.31378746032715,24.633930206298828,-7.329621315002441,18.055343627929688,-2.7524986267089844,9.27851390838623,-5.494601249694824,2259.479824505648,0.0986328125,-85.56224822998047
8.27476692199707,26.670631408691406,-5.680717945098877,12.314998626708984,-9.01597023010254,8.646517753601074,-5.813128471374512,2646.1890890573454,0.09326171875,-73.35167694091797
11.893858909606934,29.878681182861328,-0.1631020605564117,20.76065826416016,1.328968524932861,10.315089225769045,-1.7234020233154297,2949.9145018604536,0.12939453125,-45.694454193115234
12.055635452270508,30.32598876953125,2.0381405353546143,22.18157958984375,1.864755392074585,10.16566276550293,-2.3249104022979736,2918.262158925849,0.11181640625,-39.49943542480469
-0.08403094112873075,31.385981559753418,7.057947158813477,31.2706298828125,-5.0150532722473145,5.7169928550720215,-3.224800944328308,2315.1343699987838,0.06787109375,-71.40335464477539
24.61410522460937,17.742298126220703,-2.401824712753296,18.189849853515625,1.57658588886261,15.296646118164062,-1.7969539165496826,2694.7923103043995,0.05517578125,-114.03331756591795
19.65298080444336,32.849693298339844,5.53403902053833,23.054243087768555,1.213284969329834,11.568140029907228,-5.993889331817627,3019.9858182494554,0.08203125,-69.24981689453125
-28.52728843688965,41.44844627380371,-10.72159719467163,30.372093200683594,-9.015923500061035,14.677083969116211,-14.144233226776123,2381.5595722664175,0.13623046875,-55.1523380279541
-16.433547973632812,50.7228889465332,-10.360742568969728,33.04136276245117,-14.224859237670898,8.322816848754883,-3.163555145263672,1760.8654275604483,0.04443359375,-185.4624938964844
3.9903725385665894,35.03904724121094,9.224170684814451,18.419355392456055,-3.24539577960968,7.365631341934204,-1.896179437637329,2978.3139682221145,0.181396484375,-85.40124130249023
-18.99098777770996,-5.817487716674805,-17.53282070159912,19.849863052368164,-8.045978546142578,13.707340717315674,-5.79315185546875,2479.6751453350867,0.095947265625,-10.338868141174316
-2.038341522216797,2.92880642414093,2.1422922611236572,14.224491119384766,3.813310146331787,17.97549533843994,0.6143440306186676,3069.743143137028,0.11083984375,11.840788841247559
-2.726814985275269,27.24137306213379,6.409763336181641,23.216651916503903,0.3896995484828949,11.933691024780272,-4.872458457946777,2543.777622209044,0.07080078125,-65.50250244140625
16.239330291748047,37.27447509765625,5.742220878601074,22.41865921020508,-4.732645988464356,12.869625091552734,-2.6667280197143555,2930.7332355804,0.11083984375,-61.06967926025391
-5.280485153198242,20.532447814941406,-2.201157569885254,28.873516082763672,-3.014167547225952,13.097647666931152,-1.5532338619232178,2570.456598589484,0.0849609375,-47.70720672607422
-22.80895233154297,29.02018165588379,-2.8890390396118164,13.875638008117676,5.231058120727539,17.853191375732422,-3.907373189926148,2286.939944172329,0.08203125,-40.18790054321289
9.2109956741333,47.06887245178223,3.043455719947815,25.50603485107422,0.9195626080036163,11.380042552947998,-3.840649366378784,2835.9678767502664,0.089599609375,-6.755941152572632
-1.4758533239364624,26.47094345092773,0.1365038156509399,23.405725479125977,-5.203845977783203,10.979793548583984,-6.009650230407715,2706.3613268763565,0.10107421875,6.097104549407959
-3.5874838829040527,45.156288146972656,-1.1633787155151367,29.276752471923828,-2.6548044681549072,13.123010635375977,-6.160322666168213,2587.371072307076,0.14501953125,7.509193897247314
-10.864568710327148,32.842247009277344,-9.649596214294434,13.12941551208496,-7.912982940673828,14.251235008239746,-3.647995233535767,1929.442062684456,0.03515625,-11.55198574066162
-18.40700626373291,9.783791542053223,1.776058554649353,14.11655330657959,4.212665557861328,13.956102848052979,-8.540123462677002,2441.5242150303275,0.04443359375,-71.63883972167969
-15.83030128479004,16.02978515625,7.328595161437988,16.165306091308594,-6.980035781860352,15.247661590576172,-9.43568992614746,2861.482599653041,0.15771484375,23.331830978393555
12.265914916992188,23.65958404541016,-1.341863036155701,17.302776336669922,-7.6795654296875,7.430403709411621,-5.705462455749512,3029.8354460941896,0.13427734375,4.597458362579346
-2.836459159851074,30.64979553222656,3.739912033081055,23.851970672607425,-3.460556745529175,13.252883911132812,-0.536137044429779,2922.601076361313,0.15234375,28.314510345458984
8.485692977905273,20.59585952758789,6.185020446777344,16.928197860717773,-5.326638221740723,10.746044158935549,-1.810771107673645,3014.9563147327294,0.08984375,-44.06748580932617
-2.773019313812256,35.147705078125,-0.6537291407585144,22.451440811157227,-3.4885778427124023,14.77340316772461,-4.332815170288086,2792.108229217897,0.13037109375,7.770962238311768
-7.638436317443848,25.276275634765625,-2.389025449752808,18.026836395263672,-4.684518814086914,12.267327308654783,-3.7252349853515625,2699.4383455193074,0.08935546875,-20.81343460083008
7.516183376312256,23.93519115447998,-6.065621376037598,18.278278350830078,-3.132144331932068,13.12034559249878,0.6020366847515106,2668.8958105830525,0.07275390625,-81.90168380737305
14.916515827178955,61.75608253479004,12.210584163665771,28.74398422241211,7.167757272720337,10.936026096343994,-5.147699356079102,2892.128730512002,0.176025390625,-1.9356549978256226
17.455120086669922,55.40033531188965,11.706749439239502,35.8018684387207,3.153295636177063,16.14389991760254,-4.406507968902588,2927.0561119410395,0.0947265625,-26.747427940368652
-4.324726581573486,33.23504447937012,2.189037561416626,22.065546989440918,-4.257069826126099,7.519903182983398,-6.421821355819702,2414.8199838009796,0.08935546875,-103.47692108154297
-25.027082443237305,23.860331535339355,-7.4713053703308105,17.438934326171875,-0.22755655646324155,11.95529317855835,-3.0866520404815674,2082.022914175101,0.07470703125,-70.9253921508789
19.517457008361816,44.33289337158203,5.41920018196106,29.706523895263672,2.342178702354431,12.79392147064209,-2.1795904636383057,2924.0498679854863,0.1328125,-121.91399383544922
9.026378631591797,48.222652435302734,4.549998760223389,25.69115829467773,1.1562819480895996,13.690435409545898,-0.7165518999099731,2766.6454348987227,0.087890625,-161.84719848632812
-2.744278907775879,31.90658950805664,-0.5783686637878418,23.06812286376953,-4.764499187469482,11.119107246398926,-6.242258548736572,2509.081667721261,0.0546875,-17.91546630859375
4.748229503631592,42.13790893554688,-8.986612319946289,31.454181671142575,-2.9926791191101074,12.668656349182127,-2.069824695587158,2696.1773846298047,0.1005859375,-15.316827774047852
-2.6669399738311768,17.643617630004883,3.695856094360352,18.770919799804688,-10.880929946899414,14.651464462280272,-4.144660472869873,3000.322550701337,0.1240234375,-23.910707473754883
-3.340400218963623,29.533509254455566,-1.1936410069465637,16.333447456359863,-1.5977769494056702,8.187984943389893,-5.217316627502441,2026.5093548807065,0.04150390625,-73.39184188842773
13.262720108032227,32.10615921020508,6.15732216835022,22.217659950256348,1.9401640892028809,11.69436264038086,1.4134012460708618,2835.1213366833485,0.068359375,-90.05068969726562
-18.420642852783203,37.58168411254883,-0.7678482532501221,14.712358474731445,-2.7634830474853516,10.627665996551514,-3.0741727352142334,2246.6075061535184,0.07421875,-73.22061920166016
-25.475255012512207,23.0065336227417,-5.418114185333252,19.661087036132812,-6.444327354431152,10.583486080169678,-6.06321120262146,2321.1219711049243,0.10986328125,23.411091804504395
-38.423744201660156,35.746402740478516,-12.829289436340332,11.487370014190674,-4.374288320541382,7.486510753631592,-8.02640151977539,2166.365565082668,0.13134765625,9.402920722961426
-15.294821739196776,27.96107482910156,-2.544260025024414,18.783727645874023,-3.364731788635254,9.404611587524414,-8.954610824584961,2657.3115225990878,0.146484375,-21.366458892822266
11.445126533508303,31.137233734130863,0.9451418519020081,20.697532653808594,-2.6220428943634033,11.163363933563232,-5.8205084800720215,2913.3339192839812,0.11181640625,-46.05203437805176
-0.20326818525791163,43.74102783203125,1.6519124507904053,25.325489044189453,0.33440208435058594,12.348738193511963,4.341695308685303,1868.6896045621625,0.0166015625,-132.40015411376953
1.9113956689834597,20.68051147460937,-10.77694320678711,16.906402587890625,-3.106268405914306,4.322499752044678,-8.659488677978516,2812.6281622639344,0.13525390625,24.76317405700684
-3.3883975744247437,36.18372344970703,-2.271990180015564,21.874183654785156,-0.3837626874446869,13.532771587371826,-4.196640729904175,2654.964086559247,0.109375,-54.518341064453125
14.17878532409668,24.1747407913208,-2.579359769821167,16.86948585510254,-5.060692071914673,10.755788803100586,-4.450097560882568,2742.6562677464835,0.0830078125,-93.91203689575195
15.665742874145508,26.01433753967285,-0.7727341055870056,17.54671001434326,-4.039906978607178,10.090975761413574,-5.788303375244141,2926.3419573639076,0.09912109375,-3.6430482864379883
-12.362348556518556,25.35675048828125,3.0685267448425293,2.796481132507324,-1.784489393234253,10.943596839904783,-1.5757992267608645,2859.0826310288994,0.1875,5.185658931732178
-7.061454772949219,20.690778732299805,1.911003291606903,15.732122898101807,-3.818175196647644,8.286088943481445,-8.25195598602295,2889.1357403002576,0.162109375,11.532238006591797
-30.00905418395996,11.573354721069336,-15.248825073242188,16.086801528930664,-5.6111249923706055,12.02134895324707,-10.188806533813477,1896.910874618881,0.0771484375,-41.64418029785156
-17.400074005126953,24.22223663330078,10.06583023071289,17.997791290283203,-2.7716190814971924,11.68752098083496,-6.602284908294678,2629.8033070976503,0.146484375,36.143314361572266
1.05227530002594,26.530110359191895,1.160476565361023,21.991538047790527,-4.944489002227783,9.632755756378174,-5.782016277313232,2782.5188037380553,0.1396484375,28.696755409240723
-2.909141421318054,32.8286190032959,1.5839493870735168,16.349424362182617,-6.611984014511108,7.443009376525879,-6.646664142608643,2621.8678734035316,0.10107421875,-34.42859077453613
4.626280784606934,25.19637966156006,1.0079575181007385,25.711305618286133,-1.157572090625763,9.927797317504883,-6.484832763671875,2696.4927587155917,0.10595703125,-82.70927810668945
-7.207408428192139,23.84687042236328,5.453656196594238,3.5087966918945312,-0.0238018631935119,10.796225547790527,-2.0109505653381348,2996.7319245349195,0.18701171875,-34.75163269042969
-6.235856771469116,31.406951904296875,-7.625826597213745,23.12071132659912,-4.322669744491577,9.342587947845459,-5.528670072555542,2500.1894012779885,0.12060546875,-54.69789695739746
-12.196027755737305,28.425575256347656,0.49207603931427,26.289581298828125,0.3756555914878845,16.11779022216797,-2.467196464538574,2795.389838682734,0.19384765625,-62.70808410644531
-23.147762298583984,33.24259948730469,-4.9021525382995605,22.348167419433597,-2.8199024200439453,12.598062515258787,-2.0830414295196533,2471.2230597197786,0.1240234375,-84.58561706542969
-7.511725425720215,22.452495574951172,2.829095721244812,13.884270668029785,0.6747172176837921,8.155740737915039,-1.8632026314735413,2264.651943017326,0.06396484375,-113.70766067504883
1.4404218196868896,35.995792388916016,-7.408226251602173,17.48241901397705,-7.711155414581299,8.72779130935669,-6.065804958343506,2523.5920124528566,0.09716796875,-48.96186828613281
-8.00612497329712,26.6918888092041,-3.969695806503296,13.24550724029541,-1.2359853386878967,7.815020561218262,-5.579387664794922,2360.397961037307,0.09033203125,-113.36709213256836
-5.373581409454346,34.04792785644531,10.842338562011719,25.239262580871582,-3.750004529953003,16.58742904663086,-4.927143335342407,2797.464828371607,0.1279296875,-29.888452529907227
4.96787166595459,22.15535259246826,-6.19481086730957,16.48375415802002,-12.17099905014038,18.248801231384277,-1.4512910842895508,2952.1944123676576,0.17041015625,-9.192984104156494
1.348694920539856,36.4934139251709,5.647777080535889,20.712563514709473,-2.298117160797119,8.221176624298096,-2.7564759254455566,2300.5104613226017,0.0400390625,-80.30325698852539
-19.57010269165039,20.648277282714844,3.1335551738739014,18.64805221557617,10.490641593933104,9.477350234985352,-2.533034324645996,2088.431583563885,0.0546875,-88.8540267944336
-21.57243824005127,24.87433242797852,-0.3013231754302978,16.421215057373047,-6.499102354049683,9.029600143432617,-7.463611602783203,2500.6693258556697,0.13037109375,-40.33543586730957
2.904446601867676,10.572729110717773,-1.4059523940086365,23.093119621276855,-3.4107236862182617,10.488316535949707,-7.493500471115112,2860.2680693716666,0.1142578125,-1.1384177803993225
6.187840700149536,16.66932964324951,-5.221479177474976,20.181713104248047,-1.7731025218963623,8.525460243225098,-7.973258972167969,2555.264668068319,0.064453125,-7.3180530071258545
-4.624152660369873,49.59296798706055,-7.6724693775177,21.778640747070312,-8.487817764282227,11.79734754562378,-9.294191360473633,2360.553845250696,0.080078125,-10.109609603881836
-6.169179916381836,16.577377319335938,-3.292841911315918,11.829068183898926,-2.306052565574646,9.4489164352417,-1.9168001413345337,2683.7749385095717,0.09033203125,-56.44850158691406
-1.8590508103370667,9.54356336593628,-12.317505359649658,16.086844444274902,-11.632903099060059,9.534481048583984,-5.737221717834473,2887.7890650654517,0.162109375,31.622565269470215
-0.71805739402771,13.14263916015625,1.0231769680976868,12.037962913513184,0.7635714113712311,9.496817588806152,0.6945840120315552,2677.350861519628,0.06982421875,-0.6911424696445465
-14.572355270385742,13.015560150146484,-5.265420913696289,14.876728057861328,-10.522690296173096,16.06371021270752,-5.8445727825164795,2600.5747187183324,0.141357421875,-24.958006858825684
30.103445053100586,14.073026180267334,-2.9482383728027344,17.63918113708496,-4.055457592010498,11.627078533172607,-1.7687596082687378,3018.147182422689,0.07373046875,-145.96158599853516
3.1566295623779297,19.02300262451172,-10.819135665893556,15.075260162353516,-5.588518142700195,10.631304740905762,1.8945224285125728,2496.5565063748177,0.08447265625,-61.93943405151367
5.274192810058594,21.34366607666016,3.316103935241699,15.287113189697266,-5.347279071807861,6.931891441345215,-7.193248748779297,2897.1410780142514,0.11865234375,-57.97343444824219
-2.773385763168335,27.940757751464844,-0.5800601243972778,19.738006591796875,-4.4213385581970215,7.8757405281066895,-3.6032094955444336,2569.3507444896018,0.080078125,26.763628005981445
-2.3004446029663086,28.40713119506836,-0.4640687704086303,19.565597534179688,-4.537894248962402,7.819064140319824,-3.65860366821289,2543.73075108313,0.0771484375,-60.67085266113281
30.71764373779297,28.33881378173828,3.304957389831543,29.642688751220703,-2.857632875442505,16.01405906677246,-2.490078926086426,3186.7882050377298,0.1875,-38.97618103027344
-4.033541202545166,30.580432891845703,-3.4413833618164062,23.94338035583496,-4.382920265197754,9.570517539978027,-1.7870807647705078,2811.993374853444,0.242919921875,-88.84891891479492
31.291656494140625,27.123762130737305,5.033977508544922,19.45788955688477,-1.8435089588165283,12.292875289916992,-3.5337204933166504,2830.605277324817,0.060546875,-158.20098876953125
17.148761749267578,25.764755249023438,0.4072299897670746,18.851316452026367,0.0886949002742767,11.27301025390625,-2.5289905071258545,2764.8436174560625,0.06884765625,-113.32995223999023
13.00646162033081,11.500425338745117,-10.20308017730713,24.014424324035645,-12.657888412475586,6.252679824829102,-2.518943667411804,2420.915362967825,0.056640625,-78.01358795166016
7.8089823722839355,29.756526947021484,13.335737228393555,18.27530288696289,5.278236389160156,9.633544921875,4.549865007400513,1314.888822188807,0.01318359375,-275.76283264160156
50.94255828857422,50.73018646240234,9.553173065185549,37.15486907958984,0.9691184163093568,12.377986907958984,-5.597368240356445,3168.865891428803,0.14453125,-44.45222091674805
15.449409484863281,32.50905799865723,13.000353813171387,45.890615463256836,5.980174541473389,15.60042142868042,0.9875606298446655,3091.211085897231,0.0712890625,-30.516340255737305
32.72024154663086,50.07183647155762,14.867690563201904,39.3281192779541,5.909685850143433,17.834980010986328,3.1938180923461914,3116.2175923862196,0.03662109375,-73.77706909179688
39.403995513916016,47.77848815917969,8.409391403198242,39.73338317871094,1.0331968069076538,12.605749130249023,0.6131049990653992,3125.621080320779,0.08447265625,-59.82770156860352
-1.6785340309143066,30.793537139892575,3.4186108112335205,24.168535232543945,3.620712757110596,6.204071044921875,-6.642435073852539,2380.8539909323545,0.0615234375,-63.045928955078125
1.1947128772735596,31.77433681488037,-3.523160219192505,19.565757751464844,-5.347166299819946,8.077009201049805,-5.94874906539917,2558.1189135177237,0.08740234375,-32.99861145019531
14.82498264312744,19.210737228393555,8.394800186157227,18.533042907714844,-0.442055881023407,11.450722694396973,-2.6926937103271484,2477.791731945334,0.04345703125,-79.18677520751953
21.223297119140625,16.272403717041016,6.630150318145752,18.30923843383789,-1.7809815406799316,14.166315078735352,-5.138223171234131,3039.161984898434,0.06103515625,-199.881591796875
6.630624532699585,26.698617935180664,3.8989274501800537,15.907416343688967,-2.0542691946029663,6.8076653480529785,-7.528707981109619,2907.066012428996,0.1123046875,-1.0419723987579346
-2.555864095687866,39.25541877746582,7.898637056350708,21.495229721069336,-2.025148868560791,12.228058815002441,-1.6521292924880981,2338.648011737312,0.0556640625,-71.21133422851562
2.020608901977539,50.06095886230469,-1.3169186115264893,31.891883850097656,-1.3518428802490234,8.788776397705078,-4.232975959777832,2625.0353284433018,0.10791015625,-62.72087097167969
25.9820613861084,28.837393760681152,8.300032615661621,20.58509063720703,1.2118502855300903,9.53615951538086,-1.7109494805335999,2283.5606735125793,0.0244140625,-105.21833038330078
6.536243438720703,27.47217559814453,4.111756801605225,23.108814239501957,1.3672773838043213,13.290168762207031,-2.0581610202789307,2877.2843991115574,0.1123046875,-80.42369842529297
-5.760937452316284,40.3517951965332,6.0397467613220215,25.325135231018066,3.361790657043457,14.480796813964844,-1.6461646556854248,2771.899963419797,0.08642578125,-74.87247467041016
-12.281146049499512,32.6031494140625,-0.22326286137104034,17.648479461669922,-1.839308261871338,11.47410535812378,-8.654500961303711,2676.2609123126767,0.17578125,-1.0256804823875427
0.0,27.907329559326172,-0.0422248244285583,20.40976905822754,-1.7033143639564514,11.305002212524414,-4.055857419967651,2711.5214531217307,0.098876953125,40.99088096618652
-7.877357482910156,23.59004592895508,4.977084159851074,12.978208541870115,4.387367248535156,10.358858108520508,-4.774179935455322,2982.056549903296,0.1572265625,-110.05077362060548
-10.796502113342285,44.16201591491699,19.893157958984375,17.773202896118164,2.5999194383621216,18.13793182373047,2.7197848558425903,2352.207983915164,0.04833984375,-94.25909805297852
-17.479875564575195,33.50077438354492,-1.2510350346565247,9.596555709838867,1.640051543712616,11.718757152557373,-4.950416564941406,2203.2423753589246,0.083984375,-33.554866790771484
14.863122940063477,37.61997222900391,5.85777473449707,25.28999328613281,0.8836411833763123,12.536849975585938,-0.275710254907608,2281.068601700482,0.03076171875,-104.87193298339844
2.76006543636322,24.91685199737549,-0.4760516285896301,20.15962314605713,0.6073839664459229,12.277981758117676,-2.5936317443847656,2790.838828809784,0.0732421875,-33.25215530395508
-12.151288032531738,27.302812576293945,-14.635002136230469,16.39948844909668,-5.941810131072998,14.269525527954102,3.608618021011353,2492.8805165228337,0.10986328125,58.27624130249024
2.343285322189331,40.41529846191406,-5.254401683807373,17.235410690307617,1.175522804260254,4.847882270812988,-7.311885356903076,2814.851455951968,0.1328125,21.482397079467773
1.2328383922576904,35.79387283325195,-1.4939215183258057,22.05805206298828,1.3528504371643066,14.700277328491213,-4.233778953552246,2860.189043205251,0.16748046875,-2.4019598960876465
1.1305065155029297,33.8834228515625,9.059855461120604,28.376888275146484,3.35589861869812,13.70201015472412,-2.061920642852783,2786.5312088182327,0.0791015625,-78.55968475341797
1.8028048276901245,31.334402084350586,-0.604757696390152,24.094935417175293,-2.3791834115982056,9.571447372436523,-9.314914226531982,2765.4466790923666,0.107421875,-18.03764247894287
6.9040985107421875,23.323534965515137,-6.457491397857666,15.285802364349363,-5.783340692520142,8.45698595046997,-8.38724422454834,2738.8447156603643,0.11865234375,-60.34482383728027
-8.238643646240234,31.298574447631836,3.3873096704483032,24.01122283935547,1.3598104119300842,12.27511739730835,-6.157724618911743,2672.7087070342423,0.111328125,-36.783451080322266
-24.04666519165039,33.3372802734375,6.727029800415039,14.61207675933838,-3.982480764389038,9.586884498596191,-8.811094284057617,2299.660120494545,0.0966796875,-31.49847984313965
17.94671630859375,37.035865783691406,0.5525336861610413,23.4377498626709,-2.099352598190308,12.5352201461792,-4.931880950927734,2863.174599738849,0.0703125,-69.12967681884766
-4.450375080108643,43.2221794128418,-14.972989082336426,22.879016876220703,-12.46845817565918,8.44700813293457,-10.890775680541992,2596.0013688809386,0.14404296875,-48.52294158935547
14.4996018409729,31.69467258453369,1.80531644821167,15.654261112213135,4.018839120864868,11.445752143859863,-4.326085329055786,3044.517833285857,0.09521484375,-33.25864601135254
13.233338356018066,30.554831504821777,3.222982883453369,21.9810152053833,0.0693765878677368,10.850696086883545,-1.9188207983970642,2647.1557153252675,0.044921875,-74.34584045410156
-33.42884063720703,76.04335021972656,-26.124509811401367,41.698463439941406,-18.555362701416016,15.13811492919922,-6.976090431213379,2208.229867934712,0.08203125,-192.99850463867188
18.471238136291504,32.84733009338379,0.24250245094299316,18.61901092529297,-2.547394037246704,6.334628105163574,-7.129942417144775,2316.670256225631,0.04541015625,-136.76577758789062
1.598360300064087,35.32706832885742,8.453822612762451,16.538270950317383,-4.180828809738159,9.123542785644531,-5.903729438781738,2626.6638044172846,0.078125,-91.68098831176758
-2.945417284965515,11.90140676498413,-0.998444974422455,18.801955223083496,-0.9166432917118073,12.581789493560793,-3.590472459793091,2919.275663566422,0.13916015625,-5.53181791305542
11.20093297958374,20.942352294921875,7.411681175231934,15.150076389312744,-1.1474096775054932,11.881149291992188,-4.759775876998901,2413.1611727165705,0.05859375,-80.61017227172852
6.852768659591675,26.584596633911133,7.150550842285156,18.139827728271484,-3.215240478515625,10.638576984405518,-6.100743532180786,2457.6412687461934,0.06640625,-99.32856750488281
8.75902509689331,28.648963928222656,9.60214376449585,14.860459327697754,3.1297659873962402,10.392329216003418,-4.989595890045166,2282.1586024099556,0.0390625,-163.76030731201172
6.918206691741943,32.26420021057129,7.572439670562744,15.893195152282715,3.338767170906067,9.537748336791992,-4.798137903213501,2150.7020669671138,0.0341796875,-180.46482849121094
11.88906192779541,30.951096534729004,10.128933906555176,16.53195095062256,4.280353546142578,11.055368423461914,-4.247679710388184,2458.179376092835,0.0439453125,-176.3212432861328
18.679709434509277,20.600729942321777,0.4635299146175384,19.51748561859131,-5.5926783084869385,12.462862491607666,-5.219463109970093,2906.934757771457,0.100341796875,-35.03223419189453
15.351434707641602,29.241504669189453,-7.498669624328613,10.999929428100586,-4.201925277709961,9.291909217834473,-8.583636283874512,2917.7476380770754,0.10986328125,-82.80072021484375
33.67967224121094,4.945743799209595,-21.894914627075195,13.317105293273926,-0.34403070807456965,11.301853179931642,-4.846433162689209,3199.036551079287,0.197265625,17.529865264892578
48.28271865844727,-2.569556713104248,-18.87805557250977,9.910682678222656,2.5583298206329346,9.952238082885742,-8.416242599487305,3367.5945884708326,0.27685546875,20.511423110961918
-22.01257705688477,13.571510314941406,-5.971500396728516,12.83628273010254,-5.131930351257324,9.13841724395752,-4.240093231201172,2464.112498152874,0.1083984375,-50.61307907104492
19.80353546142578,27.589590072631836,3.9166067838668823,23.23629379272461,-3.135479211807251,15.776791095733643,-3.286619186401367,2877.5219963069035,0.081787109375,-91.56855392456055
29.663026809692383,12.996356964111328,-3.3115429878234863,17.657432556152344,3.3703269958496094,17.741455078125,-6.139069557189941,3293.544765077424,0.17333984375,-30.88312721252441
-4.937507390975952,17.272127151489258,-0.7512021362781525,19.264347076416016,-2.2133551836013794,9.357606887817383,-5.164786100387573,2686.8626205277187,0.11181640625,-124.83871841430664
-16.684280395507812,14.076472282409668,-4.49606466293335,18.058507919311523,-3.2110915184021,9.812780380249023,-4.746288776397705,2560.4311083866664,0.11279296875,-42.74013137817383
26.000511169433594,56.94200134277344,10.839166164398193,31.10962963104248,8.7810640335083,12.227509021759033,0.7858673334121704,2344.6247319979248,0.0380859375,-158.7923126220703
19.027328491210938,30.439409255981445,5.7314863204956055,28.318403244018555,-0.37054225802421564,13.896857738494873,-4.4555277824401855,3017.4947721134267,0.2646484375,-21.465213775634766
32.252418518066406,14.877948760986328,7.209699630737305,16.50536346435547,13.982341766357422,11.72479248046875,-0.8179433345794678,3211.710136038723,0.09765625,-89.05750274658203
17.616241455078125,25.55481338500977,11.395641326904297,19.70711708068848,1.9945859909057615,11.702531814575195,-3.920888900756836,2522.499111006701,0.0556640625,-137.36126708984375
15.714656829833984,31.95372772216797,2.0120768547058105,23.147380828857425,-0.2962002754211426,16.080303192138672,-2.264892339706421,2919.502538595438,0.1103515625,-105.6174087524414
28.04701232910156,33.37968826293945,6.575596809387207,25.771484375,-1.290961742401123,13.004722595214844,-3.004584312438965,3143.836211936779,0.09765625,-102.0507354736328
-0.6018687784671783,24.908872604370117,-1.2527750134468079,17.027140617370605,-3.3447165489196777,12.52632474899292,-6.022264719009399,2778.304587872418,0.09423828125,-49.4661808013916
3.1493760347366333,32.28059005737305,1.9858884811401367,25.568891525268555,-0.8183984756469727,12.70617389678955,-5.867208957672119,2828.762367935814,0.118896484375,-44.73026084899902
1.202386736869812,23.733322143554688,-1.3185975551605225,15.316774368286133,-5.564013957977295,6.848868370056152,-8.37483024597168,2217.8315874182285,0.06787109375,-123.66361236572266
7.073675155639648,25.77199363708496,1.6983637809753418,21.28667449951172,-4.153698921203613,13.676273345947266,-6.193670272827148,2908.6502013737845,0.1298828125,-92.13143157958984
12.579452514648438,24.40914535522461,0.6211791038513184,15.466388702392578,-9.045710563659668,7.949745178222656,-3.404989004135132,2882.58957151607,0.12451171875,-111.17840576171876
27.882095336914062,25.054763793945312,9.828587532043455,20.975025177001957,-7.252652168273926,10.41667938232422,-7.440495014190674,2774.3304818330894,0.0693359375,-148.28089904785156
37.23310089111328,30.05825424194336,5.992495536804199,18.31803703308105,-2.195464611053467,6.30190372467041,-5.947667598724365,2556.7024662765307,0.03271484375,-101.9633560180664
9.212547302246094,17.666006088256836,1.6639117002487185,22.162189483642575,5.305782318115234,9.7860107421875,-6.895019054412842,3022.1060108688084,0.11962890625,-66.67562103271484
3.250401973724365,45.801002502441406,15.23336696624756,9.782541275024414,9.906827926635742,13.460545539855955,-8.194724082946777,2858.5164296560506,0.10302734375,-17.552783966064453
18.275535583496094,41.0197868347168,13.336854457855225,20.310219764709473,-0.5623947978019714,6.810349225997925,-2.1709126234054565,2594.5959694840967,0.048095703125,-120.83048248291016
18.99563980102539,16.931419372558594,16.681797981262207,15.00440502166748,3.4599697589874268,11.50728702545166,-3.882908821105957,3241.259322435154,0.13134765625,-118.23107147216797
34.28315353393555,23.08254051208496,13.984928131103516,19.69891357421875,-0.5713607966899872,10.149398803710938,-3.3380026817321777,3203.0681234566855,0.080078125,-75.46969223022461
0.3713943362236023,2.671541213989258,0.0,12.876382827758787,0.0,4.335280418395996,0.0,2685.627204272696,0.04150390625,-159.95779418945312
-0.0348517298698425,32.45386505126953,2.6389031410217285,12.855422019958496,-2.83121657371521,7.527196168899536,-2.100799083709717,2135.905095271708,0.052734375,-42.61395263671875
10.86867904663086,19.673364639282227,8.854994773864746,21.6392879486084,1.858659267425537,10.297462463378906,-3.959149479866028,2921.731494907375,0.11279296875,-76.29634475708008
26.695454597473145,28.365127563476562,-0.04391735792160025,16.80568790435791,-6.13312292098999,13.996667385101318,0.639728307723999,3250.987925544141,0.13525390625,-119.71163177490234
8.149782657623291,8.973452091217041,-0.9458158612251282,11.220922946929932,-5.186925411224365,6.752930402755737,-7.1506187915802,2554.60032438043,0.08837890625,-45.133262634277344
12.530721664428711,16.55888080596924,5.822139501571655,15.360050201416016,-4.59797739982605,11.464231014251709,-6.916301727294922,2539.903603616986,0.05908203125,-150.35604095458984
14.236958503723145,0.0010828375816345,9.07602882385254,23.770946502685547,-1.1618719100952148,11.86186408996582,-4.269557952880859,2865.459789313755,0.072265625,-64.79585266113281
22.17857360839844,20.407310485839844,11.92611598968506,19.07046127319336,-7.939043045043945,12.561458587646484,-3.16172194480896,2779.713625477819,0.07421875,-46.54341125488281
-5.884559392929077,49.998680114746094,-6.167426586151123,26.01585102081299,-2.9212146997451782,10.232316970825195,-0.048961937427520696,2431.028273733654,0.20654296875,-44.982574462890625
19.52672576904297,22.5743350982666,9.937250137329102,19.37898826599121,2.219024181365967,13.500773429870604,-4.87142276763916,2565.259207515947,0.0498046875,-77.89456939697266
19.99188232421875,23.02569961547852,11.861988067626951,20.34537124633789,3.5607917308807373,14.49166488647461,-3.547097682952881,2560.1631424882767,0.05419921875,-157.11900329589844
25.643007278442383,26.662019729614258,-5.774302244186401,23.75388526916504,11.345775127410889,20.99410057067871,6.146843433380127,2402.554174321802,0.033203125,-133.60757446289062
-7.7497992515563965,28.837410926818848,-1.216528594493866,20.373648643493652,-3.5338385105133057,8.626852035522461,-10.049235820770264,2743.8641408545723,0.18359375,-62.162031173706055
-20.66556167602539,24.33127212524414,-12.714345932006836,30.700666427612305,-16.6448974609375,7.114413261413574,-15.225494384765623,1937.2467619934232,0.06640625,-98.65387725830078
-3.1608400344848633,7.889279365539551,-1.820658028125763,11.802280902862549,-2.3593459129333496,11.46763563156128,-6.228506565093994,2901.4895017340095,0.12158203125,-65.65438461303711
-14.706775665283203,31.983753204345703,3.460017681121826,13.801746845245361,2.0957796573638916,13.398747444152832,-3.0606682300567627,2507.520543075323,0.08349609375,-74.50772857666016
-16.37582778930664,13.654955863952637,-1.474412441253662,13.83973789215088,-3.12406063079834,8.399633407592773,-4.021158218383789,2380.034664934676,0.08642578125,-71.00634765625
0.3251814842224121,11.139907836914062,3.0989198684692383,17.382808685302734,-0.4241615831851959,8.144330978393555,-6.661142349243164,2312.4316984019943,0.06396484375,-56.862396240234375
10.830275535583496,25.52458953857422,-2.938883781433105,23.265300750732425,-9.73333740234375,15.193474769592283,-4.961138248443604,2938.576190893704,0.130859375,-97.65440368652344
-7.110786199569702,13.130989074707031,-4.441525936126709,17.872142791748047,1.404081404209137,11.913528442382812,-3.5881454944610596,2359.3490644641806,0.072265625,-116.25735855102539
-21.38861846923828,7.140861511230469,2.4648094177246094,10.222055435180664,-8.548770904541016,8.32668685913086,-8.292216300964355,2740.7024418953843,0.146484375,-105.68173217773438
6.319145917892456,-6.120879650115967,-7.20301365852356,14.439512252807617,-1.6127746105194092,12.59801435470581,-3.054965019226074,2943.096299552277,0.10693359375,-144.49539947509766
22.363492012023926,26.436142921447754,3.6600208282470703,19.254551887512207,-3.347699761390686,15.448394775390623,-4.4102559089660645,2849.8459104985313,0.08154296875,-44.86393928527832
9.46353530883789,30.9788761138916,0.9402836561203004,21.44669532775879,-5.532606601715088,12.358933448791504,-1.7314035892486572,2833.296926092813,0.1201171875,-91.035400390625
23.756053924560547,14.896270751953123,-1.873031735420227,15.01811981201172,-0.3403275609016418,15.550697326660156,-2.525224208831787,2952.4914613173664,0.06640625,-38.52394104003906
34.34091567993164,20.256179809570312,-8.656657218933105,19.27952003479004,-6.596269607543945,10.629549026489258,-1.603510856628418,2858.6021374354427,0.07763671875,-116.1760482788086
6.302274227142334,30.606876373291016,6.400949954986572,19.61172866821289,-2.0197882652282715,10.073362350463867,-3.5210742950439453,2715.623085829425,0.095703125,-67.54845428466797
-11.140029907226562,37.567848205566406,2.980275154113769,23.253162384033203,9.81162452697754,10.027715682983398,5.290499210357666,2090.5854757587776,0.03759765625,-149.13307189941406
8.774059295654297,49.00972366333008,21.23931312561035,30.11263370513916,12.611983299255371,13.175148963928223,1.2992618083953857,2146.761813176874,0.02978515625,-236.27940368652344
19.365325927734375,20.13198471069336,-0.3667682111263275,13.07808256149292,-5.939207315444946,9.578932762145996,-5.141138315200806,3057.6543824127884,0.0869140625,-96.88012313842773
18.627586364746094,38.95532989501953,7.664641380310059,22.933996200561523,1.1732864379882812,7.308993339538574,-6.349643707275391,2355.232357496867,0.05517578125,-127.44049835205078
0.0,20.018098831176758,0.0,22.359946250915527,-3.4931528568267822,5.8006272315979,-0.5356637835502625,2452.5052650312728,0.0869140625,-112.11858749389648
9.433614730834961,45.95695877075195,0.37729881703853607,22.705846786499023,-10.31432294845581,13.430018424987793,-5.000895977020264,2730.533912296053,0.10693359375,-60.969547271728516
30.49413681030273,20.80367660522461,0.1691030263900756,15.412612915039062,-4.107941627502441,6.534136295318604,-10.509958267211914,3227.042972088544,0.15673828125,-57.47336196899414
3.755744457244873,26.473068237304688,4.977151870727539,18.983169555664062,1.9183624982833865,9.825584411621094,-2.4929184913635254,2478.0987289915265,0.05224609375,-20.39218521118164
16.418190956115723,19.236586570739746,0.2054806649684906,19.234950065612793,-5.304060935974121,1.1708266735076904,-7.893404006958008,2324.239296844068,0.0625,-216.8479766845703
7.953088760375977,16.535378456115723,1.9751840829849243,14.584750175476074,-1.7329725623130798,10.276933670043945,-6.088658332824707,2962.943480132676,0.10400390625,-104.34732055664062
5.913458347320557,13.40823745727539,3.724604845046997,15.486536026000977,1.5960525274276731,7.77066707611084,-5.498464584350586,2849.6698146944404,0.109375,-72.15613555908203
-5.211206436157227,23.667518615722656,3.307798147201538,12.995475769042969,-2.530884027481079,8.32138442993164,-3.859546184539795,2519.7459804787886,0.09033203125,-42.171722412109375
7.0414392948150635,19.267404556274414,2.7474347352981567,18.737967491149902,-3.382127046585083,9.459235668182373,-6.437145948410034,2650.246357121847,0.0693359375,-113.0816421508789
7.0831217765808105,23.26053237915039,0.1030539274215698,20.05043029785156,-6.987924575805664,7.569482803344727,-11.213334083557127,2804.032642253745,0.10302734375,-88.83189392089844
-10.170700073242188,19.933734893798828,-2.622075319290161,9.359902381896973,-6.60678243637085,7.276742935180664,-8.139480590820312,2674.303586507117,0.10400390625,-45.77157211303711
-5.516811370849609,16.32082176208496,-14.83873462677002,9.304530143737791,-12.45710563659668,6.943743705749512,-9.85774040222168,2799.125866728588,0.1416015625,-37.01595306396485
30.917960166931152,29.351181030273438,-0.9748653173446655,21.777356147766113,-4.869798183441162,10.284163475036621,-8.175802230834961,3036.755845305387,0.12646484375,-127.28755569458008
23.58080673217773,18.99679946899414,-3.7657456398010254,14.23979377746582,-1.964976668357849,10.662521362304688,-2.046591758728028,2989.740934936168,0.0888671875,-61.21681594848633
5.179959535598755,31.53326988220215,6.973259449005127,13.872704982757568,1.6683754920959473,14.291187763214111,0.6791673600673676,2500.2302429580022,0.0615234375,-72.77893447875977
27.412954330444336,22.00246810913086,3.2380661964416504,14.379636764526367,0.1744086146354675,11.793719291687012,-2.092510223388672,2963.678243976506,0.07861328125,-96.7527847290039
5.03561544418335,28.140600204467773,1.8267581462860107,2.31337833404541,-3.4391138553619385,9.635910987854004,-6.573050498962402,2199.9676278077923,0.0498046875,-105.59996032714844
23.661359786987305,14.945162296295166,17.738719940185547,15.110894203186035,0.6066247820854187,9.3694429397583,-2.7531098127365112,2410.867911797601,0.05224609375,-138.18319702148438
15.189519882202148,6.420077323913574,14.001313209533691,14.57027816772461,-0.6683351993560791,6.644598960876465,-7.82476806640625,2113.317949788074,0.0595703125,-148.19027709960938
18.282666206359863,22.396728515625,0.05478819459676735,21.044558525085453,-2.562899589538574,9.953996658325195,-1.7916910648345947,2497.663442594877,0.0576171875,-145.59750366210938
2.6641042232513428,40.99726867675781,7.384311199188232,24.779218673706055,-8.962096214294434,8.3799147605896,-6.9531495571136475,2521.95074742599,0.0849609375,-118.9898338317871
14.720303535461426,15.770092010498049,2.936154365539551,11.540870666503906,-1.6576423645019531,1.460673213005066,-0.8952785730361938,2518.387377601853,0.05810546875,-149.53903198242188
20.68354606628418,37.64302062988281,0.08514212816953655,21.766862869262695,5.3686041831970215,11.639307975769043,1.36959308385849,2755.1666990226795,0.07470703125,-75.81031036376953
13.275337219238281,9.147212028503418,2.532185435295105,2.3437637090682983,-1.7858068346977234,1.4732027053833008,-3.492432117462158,3136.4477162478734,0.109375,-134.10366821289062
-14.780517578125,22.25275039672852,-7.69261360168457,18.42288589477539,-7.369401454925537,13.348552703857422,-7.131180286407471,2707.6609247906867,0.11572265625,-11.807555198669434
4.130454063415527,20.367084503173828,-3.112699270248413,21.360673904418945,-10.23188304901123,11.869428634643555,-5.792227268218994,2793.5256383930064,0.09765625,-58.69844436645508
-21.57243824005127,24.87433242797852,-0.3013231754302978,16.421215057373047,-6.499102354049683,9.029600143432617,-7.463611602783203,2500.6693258556697,0.13037109375,-40.33543586730957
9.91765022277832,26.55928611755371,-2.3809163570404053,17.529895782470703,0.4853155612945556,12.895891189575195,-1.90347683429718,3024.1088304511104,0.1455078125,-27.83631706237793
17.491466522216797,18.96681785583496,-3.249505043029785,14.472784042358398,-1.0418586730957031,9.701789855957031,-2.81093430519104,3156.782694240032,0.2255859375,-101.76942443847656
7.52898645401001,15.555896759033203,3.8017094135284415,10.56035327911377,2.682469606399536,9.812585830688477,-2.186671018600464,2891.515830312214,0.0732421875,-52.27776718139648
10.357117652893066,12.198446273803713,-1.4870083332061768,10.23988437652588,0.8745212554931641,5.624001502990723,-7.752877235412598,2984.7650319327786,0.1220703125,-58.1039924621582
-17.327728271484375,16.135648727416992,-3.998229742050171,15.599564552307127,-4.720893383026123,8.054409980773926,-4.099024772644043,2217.560344936131,0.076171875,-76.55831909179688
-6.928572654724121,37.462127685546875,-14.45607328414917,36.50500297546387,-7.195770025253296,15.115689754486084,-9.335103034973145,2269.0238946398936,0.0517578125,-101.32981872558594
-10.108451843261719,35.03695297241211,-9.44086456298828,39.55685997009277,-8.09120225906372,21.59293556213379,-4.742453575134277,2318.4095677276937,0.07177734375,-134.92200469970703
-7.727846145629883,22.438884735107425,5.346888542175293,20.595203399658203,5.1819915771484375,14.442913055419922,-3.2855703830718994,2925.1061106181896,0.13427734375,-49.146461486816406
14.858726501464844,25.39579391479492,-0.326735109090805,16.13750457763672,-2.167818784713745,8.422994613647461,-1.430122971534729,2918.2109309185207,0.10498046875,-98.2246551513672
6.9023213386535645,29.966053009033203,1.3588268756866455,18.99554443359375,-5.071142196655273,9.83769416809082,-4.839545249938965,2665.930446252424,0.07666015625,-116.61050415039062
22.827579498291016,20.35087776184082,-9.560436725616455,18.668036460876465,-0.13329347968101496,9.251671314239502,-2.2550253868103027,3046.3020988920675,0.211181640625,-33.67119216918945
-20.35501480102539,24.256023406982425,-8.661423683166504,17.833431243896484,-6.428147315979004,8.70399284362793,-7.961788654327393,2381.1629790500742,0.111328125,-63.86822509765625
16.651599884033203,38.24897003173828,2.0660524368286133,24.21218681335449,3.5613412857055664,12.863516807556152,-2.834117889404297,2694.0294398184524,0.08349609375,-84.60161590576172
16.80565643310547,38.37468719482422,2.0475302934646606,24.44778823852539,3.6905814409255977,13.370762825012207,-2.441030263900757,2709.158403496377,0.08056640625,-81.79289245605469
13.944847583770752,29.672718048095703,-1.0505553483963013,21.28965187072754,0.49969083070755005,11.945453643798828,-9.168675422668459,2830.556672312419,0.1181640625,-112.19592666625977
7.1714863777160645,26.996953010559082,1.6252877116203308,20.584078788757324,-0.5361276865005493,10.157666206359863,-11.706018924713135,2848.379842360921,0.1181640625,-75.52581405639648
-9.252463340759276,29.44402885437012,-0.0720404982566833,19.87377166748047,-2.587376594543457,12.769416809082031,-3.1819581985473637,2290.351397964,0.08056640625,-98.64415740966795
38.09602737426758,20.454601287841797,10.756999492645264,20.144848823547363,-7.101539373397827,16.786880493164062,-7.779362916946411,3293.4274003755354,0.13818359375,-100.81121063232422
-0.05165819823741905,14.694818496704102,-5.684576511383057,12.269876956939697,-4.956768989562988,5.5815770626068115,-6.407975196838379,1982.4571963215853,0.0771484375,-141.44586944580078
-3.5556353330612183,13.528564453125,-5.068206548690796,12.97513723373413,-7.195911169052124,5.540259838104248,-7.668777942657471,2484.6508402161207,0.08056640625,-119.6639404296875
-1.9433690309524536,16.62310791015625,5.271028518676758,12.371538162231445,-3.062059760093689,8.483672618865967,-7.199882507324219,2525.9593881134515,0.0986328125,-165.67733764648438
0.02726721763610835,24.490034103393555,-7.2339630126953125,18.112451553344727,-5.268163681030273,7.092324733734131,-5.943291425704956,2506.181854594841,0.0673828125,-115.59661865234375
8.206907272338867,18.8859977722168,0.0440832376480102,16.11393928527832,-1.346041917800903,9.661172866821287,-7.217408657073975,2810.685946610533,0.0986328125,-58.45626831054688
4.362337350845337,14.436873435974121,2.243206262588501,11.96569013595581,-5.0555579662323,11.527626991271973,-2.187528610229492,2707.5203853585335,0.07568359375,-85.51710510253906
-4.0383360385894775,15.885638236999512,-6.492146968841553,15.129272937774658,-5.35803747177124,8.819173336029053,-1.5660463571548462,2787.4970934231383,0.130615234375,-33.51330375671387
3.0064616203308105,21.236068725585938,-0.53521329164505,16.489107131958008,2.6288325786590576,17.78329086303711,0.7894879579544067,2654.4664621724096,0.07763671875,-18.095382690429688
0.9827097654342651,14.911333560943604,3.8858569860458374,14.488226413726807,-1.5058286786079407,8.199523448944092,-9.895792484283445,2810.450963291007,0.10107421875,-39.62953186035156
29.758634567260746,9.348139762878418,6.088133811950684,17.061904907226562,-3.86469030380249,3.728360176086426,-1.2962586879730225,3138.742076851533,0.0732421875,-82.82288360595703
3.5929616689682007,24.714895248413086,2.692045211791992,23.02937412261963,-2.09363329410553,13.624927520751953,-4.055948734283447,2969.6884933822703,0.13037109375,-32.441946029663086
16.27088451385498,25.264151573181152,0.2149404063820839,11.877681732177734,-6.703284978866577,11.793622970581055,-7.362926006317139,3036.329923950731,0.14697265625,-63.14134407043457
22.65315055847168,36.6478271484375,9.746728897094728,27.863100051879883,3.961546897888184,6.843930244445801,-4.309405326843262,2602.3894673597765,0.0419921875,-106.55206298828124
3.968820333480835,22.95228385925293,1.3984160423278809,25.169422149658203,-1.9043068885803225,9.848907470703123,-2.532070636749268,2576.497215603166,0.0751953125,-57.86956787109375
6.228518962860107,17.396434783935547,-2.4585914611816406,16.79395580291748,-3.114435076713562,10.446019172668457,-0.8236604928970337,2616.135883490936,0.064697265625,-122.6918830871582
13.104959011077883,26.33675765991211,0.9625188708305359,0.861236572265625,6.167547702789307,11.984639167785645,-1.7994214296340945,2740.623213470033,0.0693359375,-138.3741226196289
0.5799700021743774,24.397279739379883,9.713250160217285,13.118714809417725,1.642009675502777,12.669994831085203,-4.0806684494018555,2779.1947759459904,0.09619140625,-74.8209457397461
25.339885711669922,29.996631622314453,6.601045608520508,15.705955028533936,0.7786218523979187,3.677056074142456,-1.9511669278144836,2839.292284557012,0.09375,-130.76956176757812
7.590006351470947,28.90824794769287,-3.5541285276412964,20.14002513885498,3.834364175796509,12.424041271209717,-3.7974454164505005,2872.4584286321187,0.119140625,-36.15696907043457
16.910988807678223,32.456491470336914,-4.542626857757568,19.777847290039062,-1.6342740654945374,11.82018756866455,-5.689649343490601,2997.0973037028034,0.14501953125,-31.7314453125
9.238608837127686,32.093387603759766,-7.017334222793579,17.248470306396484,-2.8575435876846313,10.60761547088623,-6.798421621322632,2838.1233280165025,0.13818359375,-96.72502136230467
-11.149596691131592,19.937414169311523,7.759606838226318,20.60869789123535,2.4767508506774902,11.147284507751465,-8.518520832061768,2348.721512000145,0.0751953125,-45.840410232543945
7.827369689941406,8.357092380523682,5.548354625701904,24.93559455871582,7.585936546325684,12.563544750213623,-8.467288970947266,2585.288436941016,0.05908203125,-65.83457946777344
-0.6993957757949829,24.039878845214844,-0.5890509188175201,16.17229461669922,-3.4058432579040527,7.836062908172607,-8.95207691192627,2565.2737454312146,0.1025390625,-46.58054733276367
2.1882119178771973,22.492935180664062,11.013164520263672,18.18819236755371,-5.311915397644043,11.876946926116943,-4.765279293060303,2301.8933796290203,0.05810546875,-157.23055267333984
0.5123982429504395,7.967487335205078,-1.6853183507919312,5.71320104598999,-9.36103630065918,7.191118717193604,-11.310765266418455,2737.9740428733485,0.10986328125,-115.83392333984376
12.639211654663086,29.965282440185547,0.017963171005249,13.010038375854492,-1.668307185173035,9.813493728637695,-1.4254276752471924,2749.670732728809,0.09228515625,-93.88938903808594
17.990703582763672,36.767765045166016,3.930721282958984,15.608226776123049,1.8539245128631592,7.774093627929687,-4.079812526702881,2662.8983331721065,0.0576171875,-89.7867431640625
19.927518844604492,39.415138244628906,4.482233285903931,17.713834762573242,4.757265567779541,10.607210636138916,-2.658940076828003,2707.060651218969,0.0537109375,-83.70333480834961
13.18313217163086,28.97298622131348,7.672706604003906,15.55501937866211,1.4791085124015808,7.015661954879761,-5.4818737506866455,2806.7587172630965,0.0810546875,-59.776153564453125
5.376908302307129,29.019458770751953,3.6337567567825317,9.68275785446167,0.5395357012748718,9.163516044616697,6.315488338470459,2734.143299549298,0.10595703125,-71.65468978881836
-2.0205018520355225,30.030216217041016,2.063220739364624,9.66808795928955,2.210107207298279,14.203876972198486,-0.9797794222831726,2642.572336597395,0.08984375,-99.1187629699707
0.7282290458679199,38.053585052490234,8.682575702667236,26.635841369628906,-0.15132164955139155,10.063132286071777,-4.929693222045898,2667.9475044631718,0.09130859375,-86.96969604492188
9.004579544067383,27.688037872314453,-7.100204944610596,10.755252838134766,1.681930422782898,9.873700141906738,-1.435990333557129,2343.9047734312057,0.0537109375,-106.56178283691406
10.749637603759766,15.359620571136475,7.222721099853516,10.630955696105959,4.675469398498535,5.085695743560791,1.879887878894806,3160.3250045553696,0.1376953125,-58.85309028625488
5.323396682739258,21.17936134338379,15.964860916137695,15.985183715820312,4.306291103363037,9.452834129333496,-3.92324161529541,2641.7404090286504,0.0595703125,-183.17123413085935
-1.8489656448364258,29.054798126220703,6.79526424407959,23.821362495422363,2.675044536590576,8.578392028808594,-5.494150161743164,2327.294644817019,0.04931640625,-122.52992630004883
14.49520778656006,28.11241912841797,0.7706287503242493,14.570279121398926,-4.468173980712891,10.316339492797852,-5.775095939636231,2797.7038331919475,0.07177734375,-83.86589813232422
9.69958782196045,31.94411849975586,4.535439014434815,13.311323165893556,-5.050562381744385,6.7190775871276855,-7.1485514640808105,2592.8894149950224,0.06640625,-135.883544921875
-8.591535568237305,27.59225082397461,-2.311333417892456,19.379337310791016,-2.4528191089630127,10.632286071777344,-5.57144021987915,2422.5040360179446,0.07275390625,-90.95133972167967
8.305963516235352,32.274919509887695,12.742753982543945,17.129884719848633,3.0351645946502686,10.83255386352539,3.7305046319961543,2822.3962658340006,0.05859375,-130.09868621826172
19.126026153564453,25.5117244720459,2.9271512031555176,23.762062072753903,-1.792236328125,11.192981719970703,-2.445229768753052,2888.654507083401,0.060546875,-43.133113861083984
40.45942306518555,14.86691951751709,2.0854804515838623,29.89762020111084,-3.7625077962875366,12.690807342529297,-3.4291168451309204,3147.76104693653,0.131103515625,-141.09656524658203
54.37635803222656,17.802356719970703,12.901254653930664,12.147760391235352,3.1059824228286743,4.3525612354278564,2.841612458229065,3406.0971510622717,0.123046875,-121.26810455322266
6.863398551940918,25.85010528564453,15.3768310546875,15.21811866760254,2.5576305389404297,5.2713117599487305,-0.1760667562484741,3187.2897374113422,0.1279296875,-99.04509735107422
41.1317138671875,20.74164390563965,-0.6070206165313721,26.924028396606445,-4.416215419769287,13.654396057128906,4.48241138458252,3117.604378332512,0.22509765625,-135.3281707763672
44.12765502929688,10.228090286254885,21.557296752929688,14.354243278503418,-11.430347442626951,7.67870569229126,-5.551863670349121,3419.302345722927,0.15478515625,-123.0854949951172
17.81644630432129,-1.058837890625,3.782960891723633,20.50263786315918,2.685192584991455,11.588411331176758,-3.305250883102417,2731.073345091395,0.0771484375,-125.01818084716795
9.117331981658936,0.9701624810695648,4.544508934020996,16.627211570739746,-3.027803659439087,9.08671522140503,-8.097355842590332,2817.394236830767,0.1064453125,-110.37336730957031
23.8702392578125,12.909097671508787,1.614070177078247,13.349405288696287,0.1515498757362365,9.191646575927734,-2.622332572937012,2605.959200980829,0.0732421875,-117.85599517822266
24.06946563720703,20.91843032836914,0.368882954120636,17.917438507080078,-2.531914710998535,6.688333034515381,-10.001388549804688,2985.3655500224354,0.08642578125,-13.994206428527832
28.468063354492188,23.13850212097168,13.200767517089844,17.533588409423828,0.7863689064979553,8.498294830322266,-4.186670303344727,2738.5744487497163,0.048828125,-134.2720184326172
22.76852321624756,12.87297773361206,8.531155586242676,24.212156295776367,1.831271231174469,13.286585807800293,-0.5993194878101349,2657.8021592170894,0.046875,-60.193660736083984
25.728386878967285,36.97710990905762,5.493828058242798,18.973636627197266,0.8362486362457275,15.453083038330078,-3.4873194694519043,2970.5947210187637,0.0703125,-98.16205596923828
24.06302833557129,14.125293731689451,2.977595806121826,21.32415008544922,8.805493354797363,4.756911277770996,-1.061242699623108,3072.712160467745,0.10009765625,-110.01310729980467
12.060306549072266,29.46250915527344,3.971911668777466,17.584569931030273,-0.7076269388198853,14.41722297668457,-4.075813293457031,2965.5515877373355,0.10546875,-19.69194793701172
7.046551465988159,26.36996364593506,-2.193899631500244,17.686564445495605,-6.186226844787598,6.31823205947876,-6.1369428634643555,2687.4018676540336,0.0966796875,-96.13779830932619
-6.991982936859131,39.23596382141113,3.719451665878296,15.171088218688965,-6.8441643714904785,1.6638949513435364,-8.69242238998413,1759.208722919067,0.05712890625,-210.63549041748047
36.02161407470703,42.879539489746094,12.862079620361328,26.88660430908203,2.3912854194641118,9.094676971435549,0.3770908117294311,3025.3176082899035,0.08642578125,-191.55767822265625
27.4609375,27.36622428894043,10.416460990905762,21.279075622558597,2.307846784591675,13.886752128601074,-6.413984775543213,2922.448611386795,0.07470703125,-149.553955078125
-0.3081415295600891,30.4608154296875,-4.022054672241211,23.15569877624512,-3.9726059436798096,15.550729751586914,-5.665038585662842,2789.2438044490304,0.16162109375,-50.69481658935547
-21.58081817626953,26.291088104248047,2.3332622051239014,24.394920349121094,2.2545087337493896,13.738088607788086,-4.3350934982299805,2534.2095207275124,0.134765625,-60.8276481628418
43.68659973144531,11.420524597167969,6.023210525512695,27.22590446472168,-2.410040616989136,13.276325225830078,-6.904047012329102,3420.144788637097,0.14599609375,-103.2293701171875
32.76923751831055,20.426057815551758,11.246488571166992,21.411145210266113,-5.734336614608765,19.416598320007324,-2.187124729156494,3340.1326621966514,0.15185546875,-102.39917755126952
23.64758682250977,37.80717468261719,10.47140407562256,21.99008560180664,0.3226548135280609,5.857317924499512,-4.409658908843994,2729.686211372158,0.06201171875,-93.79183959960938
-12.849564552307127,15.744955062866213,2.301379680633545,20.347694396972656,3.400775909423828,19.15692138671875,-2.5018134117126465,2762.850235032534,0.11474609375,-48.78658676147461
17.396455764770508,26.757604598999023,13.887221336364746,14.096525192260742,-2.3779081106185913,9.870201587677002,-4.632745027542114,2968.214870669281,0.2041015625,-147.41098022460938
-0.5619457960128784,45.44489288330078,11.08011531829834,18.35840606689453,-5.541731834411621,9.16049575805664,-6.767513275146484,2454.8485060380467,0.080078125,-78.51911926269531
5.746608734130859,36.97673034667969,8.591569900512695,25.993017196655277,0.0995752215385437,14.51046085357666,-3.719702243804932,2679.8939456058647,0.07421875,-101.44409942626952
8.050176620483398,21.54072856903076,14.316063404083252,19.637965202331543,-5.471834182739258,13.742887020111084,-4.4814453125,2723.2515499387955,0.0546875,-172.16285705566406
-2.0238184928894043,34.437530517578125,14.018709182739258,16.26632308959961,-3.9141957759857178,12.774266242980955,-4.516558170318604,2600.141426761894,0.09716796875,-101.03282928466795
-12.76956844329834,28.644896507263184,1.8622804880142212,21.275514602661133,-1.7114115953445435,11.33347225189209,-6.786484718322754,2584.912448108169,0.12548828125,-77.37702560424805
27.885493278503418,38.071537017822266,15.182450771331787,20.74103546142578,1.2189338207244873,9.03827428817749,-6.221203804016113,3028.680695182289,0.0869140625,-129.21217346191406
16.680877685546875,30.12900161743164,7.509702682495117,19.134912490844727,2.8922481536865234,14.684652328491213,-4.062772750854492,3017.6590349847816,0.10986328125,-113.75709533691406
-3.866920948028565,22.81613540649414,2.9070193767547607,19.049291610717773,2.31854248046875,13.27212142944336,-2.3363704681396484,2379.323312192783,0.0712890625,-120.4787139892578
16.810089111328125,40.088157653808594,12.050539016723633,19.38913345336914,-2.0932114124298096,10.518470764160156,-9.941055297851562,2715.624722436015,0.0712890625,-111.22502899169922
4.974685192108154,24.296951293945312,4.89409875869751,15.504637718200684,-4.411954402923584,9.97100305557251,-8.889458656311035,2477.7357787942287,0.07177734375,-128.7176742553711
12.179991722106934,24.967758178710938,14.213774681091309,15.522207260131836,4.9432337284088135,15.874309539794922,-3.730412602424621,2140.632012237789,0.03857421875,-167.35454559326172
8.330692291259766,45.07243728637695,9.476777076721191,29.715155601501465,3.8170257806777954,15.374055862426758,0.9020801186561584,2464.8264691527093,0.03759765625,-162.67298126220703
2.471851348876953,18.13778686523437,-0.4198533892631531,17.901103973388672,1.573616862297058,13.747645378112791,-3.2905426025390625,2496.253875776407,0.0751953125,-146.6929473876953
19.685482025146484,34.0410270690918,6.538969993591309,20.90782356262207,-5.103672981262207,13.453224182128906,-4.372467517852783,2975.729024561481,0.11376953125,-95.15109252929688
-1.3591973185539246,22.795666694641113,4.7130372524261475,17.211536407470703,-4.590572357177734,7.83721923828125,-5.979926347732544,2848.499557471199,0.1357421875,-15.532108306884766
11.437856674194336,23.289180755615234,3.411684274673462,30.63694953918457,6.44487738609314,17.02811908721924,3.2296448945999146,2608.321549511718,0.04443359375,-116.5694465637207
32.16046142578125,38.485456466674805,6.851424217224121,27.241308212280273,2.221180558204651,14.79146146774292,-4.102234601974487,2757.7111078143753,0.0439453125,-165.6324234008789
-4.001152276992798,31.26708984375,3.928741812705993,21.241384506225586,-3.9597778320312496,9.340894222259521,-10.223618507385254,2572.078047126738,0.09716796875,-85.15164184570312
-3.3579095602035522,25.287269592285156,-10.642183303833008,9.973207473754885,-6.355059862136841,5.602799892425537,-10.288299560546875,2553.3830008252476,0.11767578125,-83.03491973876953
15.100542068481444,23.65497589111328,10.100568771362305,10.72119140625,7.052901268005371,6.222540855407715,1.1348471641540527,3059.165793398049,0.1318359375,-102.3347396850586
26.00401020050049,29.293855667114258,6.283107280731201,13.00566053390503,-0.9566482305526733,12.13346815109253,-3.9999070167541504,3187.058835341189,0.14599609375,-28.058420181274414
15.097969055175781,28.40361785888672,6.513397932052612,26.30128288269043,-4.9146668910980225,8.949447631835938,-3.1821378469467163,2951.71819762234,0.11083984375,-144.18054962158203
15.735938549041748,31.583263397216797,2.99260151386261,22.813639640808105,-7.210139274597168,8.753064155578613,-4.555306673049927,2901.3610385583784,0.10498046875,-111.4706802368164
5.868533134460449,24.945056915283203,0.5507155060768127,19.76135635375977,-5.072245597839356,9.358772277832031,-4.100742340087891,2793.617685771249,0.11181640625,-45.56767654418945
-11.24250602722168,23.18294906616211,-0.5863311290740967,8.466970443725586,-2.4511005878448486,9.60494899749756,-3.8042359352111816,2392.4721691210225,0.0908203125,-61.99081802368164
-2.0939979553222656,14.342336654663086,-1.5453795194625854,13.118940353393556,-12.235284805297852,8.248750686645508,-10.234111785888672,2984.753025744138,0.2216796875,-69.30476379394531
11.808316230773926,22.339128494262695,0.3656129091978073,12.958429336547852,-11.273253440856934,6.43449068069458,-12.800825595855715,2939.504499542719,0.12353515625,-101.82065963745116
15.85773468017578,14.78018569946289,-3.1229500770568848,15.749377250671388,-3.066301822662353,6.1456475257873535,-6.601346969604492,2838.4242778846283,0.09765625,-178.53775024414062
5.791980743408203,18.562828063964844,4.453900337219238,18.1912202835083,-2.898411989212036,8.258623600006104,-9.959844589233398,2819.877843138128,0.130859375,-51.45403480529785
21.022424697875977,30.577733993530273,11.98337697982788,12.82499647140503,-1.6837891936302185,8.827988147735596,-2.6969261169433594,2341.770113688427,0.041015625,-174.2721710205078
21.878643035888672,26.527570724487305,15.368291854858398,10.438299179077148,-4.247625350952148,6.2575788497924805,-0.3988524675369262,2700.7157560870414,0.0576171875,-140.2798309326172
14.418971061706545,26.26172637939453,12.92827033996582,13.890592575073242,0.1211047172546386,10.93631362915039,-8.00767707824707,2684.261201434895,0.07080078125,-145.51388549804688
-4.194143295288086,22.013198852539062,-0.2936227917671203,14.801304817199709,-3.1463170051574707,9.560419082641602,-7.944518566131592,2868.619177170394,0.1630859375,-43.12236785888672
-7.43253755569458,24.534101486206055,-0.1670590043067932,11.150225639343262,0.477176308631897,10.642006874084473,-1.215735912322998,2755.3430385198526,0.1298828125,-40.85224533081055
16.660390853881836,26.32364273071289,10.794111251831056,22.162094116210938,-3.982743740081787,20.077651977539062,-1.5050504207611084,3074.380056274863,0.09326171875,-101.05783081054688
-6.212480545043945,32.12002372741699,-6.0062103271484375,10.417632102966309,-7.186816692352295,4.544111967086792,-6.7842442989349365,2430.2855604947017,0.10595703125,-98.29430389404297
11.027015209197998,19.113347053527832,4.912190914154053,13.928086757659912,3.2390551567077637,11.137277603149414,-4.463796854019165,2909.2285733780127,0.10400390625,-121.53052520751953
35.86482620239258,23.20525932312012,10.516922950744627,15.29937744140625,9.032084465026855,12.27586555480957,-3.2151408195495605,3080.8894017985112,0.076171875,-133.49656677246094
23.389305114746094,29.70907020568848,9.327178955078123,19.627351760864254,-4.051023483276367,12.628183364868164,-4.747147560119629,3152.281915127613,0.16943359375,-115.0255889892578
19.600534439086914,28.94035816192627,13.992445945739746,16.541749000549316,3.135279655456543,14.040162563323975,-0.5886370241641998,2953.2010165001184,0.0771484375,-155.3042984008789
32.22570991516113,29.248217582702637,12.518708229064941,23.58138656616211,-4.1794984340667725,12.55098295211792,-2.3976640701293945,3147.243195349601,0.100830078125,-124.79906845092773
13.24240779876709,25.703739166259766,5.555091619491577,17.339055061340332,-2.9222501516342163,9.97663402557373,-7.511139631271362,3021.0182237775134,0.12890625,-67.1624526977539
14.813409328460693,26.35768699645996,6.638571739196777,19.48788356781006,-1.3550240993499756,10.209985256195068,-7.200573921203613,2976.0251804831837,0.10986328125,-109.09645462036133
17.472719192504883,26.203431129455566,12.31654167175293,18.749479293823242,-2.476770281791687,10.24710750579834,-7.851736545562744,3099.853606035649,0.12353515625,-74.94214630126953
47.20528411865234,30.1329345703125,12.523907661437988,23.894824981689453,0.0632810294628143,12.363325119018556,-5.753009796142578,3188.2119984228857,0.09765625,-92.2070541381836
20.604154586791992,31.796688079833984,8.130455017089844,24.00273895263672,0.6158766746520996,13.815353393554688,-7.58165168762207,2946.5310439736063,0.09521484375,-56.35553359985352
5.289168357849121,20.154903411865234,12.50371551513672,24.42291831970215,9.171907424926758,15.813591003417969,0.3202320337295532,2977.294535882868,0.11083984375,-143.76785278320312
26.071325302124023,29.941362380981445,6.042792081832886,18.331565856933594,-3.9733266830444336,9.700163841247559,-11.196763515472412,3134.7028619088956,0.117919921875,-94.22968673706055
23.58683967590332,28.106460571289062,8.629919052124023,16.91791534423828,-1.0883967876434326,12.681392669677734,-7.218448638916016,3050.42125886356,0.1083984375,-81.24490356445312
23.966800689697266,29.05601501464844,10.14624309539795,15.442955017089844,8.899243354797363,8.845541000366211,-0.8776724338531494,2856.6915180290785,0.05810546875,-152.55819702148438
30.43109893798828,27.799787521362305,12.828548431396484,17.494604110717773,9.270895957946776,9.993452072143556,-0.4075098037719726,2855.9573355492494,0.04833984375,-188.0710601806641
10.89041805267334,20.813557624816895,-5.17728853225708,19.752599716186523,-9.776384353637695,6.633455514907837,-6.23192286491394,2837.837241333955,0.11767578125,-145.74068450927734
9.03280258178711,25.76754379272461,5.436659812927246,23.40912628173828,1.947460889816284,12.29434585571289,-4.733736991882324,2845.318594499238,0.10107421875,-80.5708236694336
31.745851516723633,15.26382303237915,2.472212791442871,17.893372535705566,2.632807970046997,14.799706935882568,-1.4392362833023071,3339.2422971824517,0.16357421875,-44.27303886413574
16.527756690979004,28.37903594970703,0.2091952264308929,28.826111793518066,3.149258017539978,7.44093132019043,-2.9711638689041138,2994.5651231561005,0.15576171875,-109.66062927246094
5.018410921096802,26.755908012390137,-7.568292856216431,17.23087978363037,-10.813617706298828,8.85892391204834,-12.79092788696289,2866.554177259658,0.15771484375,-137.32244110107422
14.578065872192385,28.06061744689941,11.78544807434082,22.6746883392334,-0.5990960597991943,12.379727363586426,-0.6584799289703369,3022.492376289096,0.09521484375,-189.1953582763672
16.325088500976562,30.277008056640625,-2.2410595417022705,19.43421173095703,-8.124269485473633,11.103257179260254,-4.981865882873535,2835.4839796426227,0.107421875,-130.3406524658203
33.6966552734375,19.914215087890625,1.4067590236663818,18.085350036621094,1.9093414545059204,12.074976921081545,-6.352752208709717,3160.972408507223,0.08349609375,-155.35934448242188
19.593490600585938,33.102949142456055,6.29805850982666,31.385539054870605,9.004815578460693,10.871170043945312,-0.8545988500118256,3109.4581920328383,0.1572265625,-163.20699310302734
27.361326217651367,29.03041362762451,9.145369052886963,15.182681560516357,-2.2463600635528564,2.721180558204651,-5.9306480884552,2999.969643979224,0.0947265625,-149.68741607666016
-2.618334412574768,38.01208305358887,6.705196142196655,23.944557189941406,-3.2930593490600586,9.486863613128662,-1.0154074430465698,2808.350961932312,0.14013671875,-85.6550178527832
22.784399032592773,36.863014221191406,1.5722284317016602,19.263145446777344,1.7338871955871582,13.843421936035156,-3.2058277130126958,2829.631774812621,0.0771484375,-88.45866394042969
17.29485321044922,23.38513946533203,-1.0105758905410769,20.712631225585938,-7.279623985290527,6.780447959899902,2.9754886627197266,1928.1319690639527,0.03955078125,-164.73097229003906
23.369869232177734,24.35717487335205,9.753566265106201,19.80189800262451,1.4270745515823364,15.978602886199951,-2.736885666847229,2843.6753355465944,0.07470703125,-72.36650466918945
20.52356719970703,43.25141143798828,10.056608200073242,18.56342315673828,-0.3602522611618042,12.02277374267578,-2.4016332626342773,2992.3114471633853,0.14501953125,-88.05078887939453
12.26072597503662,35.888954162597656,10.784027099609377,11.611437797546388,-3.2512526512146,12.372684478759766,-0.0704740285873413,2738.308003611404,0.0791015625,-187.27947998046875
-9.01400089263916,23.43949508666992,-4.175952911376953,14.29184341430664,-4.068964004516602,10.317340850830078,-5.96013069152832,2408.568561688904,0.0810546875,-72.69056701660156
-13.445552825927734,22.208370208740234,-2.4448413848876958,13.859420776367188,-4.991472244262695,11.378948211669922,-7.819044589996338,2474.31193042859,0.10205078125,-2.8070614337921143
10.673723697662354,40.8529109954834,24.492645263671875,27.619196891784668,-0.6265154778957367,11.423011779785156,-8.400227069854736,2929.720219948013,0.078125,-122.09244537353516
10.639306545257568,35.16465377807617,-3.4806102514266968,21.266721725463867,-4.363153457641602,3.191297173500061,-4.387392044067383,2581.5082908546497,0.090087890625,-79.76280975341797
24.480575561523438,27.03822612762451,3.4619758129119873,5.613081216812134,-1.2181509137153625,12.64753246307373,-8.421369075775146,2668.182217610417,0.0712890625,-149.6432647705078
12.358686447143556,21.489315032958984,-1.7892475128173828,12.225881576538086,-2.131580352783203,16.83985710144043,-9.55100440979004,2901.9554048514674,0.10302734375,-215.1033172607422
43.3540153503418,45.566802978515625,16.473827362060547,23.08678436279297,-5.210374355316162,9.17834758758545,-8.746298789978027,2923.253839108659,0.04931640625,-202.25726318359372
30.663249969482422,6.7837746143341064,0.742958128452301,14.79598617553711,-5.660476207733154,6.37128210067749,-5.561891794204712,2982.3003077957474,0.091796875,-116.62277603149414
1.9637422561645508,42.348724365234375,17.221479415893555,18.131465911865234,-4.258067607879639,13.54921531677246,-0.0710191130638122,2764.7319561606328,0.0966796875,-169.77548217773438
-0.649919331073761,31.734474182128906,2.3672927618026733,14.987372398376465,-0.5603527426719666,4.925487279891968,-4.177784442901611,2536.839528630183,0.087890625,-157.089111328125
8.618513107299805,28.167613983154297,-4.353439807891846,15.33848762512207,-10.886850357055664,15.606637001037598,-2.678349733352661,2847.91689398636,0.1171875,-57.0780143737793
13.317820072174072,23.263216018676758,-12.998977184295654,9.259536266326904,-14.7219820022583,13.486812591552734,-2.455407738685608,2942.33354869949,0.1337890625,-71.78897857666016
8.799966812133789,23.31654357910156,9.606898307800291,14.711201667785645,-3.3024373054504395,8.3706693649292,-1.4373077154159546,2433.309469386666,0.05810546875,-214.4829559326172
-16.547414779663086,29.553062438964844,-0.7886423468589783,15.292720794677734,-5.896620750427246,15.705429077148438,0.9559527337551118,2666.2546816777053,0.12451171875,-88.76978302001953
2.3638932704925537,12.982625961303713,-0.3877415657043457,19.383930206298828,-3.97235918045044,7.962631702423096,-9.028356552124023,2784.3680362548566,0.146484375,-30.01182556152344
50.30162048339844,40.55763816833496,16.304450035095215,30.207048416137695,6.719437599182129,14.283883571624756,-3.582409381866455,3177.2837349240936,0.052734375,-141.6023941040039
37.59637451171875,28.244502067565918,10.551004409790039,25.54871368408203,3.5831069946289062,9.120285034179688,-6.97229266166687,2782.305896061039,0.05078125,-89.00138473510742
12.67264175415039,31.3559684753418,4.366800308227539,20.30022430419922,-6.01045036315918,10.47457218170166,-5.929271221160889,2994.9792318958016,0.1982421875,-135.3606719970703
39.56808090209961,45.05596923828125,-4.638998985290527,23.90774154663086,-1.735808491706848,8.803964614868164,-2.5003294944763184,2709.15754525412,0.0703125,-156.83633422851562
18.677642822265625,28.824398040771484,12.126331329345703,29.46479797363281,-0.806883692741394,10.805575370788574,-5.150484085083008,2794.3550296978246,0.1005859375,-178.38973999023438
19.91739273071289,37.54705047607422,-0.5277374386787415,28.052215576171875,-0.4942991733551025,16.186887741088867,-0.9806214570999146,2923.969756475724,0.12109375,-85.30747985839844
32.008331298828125,26.530327796936035,13.653162002563477,17.69636344909668,0.1104386895895004,15.187098026275637,-3.159619688987732,3365.9450252101087,0.185791015625,-68.9057388305664
33.40962600708008,25.945789337158203,15.740211963653564,19.50849723815918,0.7399141788482666,14.292000770568848,-3.549193024635315,3363.8973195777808,0.171875,-75.16661071777344
13.144050121307373,26.2030086517334,-3.000523805618286,13.57056474685669,-4.586998701095581,14.195425987243652,-2.0807104110717773,2685.2242349388016,0.10205078125,-73.45689010620117
13.15516996383667,26.16820526123047,-2.9174869060516357,13.648094177246094,-4.610870599746704,14.180976390838623,-2.0135921239852905,2684.1374328809184,0.10205078125,-73.49030303955078
11.227487087249756,16.21934986114502,1.214842140674591,26.904081344604492,7.4956371784210205,13.324036598205566,0.5210326611995697,2567.507198922922,0.0654296875,-154.72574615478516
13.048221588134766,29.149131774902344,5.20857572555542,22.647485733032227,2.359124660491944,9.385351181030272,-7.040360927581787,2871.6123420337567,0.09375,-51.1563835144043
-15.093649864196776,16.29671287536621,-2.5898404121398926,13.57142448425293,-7.900615692138672,11.693882942199709,-1.0368013381958008,2657.982691838316,0.14306640625,-40.294525146484375
-5.385154724121094,27.85418510437012,-2.0810563564300537,16.29755401611328,-2.3854317665100098,4.6346282958984375,-0.417105108499527,2331.579965233704,0.0615234375,-123.64051818847656
14.43807315826416,6.193805932998657,8.014387130737305,26.97609519958496,-0.7900686264038086,14.38924789428711,-10.436439990997314,3227.417753190158,0.185546875,-110.89433288574219
-11.087370872497559,32.27790641784668,10.45234727859497,20.80197238922119,1.09471195936203,7.9521708488464355,-5.577590227127075,2451.709511035241,0.08349609375,-117.06011581420898
13.712279319763184,30.650129318237305,-8.074915409088135,15.965193748474121,-10.57912540435791,8.017945289611816,-4.317452907562256,2754.3285746097454,0.09716796875,-122.62537002563477
-2.798530578613281,21.67688751220703,1.838119983673096,14.289925575256348,-9.553285598754885,11.269845008850098,-10.272531509399414,2901.640130984673,0.1806640625,-55.71854782104492
-0.1301545202732086,28.113574981689453,-0.3668957948684692,15.092782974243164,-0.9503205418586732,12.41872787475586,-3.223179817199707,2628.682599457039,0.09228515625,-161.63424682617188
-3.8051187992095943,18.505630493164062,6.348963737487793,18.088802337646484,-3.480358123779297,16.9887638092041,-3.7096686363220215,2898.166937677863,0.11962890625,-78.13074493408203
-9.201581954956056,28.4567985534668,-1.830284595489502,16.915647506713867,-6.892312049865723,5.963112831115723,-5.600839138031006,2568.381914013993,0.10107421875,-127.96831512451172
2.651324510574341,25.97897720336914,6.443625926971436,23.700801849365234,2.586874961853028,14.390813827514648,-4.462469100952148,2661.9593664559907,0.06884765625,-89.44512176513672
8.648459434509277,21.912097930908203,17.594144821166992,21.729829788208008,11.113946914672852,11.831180572509766,-6.131208419799805,3031.161954849268,0.09716796875,-125.15289306640624
18.575511932373047,47.46110725402832,-0.10507321357727051,20.06991958618164,0.41260451078414917,8.737749099731445,-8.837696552276611,2801.6460933815133,0.12939453125,-113.9493637084961
-43.3219108581543,56.25440216064453,2.6788418292999268,27.323619842529297,-0.8090701699256897,8.442811965942383,-9.255456924438477,1944.6743450664212,0.12841796875,-60.92424774169922
-0.0023946166038513,22.561431884765625,1.233720779418945,23.31226348876953,-4.343623638153076,14.455815315246582,-5.92446756362915,2853.207395168119,0.10888671875,-150.54693603515625
11.61997127532959,37.27999114990234,-5.929042816162109,18.518415451049805,0.1891130805015564,17.360488891601562,-6.795949935913086,2713.299670726134,0.14501953125,-81.72757720947266
-18.134174346923828,24.39599227905273,-10.87800121307373,22.952865600585938,-9.98601245880127,11.792535781860352,-2.421860694885254,2357.314327526662,0.14453125,-109.26819610595705
23.495895385742188,7.131898880004883,-16.22773551940918,9.690082550048828,-11.133718490600586,13.666776657104492,-4.9666032791137695,2799.104034326705,0.09912109375,-80.09555053710938
18.451778411865234,20.930095672607425,11.107973098754885,15.336163520812988,-3.887411594390869,9.502506256103516,-0.6048111915588379,2772.81460546117,0.0673828125,-184.612548828125
30.51546287536621,12.275853157043457,21.044370651245117,9.76314115524292,2.8059988021850586,5.433811187744141,2.8139660358428955,3303.208512457806,0.08935546875,-170.92991638183594
-2.0982253551483154,46.47012710571289,2.5443859100341797,26.331873893737793,1.199801504611969,16.72831630706787,-7.437536239624023,2316.624671834254,0.07470703125,-133.78960418701172
-14.121294498443604,20.963399887084964,-3.6243792772293095,17.446237564086914,-5.810348033905029,10.0137300491333,-8.28085994720459,2593.037248053904,0.14208984375,-78.92721176147461
12.423145294189451,30.012962341308597,7.596508979797363,13.297521591186523,1.9731587171554563,14.808357238769531,-5.059155464172363,3079.020399934229,0.1298828125,-79.03731536865234
-0.2307788282632827,19.728008270263672,-7.060784339904785,14.207858085632324,-9.141870498657228,5.7639241218566895,-8.661443710327148,2591.6542789120467,0.10009765625,-104.21678924560548
-10.37923526763916,31.819528579711918,-1.611197829246521,23.374645233154297,-3.653789758682251,12.47475528717041,0.8357689380645752,2585.969615292452,0.11669921875,-143.8719024658203
21.177659988403317,21.237319946289062,8.22240400314331,16.39439296722412,4.532606601715088,13.633331298828125,-9.892677307128906,3206.7954703920086,0.22216796875,-0.12478788197040555
6.4275007247924805,31.427959442138672,-1.352550387382507,17.419763565063477,-3.0248706340789795,13.827329635620115,-4.417868614196777,2702.371822310396,0.083984375,-50.608097076416016
-1.533594012260437,26.251617431640625,-6.382844686508179,20.283721923828125,-6.471676349639893,14.181319236755371,-7.589227914810181,2612.0832773869033,0.1044921875,-79.36493301391602
-1.516081690788269,25.26394271850586,-6.069828033447266,21.53747272491455,-6.560848712921143,14.896948337554932,-7.322614669799805,2629.3615441058446,0.10693359375,-62.04634475708008
9.38035488128662,40.28024291992188,12.345837593078612,14.474462509155272,-5.232680797576904,12.619304656982422,-5.987800598144531,2786.0725706503654,0.09619140625,-85.49463653564453
10.540573120117188,28.04231834411621,-4.556268692016602,11.714073181152344,1.202669382095337,15.281986236572266,-5.878101348876953,2606.069451447567,0.0830078125,-99.77356719970705
22.383201599121094,44.59503555297852,-17.221023559570312,22.515151977539062,-10.541746139526367,2.5482330322265625,-1.4345927238464355,2404.129981096556,0.06640625,-122.90827941894533
30.42875099182129,32.85415267944336,7.523793697357178,15.538209915161133,-4.392492771148682,10.25412368774414,-8.804496765136719,2919.7182171787235,0.0869140625,-78.73968505859375
0.1258622407913208,30.018115997314453,3.856250524520874,27.936189651489254,7.799435615539551,12.638503074645996,0.7920522689819336,2798.174955057603,0.08740234375,-160.4969024658203
37.31855392456055,20.01782989501953,8.181995391845703,27.395023345947266,3.491943597793579,11.318060874938965,-2.4434213638305664,3005.0661034313607,0.10791015625,-224.1049041748047
26.46639633178711,29.95719051361084,7.138725757598877,29.97956943511963,4.703928709030151,11.042140007019043,-0.5619829297065735,2789.335584900532,0.091552734375,-244.74899291992188
39.14313507080078,33.47937774658203,12.075079917907717,29.0672607421875,5.579291343688965,12.282483100891112,-1.482574701309204,3118.311596821936,0.14599609375,-195.2401885986328
5.310949325561523,37.751461029052734,16.79730224609375,21.817703247070312,4.139975547790527,16.580915451049805,6.531229019165039,2912.782564041176,0.11962890625,-181.9963531494141
14.844354629516602,47.36395263671876,3.135360836982727,32.63558006286621,3.967085719108581,7.831633567810059,6.511758804321289,2681.5350731128656,0.20263671875,-218.79812622070312
41.9744873046875,25.27239990234375,9.711385726928711,19.79789161682129,5.618820667266846,20.828755378723145,3.2612496614456177,3053.4554971576845,0.09716796875,-279.3719482421875
3.449063539505005,25.985240936279297,-1.021912693977356,11.504953384399414,0.5904530584812164,13.745018482208252,-6.2020463943481445,2849.281231205434,0.1259765625,-60.965986251831055
-5.384921073913574,36.16512680053711,-2.965871810913086,17.132686614990234,-5.910214900970459,9.841952323913574,-7.597065925598144,2607.722565310746,0.1474609375,-135.59678649902344
7.584223747253418,32.11049461364746,3.3076014518737793,17.055834770202637,0.8786389827728271,13.254720687866211,-6.534913539886475,2741.5717421695854,0.11181640625,-124.22642135620117
-10.840936660766602,2.75956130027771,-2.9593441486358643,16.495990753173828,-0.3157649636268616,12.126635551452637,-3.3588616847991943,2635.34208410662,0.103515625,-106.5570297241211
-21.58418560028076,21.571086883544922,-11.06081485748291,16.396387100219727,-5.451956748962402,11.154255390167236,-4.396427869796753,2364.4831080955046,0.11083984375,-90.17328262329102
13.4824800491333,29.25905609130859,11.020454406738281,21.785513877868652,-1.0472171902656555,12.598801612854004,-7.565571546554565,2941.504554458008,0.1123046875,-116.57094955444336
21.38411045074463,29.78755283355713,1.1162782907485962,18.154972076416016,-0.35696741938591003,5.516294717788696,-7.406097650527954,2699.219149048956,0.0791015625,-135.2692108154297
21.263389587402344,21.448506355285645,8.007736206054688,18.39910125732422,-4.283540964126587,13.619132995605469,-4.674263954162598,2873.74525126326,0.09423828125,-128.93143463134766
18.216386795043945,35.79026794433594,5.596286296844482,21.802154541015625,-2.64920425415039,14.283308029174805,-7.4273681640625,2626.2455610413067,0.06396484375,-119.1095962524414
-4.678628444671631,24.783916473388672,5.491991996765137,14.933899879455566,0.2991508245468139,12.846342086791992,-4.10590934753418,2695.2843966610826,0.11328125,-131.54302978515625
7.297719478607178,42.64454460144043,5.074828386306763,23.022789001464844,0.40015527606010437,9.300612926483154,-7.125481605529785,2643.773984946278,0.07666015625,-108.86906051635742
2.000294685363769,27.486854553222656,-2.297978162765503,16.424537658691406,-6.696093559265137,10.680658340454102,-5.1026692390441895,2827.551296910087,0.138671875,-107.8524398803711
15.446912288665771,28.23324203491211,14.867643356323242,19.135059356689453,-4.602653980255127,9.852527618408203,-4.201804876327515,2824.8728287734734,0.06689453125,-176.92163848876953
18.03681468963623,28.3726863861084,11.37145709991455,17.913493156433105,2.695740818977356,15.044370651245117,-1.349723219871521,2988.441793465753,0.0986328125,-106.72393417358398
6.805508613586426,27.1114444732666,2.0261383056640625,23.86365509033203,-8.205574035644531,15.56093978881836,-0.2470033168792724,2936.5624515486093,0.16845703125,-22.91559600830078
23.133441925048828,41.13572311401367,10.633920669555664,14.635403156280518,-4.217462062835693,0.6023780405521393,-8.879647254943848,3058.8965606800984,0.11279296875,-36.36025810241699
9.789613723754885,40.48768615722656,3.5570971965789795,31.51449966430664,0.1041252613067627,10.729284286499023,-0.0892021209001541,2777.391626882096,0.0859375,-207.20518493652344
19.282634735107422,11.207059860229492,-2.915947437286377,6.415072917938232,-2.4059866666793823,4.677035808563232,1.5530769228935242,2804.843461836184,0.086669921875,-118.50497817993164
14.81722927093506,11.755905151367188,-12.255861282348633,12.969170570373535,-9.53410530090332,10.885734558105469,-6.0049729347229,2639.7225499794736,0.0810546875,-67.52373504638672
46.02845001220703,18.767927169799805,19.09727954864502,20.12367820739746,1.7491910457611084,10.041951179504395,-4.583535432815552,3066.457913798833,0.060791015625,-88.82685852050781
26.86363220214844,16.538503646850586,7.525270462036133,23.52256774902344,2.238121032714844,11.940474510192873,-2.7404351234436035,2774.5250942950684,0.0732421875,-80.03446960449219
40.96319961547852,25.783836364746094,6.380066871643066,20.835289001464844,0.3021329939365387,8.52569580078125,-4.611536502838135,3111.307025613596,0.0849609375,-56.90889739990234
36.3778190612793,32.58670425415039,11.029927253723145,9.706689834594728,-10.853442192077637,3.678487777709961,-8.918970108032227,2653.6196054079205,0.05859375,-96.20064544677734
-3.6949307918548575,18.134994506835938,-9.195638656616213,15.437285423278809,-11.464350700378418,6.702349185943604,-8.358932495117188,2653.434013827148,0.1123046875,-32.295372009277344
11.40599250793457,25.98337173461914,-6.7316038608551025,13.481366634368896,-5.970786809921265,11.98515272140503,-3.829818606376648,2619.0638005436194,0.0869140625,-79.83774948120117
17.073707580566406,26.66602325439453,-4.731208324432373,14.80348014831543,-5.528246879577637,11.154410362243652,-2.2097959518432617,2689.107748928553,0.08544921875,-95.67583465576172
1.1300514936447144,15.721441745758057,15.508313655853271,15.042210102081299,-3.912500739097595,6.409568786621094,-3.6164865493774414,2559.1333200567715,0.07080078125,-126.43684387207031
17.820361137390137,30.585104942321777,7.160982131958008,19.704492568969727,-3.0886465311050415,12.665818214416504,-5.980642318725586,3102.1021288677284,0.19873046875,-103.19149398803711
17.111217498779297,32.163991928100586,5.733865737915039,19.538177490234375,-1.639206886291504,8.689532279968262,-6.864964723587036,3074.781400068894,0.150390625,-109.58744049072266
12.551498413085938,21.406627655029297,2.439412832260132,20.701404571533203,-4.794719219207764,11.044275283813477,-9.511646270751951,3031.238391139065,0.14892578125,-130.73361206054688
11.990148544311523,20.62632656097412,1.9507846832275388,17.04732894897461,-6.809171676635742,9.431021690368652,-12.531361103057861,3041.5924568781647,0.1669921875,-110.06208038330078
19.67085075378418,25.504396438598636,-2.463838577270508,17.446903228759766,-5.397019386291504,0.5378268957138062,-4.628103733062744,2698.972493273619,0.0849609375,-121.47361755371094
7.151318311691284,15.933497428894043,-1.5663344860076904,22.646370887756348,-1.520589828491211,9.541140079498291,-5.837538957595825,2667.3712511232766,0.09130859375,-167.94444274902344
21.93704605102539,39.04761505126953,-1.1906981468200684,24.70487594604492,-1.177575707435608,12.996152877807615,-6.354212760925293,2982.116867272008,0.18603515625,-67.70210266113281
30.4299430847168,28.79261589050293,6.04388952255249,18.430152893066406,-2.541106700897217,8.874752044677734,-4.371662139892578,3042.921273950071,0.09521484375,-127.46434783935548
20.333001136779785,21.7711238861084,0.7074624300003052,21.13173198699951,-7.682888984680176,11.145376205444336,-5.482215166091919,2602.070738875871,0.05810546875,-108.3336067199707
20.722881317138672,23.68948554992676,-0.7017084360122681,22.373878479003903,0.2942434847354889,9.479698181152344,-3.107871532440185,2457.9607819246817,0.0498046875,-122.7368621826172
5.533221244812012,34.40834045410156,-2.4693498611450195,19.23746109008789,-10.30173110961914,8.531353950500488,-6.161920547485352,2618.472119653015,0.09326171875,-63.31778335571289
4.358776092529297,23.79756164550781,-0.7656327486038208,17.269207000732422,-4.073729515075684,15.445297241210938,-0.3339837789535522,2728.23668442748,0.09375,-71.59000396728516
37.49557876586914,43.12479019165039,22.663787841796875,29.534347534179688,3.502192735671997,15.563799381256104,1.3697335720062256,3228.0772185331352,0.12841796875,-125.98631286621094
29.874509811401367,37.610633850097656,21.43485641479492,16.876361846923828,7.700836658477783,12.900030136108398,1.411221265792847,3241.426224293112,0.10791015625,-129.46755981445312
13.35971450805664,31.204391479492188,7.156767845153809,12.90432357788086,2.7991926670074463,8.705663681030273,-0.2280136346817016,2200.1391381557983,0.04150390625,-67.23412322998047
-10.600420951843262,34.67632293701172,8.919175148010254,6.964415550231934,3.402503252029419,8.588706970214844,0.8136001229286194,1933.3827927644702,0.05712890625,-167.53174591064453
17.114831924438477,22.132798194885257,-0.21177352219820014,17.18421745300293,-2.5049941539764404,13.943696022033691,-4.235454320907593,3072.2107716273645,0.14453125,-64.52626037597656
40.47264862060547,28.432758331298828,4.574578285217285,20.259410858154297,1.5115728378295898,7.869646072387695,-6.488058090209961,3022.1208322770985,0.06640625,-165.3702850341797
22.252899169921875,31.54232215881348,2.702523708343506,20.45328521728516,1.7112605571746826,13.93325424194336,-6.845927238464356,2974.266695048177,0.1025390625,-105.90592193603516
1.4921574592590332,22.36863136291504,2.5909945964813232,13.099127769470217,-1.8193281888961792,9.468097686767578,-7.684864521026611,2663.3973908468333,0.09814453125,-140.8211212158203
28.080175399780277,23.03156280517578,2.6839559078216557,-0.7599759697914124,-0.3215358257293701,2.801915645599365,0.467465728521347,2998.107168961223,0.08984375,-151.28668212890625
0.8869098424911499,5.265355110168457,-14.38944149017334,17.39936065673828,-11.06910514831543,11.02131462097168,-10.291373252868652,2731.4632987878203,0.12939453125,-15.020445823669434
5.427057266235352,36.018272399902344,-6.657680511474609,19.818222045898438,-7.268067121505737,10.156480312347412,-4.3308563232421875,2688.93223444268,0.12646484375,-117.78376007080078
-10.902826309204102,34.61278533935547,5.903191089630127,9.910604476928713,-3.922426700592041,8.24557113647461,-10.223342895507812,2267.7110422979194,0.0859375,-50.44381713867188
14.68138313293457,28.52748680114746,4.694185495376587,14.554567813873291,-1.4990360140800476,14.931380271911621,-5.922680854797363,3072.45793198329,0.1630859375,14.221492767333984
-10.65675163269043,22.045265197753903,-11.109890937805176,22.07499313354492,-7.236969470977783,8.049245834350586,-3.55929970741272,2450.417908136903,0.119140625,-58.10547637939453
-22.346466064453125,36.22922897338867,-10.453161239624023,14.734129905700684,-6.022152423858643,18.680984497070312,-2.607247829437256,2365.776755734566,0.13134765625,-144.8365020751953
11.943201065063477,33.03752136230469,-0.9178603887557985,20.050024032592773,-3.759387493133545,12.620119094848633,-5.106515884399414,2738.804593121238,0.07666015625,-136.14967346191406
16.22914218902588,29.56503963470459,1.5580086708068848,19.402528762817383,-2.2292944192886353,12.588141918182373,-4.326416492462158,2695.7635098967194,0.06005859375,-90.86308288574219
12.726530075073242,32.20208549499512,1.9969586730003357,24.41733455657959,-7.112294673919678,11.500680923461914,-3.633279681205749,2935.75630167526,0.220947265625,-135.09608459472656
19.213138580322266,16.5493106842041,-0.22852829098701471,20.166837692260742,-1.121895670890808,11.8740816116333,-4.388345241546631,3164.8997895986404,0.16162109375,-70.31499862670898
1.883902370929718,35.03132629394531,-6.601278066635132,27.52675151824951,0.5530089735984802,12.072497844696045,-3.8669580221176147,2625.2089965722826,0.099609375,-142.70367431640625
1.7651088237762451,25.49302291870117,-2.184645652770996,10.152502059936523,-1.4562296867370603,10.616422653198242,-2.9380903244018555,2600.9678209951217,0.08740234375,-67.6063461303711
7.845952033996582,44.712738037109375,10.330987930297852,21.28807830810547,-1.8007936477661133,12.618951797485352,-2.5961456298828125,2904.519921527797,0.12646484375,-102.14138793945312
5.961612701416016,33.32890319824219,8.12025260925293,19.292266845703125,-6.737208366394043,8.42599105834961,-5.960023403167725,2804.087423151136,0.11474609375,-97.11175537109376
-5.7238335609436035,41.35500717163086,0.24298936128616327,24.094277381896973,-7.2610838413238525,6.47891902923584,-4.625663757324219,2623.2051294329312,0.14697265625,-91.27900314331055
34.20125770568848,17.394227981567383,6.398628234863281,23.49424171447754,1.9825707077980042,16.241602897644043,-3.2259868383407593,3315.247265902017,0.11962890625,-81.50927352905273
46.0914363861084,18.588692665100098,3.886963367462158,23.93877410888672,0.0027809441089629997,12.98374891281128,-4.296388864517212,3352.4257273336343,0.12548828125,-86.101318359375
26.256933212280273,21.984396934509277,17.826894760131836,17.34101104736328,3.179278612136841,10.198227882385254,-2.127817988395691,3244.631260988296,0.09521484375,-149.43816375732422
28.416147232055664,23.57270812988281,17.00801658630371,16.3609676361084,2.592651844024658,12.071799278259276,-2.8758385181427,3234.674211681024,0.09765625,-122.99793243408205
17.682907104492188,28.567123413085938,0.9646965265274048,18.782485961914062,-3.3563995361328125,13.329089164733888,-4.163888931274414,2834.703983925515,0.09814453125,-125.19939422607422
0.8162869215011597,29.426719665527344,7.350249290466309,13.36483383178711,-3.913561463356018,8.9085054397583,-10.605407238006592,2817.1561385572704,0.1435546875,-95.05962753295898
8.775504112243652,31.184162139892575,7.597283363342285,22.78085327148437,-3.5912106037139893,5.415591239929199,-11.08254051208496,2957.701415453035,0.19384765625,-138.07717895507812
13.828808307647705,35.059715270996094,9.489514350891113,14.5597505569458,-3.8295047283172607,7.678034543991089,-5.771632671356201,2991.2647295922625,0.1357421875,-98.83176803588867
-23.540023803710938,36.0009651184082,-19.624244689941406,17.62628936767578,-15.903626441955566,5.583658218383789,-7.810166358947754,2342.37040996581,0.1279296875,-98.36366271972656
-2.837115526199341,21.59579849243164,-8.19798469543457,9.296749114990234,-10.66124153137207,8.235946655273438,-10.19082260131836,2685.651027319222,0.1259765625,-90.25006866455078
-4.480342864990234,21.345191955566406,-2.3747682571411133,17.28080940246582,-6.717341423034668,10.714149475097656,-7.28995418548584,2598.475090343441,0.09521484375,-116.8616943359375
0.7509560585021973,17.23929214477539,-1.5862542390823364,18.951586723327637,-9.035124778747559,15.321294784545898,-6.212924003601074,2716.81788294713,0.103271484375,-136.48604583740234
-1.0339844226837158,22.646846771240234,-1.1010029315948486,16.98692512512207,-6.350137710571289,10.698382377624512,-8.686018943786621,2598.9506996030364,0.09033203125,-114.67587280273438
-10.566511154174805,31.5928955078125,-2.613084316253662,17.057971954345703,-4.72077751159668,7.118038177490234,-11.002877235412598,2651.3882434546917,0.15087890625,-108.843017578125
-5.928496837615967,31.90862274169922,0.6383852958679199,17.012664794921875,-3.6509037017822266,7.600139617919922,-11.372785568237305,2752.962119924344,0.15087890625,-104.304443359375
8.339637279510498,30.477715492248535,-4.659193754196167,19.142863273620605,-9.46003770828247,5.33262825012207,-8.72746467590332,2808.6898049299216,0.15771484375,-135.19293212890625
20.53303050994873,35.85537528991699,9.879743576049805,33.260663986206055,2.8607337474823,12.029985427856445,-5.606326580047607,2992.039192214473,0.095458984375,-137.10150146484375
11.499385833740234,36.34396743774414,6.3352251052856445,26.318626403808597,6.358114719390869,7.752455711364746,-7.289412021636963,2772.692766689499,0.09033203125,-120.18780517578124
30.41439437866211,50.9581298828125,13.536982536315918,23.636999130249023,7.756605625152588,12.07411766052246,-5.91478157043457,2959.3055618698017,0.08935546875,-206.7670135498047
8.443245887756348,28.77179718017578,5.990390300750732,18.833053588867188,-4.652902126312256,8.257821083068848,-8.010008811950684,2688.4952783325507,0.095703125,-155.42776489257812
45.753562927246094,21.93505477905273,5.051348686218262,19.101924896240234,-2.095043420791626,12.298494338989258,-8.948570251464844,3358.1500420468487,0.13623046875,-98.94080352783205
39.78509712219238,23.862070083618164,-4.728528261184692,21.01246738433838,-1.5179530382156372,18.958492279052734,-6.350492477416992,3201.413380920761,0.14697265625,-101.15103530883789
34.163536071777344,23.355712890625,-0.6605502665042877,17.71868896484375,-1.7284600734710693,15.178691387176514,-8.222428798675537,3158.5226388914753,0.10302734375,-82.33837127685547
46.723365783691406,43.70551300048828,20.633017539978027,27.10876178741455,1.619013547897339,11.208199501037598,-5.044753313064575,3311.769218228216,0.145751953125,-144.6793212890625
3.2517213821411133,11.161428451538086,-9.58318328857422,14.653274536132812,-4.764676094055176,7.401349067687988,-4.824817180633545,2399.997660520064,0.10009765625,-256.31640625
45.25016784667969,37.65323638916016,12.577985763549805,20.062225341796875,5.162552356719971,8.146202087402344,-0.7127861976623535,3140.695699873987,0.232421875,-146.20086669921875
-1.40207839012146,36.78406524658203,-0.7037040293216705,18.242655754089355,-4.176056385040283,11.197629451751709,-9.737751960754395,2760.50884677278,0.203857421875,-132.62238311767578
20.33010196685791,24.72282218933106,0.8511067032814026,19.83481788635254,-5.196313142776489,9.86112928390503,-8.616363525390625,2967.7029409299275,0.11279296875,-133.46704864501953
13.763854026794434,26.50795555114746,0.9563628137111664,18.65365219116211,-4.691533088684082,10.30551528930664,-9.53458309173584,2910.2073988395796,0.11279296875,-120.44622802734375
10.435800552368164,29.294658660888672,3.688756227493286,16.03328514099121,-1.71349036693573,9.236398696899414,-7.209940433502197,2811.700383074732,0.07763671875,-56.92863464355469
50.49010467529297,40.429786682128906,-3.1844828128814697,23.018930435180664,-2.779606342315674,18.60189437866211,-3.26781702041626,3098.9049036669007,0.11376953125,-125.09339904785156
19.886524200439453,12.6581392288208,-0.886446475982666,11.115436553955078,-4.704918384552002,6.430422782897949,-4.482792854309082,2900.590469716854,0.09716796875,-137.22349548339844
12.78559923171997,30.01475715637207,2.672840118408203,19.03144073486328,-2.9388442039489746,11.376070022583008,-3.624405264854431,2833.9873364683053,0.0625,-70.82232284545898
5.024965524673462,35.470149993896484,6.891633987426758,15.361431121826172,5.557009220123291,16.84957981109619,2.0945645570755005,2806.08721202615,0.0888671875,-179.94290161132812
13.112919330596924,28.939849853515625,6.022616863250732,20.050588607788086,1.5431997776031494,12.279736995697021,-3.9260724782943726,2712.345831104588,0.06689453125,-156.244384765625
13.636164665222168,26.34381866455078,4.168684482574463,23.569398880004883,2.817577600479126,7.573231697082519,-9.78108024597168,2852.9937829690502,0.10693359375,-82.32929992675781
9.33007526397705,33.09269714355469,2.9925315380096436,21.762714385986328,3.3872411251068115,11.68087387084961,-7.686316013336182,2703.8430298121384,0.06005859375,-156.3907928466797
20.358943939208984,40.29294395446777,12.500565528869629,29.73755168914795,4.162018299102783,17.17550563812256,5.009668588638306,2284.768004420527,0.03076171875,-231.14437103271484
-7.290842533111572,28.474863052368164,-8.551052570343018,18.64950180053711,-4.563709259033203,7.937328338623047,-3.3652673959732056,2524.360071847813,0.13623046875,-81.50869750976562
-12.197355270385742,27.2922477722168,1.9489378929138184,17.422182083129883,1.1069812774658203,8.64310359954834,-2.7161402702331543,2507.198653495161,0.11865234375,-24.308273315429688
11.769582748413086,28.65227699279785,1.5222836136817932,17.009586334228516,-6.324247360229492,7.087859392166138,-7.169498682022095,2643.413832222239,0.11279296875,-117.41035079956055
10.639078617095947,35.08758354187012,8.526303768157959,25.194440841674805,-3.7577881813049316,10.848692417144775,-7.627042293548584,2827.3200854172355,0.1220703125,-137.9463348388672
-2.194565176963806,24.720316886901855,0.7238210439682007,13.389645099639893,0.2242682427167892,15.264482498168945,-8.415087223052979,2525.5955397283306,0.072265625,-43.136457443237305
10.0683913230896,21.70537757873535,-1.999722182750702,10.73957633972168,-5.227155447006226,8.518139839172363,-5.121074676513672,2952.4265612818913,0.136962890625,-55.00286674499512
5.361480236053467,25.497413635253903,-7.698779582977295,17.593782424926758,-6.476724624633789,7.451242446899414,-5.446622848510742,2647.106616594154,0.10302734375,-127.88453674316406
4.020037651062012,27.462703704833984,-0.9098698496818542,2.635471105575561,-5.858791351318359,12.018306732177734,-2.600452423095703,2292.5580267267683,0.06884765625,-118.00808715820312
26.731606483459473,25.833038330078125,12.42461633682251,14.061917304992676,0.05474758893251415,11.668834686279297,-4.7723610401153564,3102.086942551715,0.09765625,-48.38681221008301
5.86577033996582,23.886268615722656,-3.4906115531921387,12.095559120178224,-6.116305828094482,9.118415832519531,-3.974829912185669,2911.5519211875016,0.154296875,-69.90372467041016
16.08659553527832,25.909183502197266,0.2040684819221496,21.016510009765625,-4.408184051513672,11.956523895263672,-3.741454601287842,2908.576424070009,0.087890625,-113.8304443359375
22.025503158569336,26.514039039611816,9.69230604171753,21.906333923339844,-3.917113423347473,10.492311477661133,-6.906036615371704,3022.9425562692704,0.099609375,-89.94247055053711
4.531188488006592,24.48972988128662,1.2287421226501465,14.306581020355225,0.27598632872104645,15.860687255859375,-7.853507041931152,2639.9278256438474,0.0732421875,-14.620114326477053
20.93124389648437,20.65662002563477,2.4835119247436523,19.116779327392575,-6.394717216491699,8.876575469970703,-5.925596714019775,2636.691316921005,0.0546875,-192.4305419921875
5.278244495391846,7.277752876281738,3.363468289375305,16.752708435058594,-9.999495506286621,6.936691522598267,-6.925668954849243,2975.207300724347,0.333740234375,-155.93971252441406
-0.19522632658481595,30.27549648284912,4.64869236946106,15.911370754241943,-4.063944101333618,10.27517557144165,-5.572778701782227,2944.451687296587,0.15087890625,-114.69165802001953
7.480371475219727,12.584178924560549,4.373879432678223,22.81671142578125,2.975191593170166,13.293661117553713,-0.8930596113204956,3033.642417083593,0.13232421875,-75.04179382324219
2.980557918548584,22.939224243164062,5.440661430358887,25.485374450683597,-1.1192432641983032,10.324891090393066,-4.869040489196777,2922.558771496217,0.1318359375,-60.46842956542969
25.493465423583984,35.41390800476074,6.559703350067139,21.01874542236328,-2.38981294631958,12.115553855895996,-4.119481086730957,3000.2263120412445,0.11669921875,-90.94474792480469
23.43387222290039,34.26505279541016,5.600093841552734,20.03336906433105,-6.094945907592773,11.596874237060549,-4.264245986938477,3009.882668399951,0.1171875,-70.2361831665039
19.43537712097168,28.090749740600586,4.853139638900757,19.807592391967773,-4.082226514816284,9.224245071411133,-3.4767045974731445,2917.882631472681,0.10791015625,-69.32671737670898
-11.44180965423584,23.81800842285156,-11.245203971862791,14.210643768310549,-11.33580207824707,12.974809646606444,-7.639824867248535,2655.379202661556,0.17822265625,-63.45245361328125
-15.079550743103027,24.177783966064453,-10.733095169067385,10.575586318969728,-8.79124927520752,12.236315727233888,-10.785646438598633,2552.031032698367,0.14453125,-97.61386108398438
8.289897918701172,23.91957092285156,-0.8613653182983398,20.42732810974121,-1.9464988708496092,11.534191131591797,-4.75938081741333,2890.092973771992,0.10986328125,-99.20274353027344
17.026926040649414,22.45538902282715,-1.0506845712661743,13.20915699005127,1.667479157447815,13.927908897399902,-2.484127998352051,2877.633115407224,0.0830078125,-105.0046844482422
16.133590698242188,15.255104064941406,3.9927244186401367,14.448970794677734,3.1934165954589844,13.891441345214844,-2.3923816680908203,3044.6689780532133,0.11376953125,-117.7410888671875
25.239967346191406,27.92850112915039,9.580780029296877,11.350440979003906,1.7686618566513062,6.044711112976074,-0.869828999042511,2157.6391055865997,0.0478515625,-240.4398193359375
-16.15903091430664,36.61518478393555,2.3959903717041016,12.434211730957031,4.3857831954956055,11.53028964996338,-3.6414270401000977,2734.4807336424624,0.19091796875,-47.714725494384766
-17.99509048461914,39.992136001586914,3.0568853616714478,27.35562801361084,4.745763301849365,16.587453842163086,3.670843720436096,2455.5496462111923,0.0947265625,-40.00489807128906
-15.77730655670166,32.67300796508789,7.432646036148071,18.322494506835938,9.580955028533936,6.240148305892944,-16.277194023132324,1859.5359321491908,0.05078125,-118.70351791381836
-2.9579968452453613,32.37140655517578,-2.534076690673828,14.342896461486816,-4.262166500091553,8.116846084594727,-3.646085262298584,2504.3541680936296,0.1064453125,-107.55731201171876
-16.27855110168457,27.719286918640137,-7.129019021987915,5.934545993804932,1.665190041065216,14.828986644744871,-5.395952224731445,2587.1590606990267,0.152587890625,-62.224815368652344
22.230770111083984,39.80881309509277,9.399680614471436,34.88052940368652,4.123016834259033,8.790266513824463,-2.2382187843322754,2784.734997373163,0.0673828125,-101.46804809570312
13.460761547088623,26.56815528869629,0.327274888753891,15.893304347991943,-0.18830877542495725,12.509588718414307,-2.8157505989074707,3059.3947085094187,0.137939453125,-92.16796493530273
2.660609245300293,31.46988677978516,-9.984591484069824,16.23917007446289,-1.6034789085388184,12.22447109222412,-0.8199231028556824,2531.131731347315,0.083984375,-82.89675903320312
24.31892681121826,31.65418529510498,0.6182478964328766,18.323555946350098,-0.1115248352289199,11.554265022277832,-2.406216859817505,3004.7782222229134,0.111572265625,-79.8281364440918
3.4330549240112305,30.910350799560547,5.849193572998047,18.40190696716309,0.1086718738079071,9.69255542755127,-3.2723445892333984,2794.1944888512007,0.107421875,-127.76763153076172
-7.519505977630615,30.052456855773926,8.91648244857788,14.890146732330322,3.692336678504944,8.20318078994751,-2.2222410440444946,2470.309247662025,0.0693359375,-165.55362701416016
5.500196933746338,28.391148567199707,2.2999507188796997,10.164071083068848,-5.804727554321289,13.201204299926758,-4.640652894973755,2845.740161953705,0.13232421875,-104.81443786621094
1.119908332824707,11.278360366821287,6.081051826477051,8.090702056884766,-2.63357162475586,8.530502319335938,-6.143611431121826,2487.0958898774984,0.0751953125,-139.0559539794922
8.746086597442627,18.13333511352539,12.497980117797852,11.576497554779053,-7.85455846786499,9.004900455474854,-4.290027379989624,2929.229185534249,0.13134765625,-108.34845733642578
-16.049129486083984,23.64584445953369,-4.017739772796631,17.019309997558594,-3.251648187637329,10.76974868774414,-7.418191432952881,2673.263991031288,0.16064453125,-30.422924995422363
9.354496479034424,23.945524215698242,3.9669800996780396,11.155648231506348,-7.170294761657715,5.893662452697754,-6.61761212348938,2948.1457768822893,0.125244140625,-87.9127426147461
11.648320198059082,22.397287368774414,-0.962455153465271,18.42145347595215,-2.1735727787017822,11.849233627319336,-1.272150993347168,2874.257757532845,0.10595703125,-99.11973571777344
13.551237106323242,21.655797958374023,3.0378917455673218,22.125678062438965,-0.2497330904006958,14.745776176452637,1.6867678761482239,2990.677763973348,0.10595703125,-35.353899002075195
-19.29615592956543,24.494041442871094,2.676602363586426,14.573436737060549,0.2469311654567718,14.797311782836914,-2.088052749633789,2745.47603198364,0.15966796875,-12.763811111450195
-2.732708215713501,27.62248992919922,-0.3210107684135437,18.532079696655277,-2.720357894897461,8.8120756149292,-4.079494476318359,2585.7477719186995,0.1083984375,-34.91059494018555
5.988351821899414,29.285903930664062,6.866163730621338,16.169727325439453,-1.6716985702514648,9.444339752197266,-7.722143650054932,2810.8144185922606,0.109375,-166.7545623779297
8.040531158447266,30.301006317138672,4.408101558685303,24.811115264892575,2.806387186050415,14.035260200500488,0.9771264791488647,2849.312767239609,0.1015625,-90.79307556152344
3.5408495664596558,24.4176721572876,2.8393369913101196,14.565216541290283,-4.094821929931641,12.342039585113525,-4.323056697845459,2911.948476600939,0.19873046875,-85.99694442749023
12.95593547821045,17.561363220214844,10.254427909851074,15.70738172531128,-0.7822379767894745,14.572801113128662,-3.2783665657043457,3204.747354525703,0.13623046875,-100.45899200439453
4.82894229888916,16.839773178100586,-9.624393463134766,11.621357917785645,-9.951482772827148,16.385583877563477,-4.029958963394165,2872.8609112626,0.162841796875,-85.54779434204102
21.14894294738769,27.265331268310547,0.8966928720474243,16.29014778137207,0.0268425941467285,12.604079246520996,-0.2294266819953918,2361.509807664268,0.05908203125,-260.5820617675781
30.39568328857422,23.47334289550781,5.467504501342773,18.54594039916992,-4.7596821784973145,11.146480560302734,-6.331600189208984,3044.6215119831672,0.12353515625,-156.943115234375
2.051142692565918,36.87388610839844,7.741703987121582,13.198408126831056,1.0040825605392456,14.930669784545898,-4.209967613220215,2915.529304931076,0.14306640625,-43.71635818481445
30.675893783569336,24.02443027496338,5.1877360343933105,9.49055528640747,-8.114530563354492,6.628796577453613,-5.539641380310059,3154.754755795834,0.12158203125,-121.71703338623045
23.89910697937012,19.19397735595703,-5.849817752838135,19.516647338867188,-7.003848552703857,12.943069458007812,-3.452080726623535,3081.530451243897,0.16015625,-118.580322265625
-1.7656958103179932,7.848607063293457,12.544988632202148,6.473981857299805,-8.216615676879883,8.282415390014648,-8.888004302978516,2482.2862632448064,0.078125,-148.4401092529297
19.015348434448242,26.19595241546631,11.135664463043213,24.806008338928223,-1.1462582349777222,8.545580863952637,-5.936537265777588,2922.502106117563,0.103271484375,-134.880126953125
5.292452812194824,27.00525665283203,0.5673435926437378,14.80724811553955,-0.9049203395843506,11.01396369934082,-2.5713489055633545,2717.071215404189,0.09423828125,-99.05472564697266
20.37342071533203,23.63154411315918,9.215696334838867,14.4514741897583,0.2567588090896606,13.159266471862791,-2.058264970779419,3181.4249684114097,0.166015625,-84.94966125488281
17.56833267211914,29.753156661987305,9.348002433776855,17.417638778686523,0.7083970308303833,12.909311294555664,-6.245223045349121,2851.673584011781,0.10009765625,-155.60906982421875
24.2554988861084,21.27421760559082,-1.9490514993667603,13.844038486480713,-0.15378201007843015,13.93553876876831,-1.3810698986053467,3145.1501605171534,0.139892578125,-60.26345443725587
33.77564811706543,48.612911224365234,5.965636730194092,26.05270767211914,4.504652976989746,12.298663139343262,-3.1862446069717407,2918.420219800644,0.07861328125,-141.42662048339844
3.892580509185791,37.62757873535156,8.05219316482544,16.545836448669434,0.7519964575767517,12.725492477416992,-4.525045871734619,2871.5529447807853,0.193359375,-60.97200393676758
8.566465377807617,37.993648529052734,3.025607109069824,14.294031143188477,-3.793025016784668,5.688010931015015,-1.4077420830726624,2148.858043120573,0.0517578125,-153.98822021484375
19.193568229675293,22.65058708190918,8.69273567199707,26.24023151397705,-6.703118324279785,15.491700649261475,-3.702112913131714,2975.9894779141086,0.12255859375,-132.68852996826172
-28.9558744430542,22.093064308166504,-11.838582992553711,15.282204627990723,-10.15721607208252,13.599867343902588,-10.190460205078125,2168.350091799292,0.12060546875,9.549744129180908
29.630763053894043,29.701919555664062,-7.175012111663818,10.48074722290039,-7.768995761871338,8.913936614990234,-4.619210720062256,2958.939488279121,0.11669921875,-35.62060737609863
11.12125015258789,36.41085815429688,-2.720018148422241,11.825456619262695,-5.038468837738037,11.36579132080078,-3.0307424068450928,2586.7881508741425,0.0869140625,-28.20309066772461
37.88483810424805,32.56333541870117,11.963052749633787,23.14815330505371,8.608785629272461,13.349506378173828,-3.1690306663513184,3289.1256787558345,0.0791015625,-15.28693389892578
-15.722063064575195,26.24351119995117,12.10097885131836,17.13344955444336,-1.8435641527175903,13.165763854980469,-2.635730266571045,1907.7612875519576,0.02783203125,-119.95280456542967
21.5837459564209,43.552421569824226,5.234565019607544,29.452838897705078,0.0715469121932983,14.671983242034912,-2.064088463783264,2880.6629559530948,0.092041015625,-86.10040664672852
23.49853515625,20.32279586791992,15.881502151489258,34.83030700683594,7.566600799560547,16.214813232421875,-1.3699005842208862,3212.0098555814234,0.0966796875,-72.2225341796875
-18.153841018676758,18.80866527557373,2.319173216819763,22.416878700256348,-1.4400842785835266,9.059730529785156,-4.075524568557739,2653.4545509464365,0.1376953125,-83.66576766967773
6.716548919677734,23.245235443115234,0.6876958906650543,13.780006408691406,0.9554105997085571,13.191120147705078,-0.49883419275283813,2501.7523630998385,0.0478515625,-48.466495513916016
31.45771026611328,39.58516693115234,18.608509063720703,27.02795791625977,6.742480278015137,12.51873779296875,-2.6073784828186035,2615.885634257,0.02978515625,-202.56546020507807
10.4275221824646,21.32478904724121,11.443676948547363,27.061619758605957,11.610527992248535,11.95244312286377,-6.769891262054443,3048.142032671008,0.0791015625,-147.65345764160156
10.691885948181152,18.89230442047119,14.59337854385376,25.57146167755127,1.9181113243103027,10.159442901611328,-4.597479581832886,2837.688688064785,0.0673828125,-103.68353271484376
34.499610900878906,32.179649353027344,8.333227157592773,29.52412414550781,4.502416133880615,10.239795684814451,-2.646469593048096,2874.4299635495504,0.05224609375,-141.35255432128906
-23.36496353149414,17.375774383544922,5.571196556091309,24.303550720214844,0.4879750609397888,11.006776809692385,-2.5103635787963867,2620.526349460699,0.12646484375,-3.2990529537200928
3.635112762451172,31.62869071960449,0.390136182308197,25.917652130126957,2.742997646331787,14.132360458374023,-4.77592658996582,2724.7216463599266,0.08642578125,-114.71549224853516
-18.153841018676758,18.80866527557373,2.319173216819763,22.416878700256348,-1.4400842785835266,9.059730529785156,-4.075524568557739,2653.4545509464365,0.1376953125,-83.66576766967773
32.36158752441406,28.202580451965332,-2.770400047302246,18.340087890625,-0.8799422383308411,15.04192066192627,-6.16183876991272,3005.133057146495,0.10302734375,-50.32474899291992
15.031364440917969,23.01633071899414,-7.564428806304932,12.075626373291016,-3.0914535522460938,14.293614387512209,-6.23433780670166,2687.704487590169,0.09765625,-73.23585510253906
20.476411819458008,34.48493003845215,-4.375173330307007,14.94913387298584,-0.7124703824520111,13.146929264068604,-6.827363729476929,2767.44065983768,0.0791015625,-115.29899215698242
30.597545623779297,25.90428733825684,8.160865783691406,19.913089752197266,-2.83865737915039,14.509848594665527,-5.031110286712647,2933.712229612021,0.06689453125,-103.62408447265624
8.999810695648193,24.613154411315918,0.5185194909572601,19.43583106994629,-1.153211236000061,12.270112037658691,-5.481861591339111,2849.115194889804,0.10498046875,-69.46519470214844
0.7474730610847473,23.947311401367188,7.514104843139648,24.92315101623535,4.997438430786133,15.827593803405762,-1.3393117189407349,2972.107768016687,0.12353515625,-28.995458602905277
-7.389359951019287,45.46393966674805,-4.49490213394165,16.82552719116211,-1.413150191307068,12.488401412963867,-3.415382146835327,2497.938911644119,0.09033203125,-64.5484619140625
-2.584886312484741,6.927360534667969,-2.9273362159729004,18.104679107666016,-2.478821039199829,9.202836036682127,-3.797393321990967,2855.7675788560364,0.107421875,-53.595680236816406
6.390923500061035,31.07184219360352,-20.340606689453125,35.68006896972656,-5.012674808502197,8.394996643066406,-4.74024772644043,2524.685566121496,0.083984375,-26.41421890258789
-2.2731974124908447,29.875527381896973,-0.42472057044506073,22.025458335876465,1.4043253064155579,11.357442855834963,-2.131587028503418,2616.440670206978,0.0810546875,-83.21208572387695
10.442069053649902,51.89175415039063,9.100818634033203,23.712135314941406,1.56620991230011,10.76250171661377,-6.544699668884277,2802.8545902586825,0.10595703125,4.190086364746094
-9.316180229187012,37.35032653808594,-3.791300058364868,4.439579248428345,-4.753486633300781,10.677887916564941,-6.444362163543701,2627.1008245880676,0.1171875,-58.53539276123047
24.976238250732422,59.63187026977539,-1.8015223741531372,27.432531356811523,3.1707853078842163,14.342763900756836,-3.66687273979187,2899.326361266388,0.099609375,-79.76889038085938
9.79432773590088,41.35709381103516,6.440030574798584,22.96709442138672,0.4740180373191833,12.56403923034668,-3.815449714660645,2945.696218514601,0.1337890625,-59.12529373168945
4.719602346420288,29.87100601196289,-2.2569016218185425,21.35007953643799,-3.2460808753967285,12.994508266448975,-2.4710147380828857,2624.2425276826125,0.0908203125,-18.595885276794434
10.498876571655272,28.556251525878903,1.0415349006652832,20.8128604888916,-1.4813886880874634,9.527647018432615,-6.408360481262207,3023.2132418872543,0.0947265625,-95.8098373413086
6.7015156745910645,40.17270660400391,3.909954071044922,22.985042572021484,-11.49747085571289,-0.0041263587772846,-7.692001342773437,2543.430549356147,0.08349609375,-97.6307144165039
-1.8880138993263245,29.59868812561035,1.4565937519073486,17.64878273010254,1.0251165628433228,15.586627960205078,1.4562475681304932,2619.411332601627,0.07470703125,-81.85216903686523
-29.30965232849121,22.395233154296875,-13.829290390014648,14.42652988433838,3.0769004821777344,7.540355682373047,2.996439218521118,1722.7059636845472,0.07958984375,-94.87272644042967
-12.999519348144531,23.48293972015381,-15.59112548828125,15.342532634735107,-5.181786298751831,10.979046821594238,3.925420045852661,2062.3247651313595,0.07568359375,-58.25148963928223
26.25333976745605,38.192970275878906,13.211124420166016,17.915016174316406,-7.378199577331543,4.381657123565674,-5.181922912597656,2993.024427655206,0.13671875,-65.66849517822266
2.29142427444458,27.83837509155273,-7.150287628173828,12.460721969604492,-3.156816005706787,10.092742919921877,-1.7896695137023926,2534.9609974147183,0.0810546875,-124.53015899658205
-36.51383972167969,10.012780666351318,-8.66148328781128,15.41567611694336,-3.262101173400879,12.339497566223145,-3.6383142471313477,1946.4125918734635,0.07373046875,7.025408506393433
15.595788955688477,18.617055892944336,-5.138142108917236,10.36859130859375,-8.817093849182129,7.833288669586182,-7.365288734436035,2848.873852889049,0.08447265625,-92.35958862304688
-0.7884467840194702,5.141386985778809,-9.373976707458496,15.362361907958984,-3.55226469039917,12.777427673339844,-5.871137619018555,2875.335656173923,0.10205078125,-71.49930572509766
12.621257305145264,22.751694679260254,5.707335948944092,23.68299674987793,1.3626086115837097,13.25096607208252,-5.915719509124756,2934.022115319006,0.123046875,16.51364040374756
2.457043766975403,26.748023986816406,0.2938286364078522,21.91629981994629,0.7537672817707062,13.626607894897461,-3.491751551628113,2758.3864406745793,0.08154296875,-74.68767929077148
8.607341766357422,25.977588653564453,-0.6760592758655548,16.539566040039062,-1.5520435571670532,10.730729103088379,-4.3928961753845215,2933.2539662649997,0.100341796875,-74.61413955688477
11.302579402923584,25.16466236114502,-6.574419021606445,11.91515588760376,3.414519786834717,6.5889222621917725,-11.444641590118408,3040.694033823903,0.17138671875,-98.24666976928711
8.443300247192383,28.29958152770996,3.714692711830139,19.876968383789062,-0.0902735888957977,5.995370388031006,-8.842996597290039,2865.5430349115827,0.10205078125,-51.504127502441406
-1.121939182281494,21.843616485595703,4.811969757080078,23.853471755981445,0.6034690141677856,10.29201889038086,-5.785672187805176,2904.1627040139538,0.12060546875,-86.55310821533203
-1.1763855814933777,28.234006881713867,-5.044854164123535,18.381007194519043,-7.385072708129883,8.748416423797607,-7.001197814941406,2663.3471482508426,0.12255859375,-38.40612602233887
-0.4190118908882141,23.402782440185547,3.430980682373047,16.009117126464844,-2.658968687057495,9.596415042877197,-3.6145445108413696,2787.822873366235,0.07958984375,-63.56269836425781
6.924443960189819,26.49921989440918,-8.994205951690674,19.541872024536133,-0.33610503375530243,12.187514305114746,-1.71956205368042,2818.4528154486716,0.103515625,-60.51528358459473
1.8558077812194824,3.279144048690796,9.89594841003418,32.68522644042969,1.2814334630966189,16.40743637084961,-2.424529552459717,3002.1221292331493,0.10791015625,-40.836029052734375
-17.206300735473633,34.90559005737305,-4.809945106506348,17.225976943969727,-8.84186840057373,1.3143999576568604,-8.415661811828613,2382.997799748573,0.1591796875,-11.393875122070312
13.340536117553711,34.064361572265625,7.611023902893066,24.796091079711914,-0.7136629521846771,10.852400779724121,-6.598113775253296,3008.6202896599707,0.1513671875,-62.827232360839844
19.849241256713867,43.46212387084961,21.477205276489258,29.42625904083252,8.714553833007812,14.079009056091309,-3.340419054031372,3099.603127115275,0.06689453125,-32.36150360107422
-2.2832064628601074,27.378902435302734,-5.185178279876709,24.028526306152344,-3.0802000761032104,13.99000072479248,-1.75851970911026,2818.5741726286287,0.132080078125,-40.14571952819824
7.388893127441406,37.94676208496094,2.090518951416016,23.172344207763672,0.915437638759613,9.52135181427002,-6.201711654663086,2691.1688152724632,0.0830078125,-65.94487762451172
9.695974349975586,40.55257415771485,2.2757997512817383,26.78546714782715,0.7095054984092712,12.912080764770508,-6.8989105224609375,2872.684601708943,0.13916015625,19.76644325256348
-7.883813858032227,26.781890869140625,-6.13394021987915,18.052614212036133,0.0145384985953569,11.719697952270508,-6.867990493774414,2781.3126442939224,0.166015625,42.67171859741211
-5.957967042922974,38.88682746887207,7.214573860168457,22.319114685058594,-16.22948932647705,7.805617570877075,-13.431456565856934,2563.4777673565254,0.118896484375,-37.75665473937988
4.026086807250977,38.44985389709473,2.761453986167908,37.35000801086426,1.590028166770935,13.1103196144104,-2.63348126411438,2608.4402967087385,0.07958984375,-73.10131454467773
5.129396915435791,28.271824836730957,6.587979793548584,24.074447631835938,0.027842264622449847,15.408943176269531,-1.661581039428711,2878.6944216794814,0.07275390625,-93.84257125854492
14.014923095703125,29.867321014404297,2.0179033279418945,18.912567138671875,-5.675431489944458,9.599757194519043,-6.440784215927124,2860.4163299533366,0.092041015625,-30.263909339904785
4.961962699890137,21.193561553955078,1.3565984964370728,28.051413536071777,7.043594121932983,11.653792381286621,-3.627357959747314,2559.315263963465,0.064453125,-69.59481811523438
35.58500289916992,19.942363739013672,8.767924308776855,18.22997283935547,-2.206591486930847,10.195093154907227,-6.455044507980347,3098.2198830285106,0.091796875,-116.55976867675781
-19.778494834899902,14.229537963867188,-8.114829063415527,14.658365249633789,-11.235372543334961,19.28297233581543,-5.731926679611206,2608.005926902274,0.11865234375,-62.55331802368164
8.109325408935547,34.80815124511719,4.501354217529297,28.09698867797852,-2.708051919937134,14.377443313598633,-3.7653748989105225,2943.209145760852,0.1513671875,1.6461764574050903
-11.599712371826172,1.221845626831055,-6.394548416137695,16.339115142822266,1.5146644115447998,10.420869827270508,-4.915628433227539,2414.0483728430468,0.08251953125,-68.51679992675781
25.30935478210449,20.4600772857666,16.829113006591797,19.79279327392578,3.625890254974365,6.329176902770996,2.227050542831421,3119.0772391626565,0.06298828125,-41.41437530517578
20.89978408813477,33.68193817138672,0.4508827924728393,20.991235733032227,-5.005634784698486,15.663003921508787,-10.27887725830078,3034.6153709640234,0.15869140625,-27.946264266967773
0.0564991235733032,24.497825622558597,-3.9557061195373535,27.850421905517575,-6.871526718139648,14.062891960144045,-6.661868095397949,2875.982845403813,0.20263671875,12.694665908813477
4.971765041351318,23.18175506591797,11.198163986206056,24.837703704833984,0.4848402738571167,13.719334602355955,-5.044188499450684,2628.8051744280024,0.05126953125,-135.07537841796875
-6.396812200546265,53.80327033996582,6.43778395652771,18.85012531280518,2.861913800239563,12.384021759033201,-1.3089041709899902,2438.9971692535555,0.10205078125,-96.92390441894531
-24.889373779296875,2.6010501384735107,-9.053995132446287,31.070116996765137,9.115949630737305,8.883336067199707,2.6264045238494873,2222.096959149422,0.10107421875,-120.59161758422852
-11.929110527038574,19.560163497924805,6.0671374797821045,12.604098320007324,3.863412380218506,9.967594623565674,-2.47711443901062,2704.956380161587,0.07666015625,-30.933757781982422
3.6610848903656006,25.21459007263184,8.734075546264648,22.557296752929688,4.7453389167785645,12.868467330932615,-1.1265166997909546,2756.6457805792165,0.091796875,-92.22691345214844
2.4764771461486816,46.27893829345703,3.543798804283142,27.331972122192383,-1.3681970238685608,12.504222869873047,-3.8903732299804688,2724.601393965715,0.11279296875,-24.287001609802246
-6.418852806091309,27.27391815185547,17.199909210205078,23.217905044555664,10.117975234985352,11.088800430297852,7.13237190246582,1449.660937842017,0.01806640625,-77.59691619873047
-6.87219762802124,11.219472885131836,-0.7385293841362,18.475319862365723,2.0867815017700195,15.40966510772705,-5.3038718700408936,2889.6611986704856,0.11865234375,-94.09347915649414
8.018564224243164,32.126251220703125,5.251538276672363,15.727563858032228,-2.96182632446289,4.404262065887451,-6.080046653747559,2122.1115640148523,0.05078125,-173.58018493652344
16.622661590576172,15.10547161102295,17.393203735351562,17.700124740600586,-17.679670333862305,13.90966796875,-9.747966766357422,2753.4145763479105,0.10498046875,-189.7649688720703
-13.818849086761475,29.033095359802246,2.803757905960083,16.726021766662598,0.7033102810382843,10.372910499572754,-2.6126110553741455,1984.956917689969,0.06591796875,-147.8988494873047
-8.52394723892212,27.407352447509766,-3.1627800464630127,17.91504669189453,-7.761851072311401,13.519708633422852,-8.936181545257568,2497.378718478237,0.10986328125,-93.72989654541016
-23.193480491638184,29.122150421142578,8.468111991882324,19.57135581970215,-1.3851622939109802,8.226972103118896,-0.9238522946834564,1960.0942697847609,0.0615234375,-181.56514739990232
3.3288400173187256,15.36772346496582,7.1111369132995605,19.582843780517575,-1.0535516738891602,11.55305004119873,-3.249519824981689,3078.043802518855,0.12109375,-17.626127243041992
-5.4878644943237305,25.089683532714844,2.12277626991272,15.051100730895996,-3.6653740406036377,9.5482177734375,-2.524912118911743,2851.32327731192,0.11669921875,-16.079477310180664
7.866487503051758,28.619346618652344,-1.0809438228607178,18.328954696655277,-1.8569658994674685,7.072746276855469,-5.599779605865479,2853.9639116485914,0.09912109375,-52.9724235534668
0.18754603713750834,31.121317863464355,1.00629323720932,16.285286903381348,-0.3765490353107452,9.573109149932861,0.8031279444694519,2059.034164369108,0.042236328125,-111.48310089111328
21.319278717041016,30.413475036621094,2.8232431411743164,22.21149444580078,-1.3749788999557495,9.803044319152832,-2.71187686920166,2459.806217626985,0.0458984375,-126.77362060546876
10.690186500549316,28.480661392211914,5.470107555389404,29.3075590133667,6.754631042480469,16.01041889190674,0.6635724902153015,2745.2266822072434,0.04443359375,-82.9821891784668
-13.179018020629883,24.432405471801758,-11.420191764831543,18.364127159118652,-1.3536690473556519,14.132300853729248,-1.6274586915969849,2509.020517472648,0.10546875,-20.03423500061035
-8.626220703125,50.98768615722656,-2.111181259155273,21.66508674621582,-7.34997034072876,8.423577308654785,-5.488616466522217,2458.32525919525,0.09521484375,-62.49108505249024
-0.7805432975292206,29.88101577758789,3.2638036012649536,15.835373401641846,-8.254714965820312,13.229194641113281,-6.000444650650024,2850.8112945390853,0.15087890625,-31.57479190826416
10.089738845825195,28.070853233337402,-0.738029420375824,23.28266143798828,-2.1578855514526367,14.614046096801758,-4.111980438232422,2785.465842134631,0.076171875,-69.60368347167969
22.074177742004395,30.664199829101562,-4.255796670913696,20.11676597595215,-1.8223095536231995,9.996180534362793,-7.114223957061768,2973.29530308103,0.139404296875,-71.28376388549805
-6.13907790184021,36.11688995361328,5.31495475769043,15.154287815093994,-4.1353819370269775,9.647797107696533,-5.932642936706543,2668.996793393991,0.13330078125,-55.44659423828125
-10.078882217407228,34.9169921875,1.5605121850967407,22.546466827392575,-1.4902325868606567,15.163284301757812,1.0412726402282717,2596.651250860071,0.14208984375,-94.24970245361328
-14.312700271606444,34.904884338378906,3.697957992553711,21.332670211791992,-4.22183895111084,12.653312683105469,0.143949270248413,2356.627693321775,0.08544921875,-50.230918884277344
-11.110456466674805,21.885276794433597,-3.518146514892578,16.24461555480957,-3.2342100143432617,10.573078155517578,-6.569655895233154,2586.002958665833,0.125,-57.68471908569336
19.088077545166016,32.61690139770508,3.406838893890381,27.65450668334961,-2.6734983921051025,16.30419921875,-2.573509931564331,3048.4221381277184,0.1640625,-66.13853454589844
3.1004327535629272,33.793663024902344,4.507561206817627,15.315061092376709,-3.1659421920776367,10.770172119140625,-4.8813512325286865,2429.128489314011,0.083984375,-120.61734771728516
-2.4518918991088867,28.409377098083496,-3.517189860343933,16.878853797912598,-7.597703456878662,15.30976676940918,-4.250915050506592,2818.5944146764205,0.17822265625,-55.247371673583984
-8.00612497329712,26.6918888092041,-3.969695806503296,13.24550724029541,-1.2359853386878967,7.815020561218262,-5.579387664794922,2360.397961037307,0.09033203125,-113.36709213256836
20.290427207946777,17.025657653808594,-5.954898357391357,19.869879722595215,5.099214553833008,11.349243640899658,-1.2637704610824585,2691.496845637528,0.073486328125,-138.0799560546875
-6.394709348678589,13.040701866149902,1.1741790175437927,26.730812072753906,-9.184484481811523,13.798250675201416,-7.294459342956543,2882.611951205441,0.14111328125,-65.46052932739258
2.0542033314704895,17.151628494262695,-9.90766429901123,9.18078088760376,-5.198054313659668,5.752336025238037,-5.71699595451355,2060.7195780014245,0.05859375,-143.26444244384766
7.887916564941406,35.92835235595703,2.753489255905152,29.07554244995117,-2.720475196838379,9.544231414794922,-3.8333234786987305,2088.971940694272,0.0458984375,-197.52096557617188
19.281970977783203,28.61983108520508,8.228829383850098,21.469093322753903,-1.0968586206436155,11.336084365844728,-5.119000911712647,2518.314526723619,0.0283203125,-147.66441345214844
21.478126525878906,29.714966773986816,9.690215587615967,14.425288677215576,6.085850238800049,7.024173974990845,-3.991370916366577,1365.407871318398,0.017578125,-179.48828125
11.317008972167969,20.210408210754395,2.6318901777267456,10.59482479095459,-0.5928786098957062,2.4131722450256348,-5.810281038284302,1803.910626586285,0.029296875,-171.32424926757812
9.769379615783691,27.838253021240234,3.377094268798828,19.401538848876957,-1.47234308719635,5.485161781311035,-4.558647155761719,2385.411792550329,0.07421875,-171.0112762451172
16.481678009033203,31.99500846862793,-0.4813350737094879,23.091740608215332,-3.030553102493286,10.024608612060547,-4.8362205028533936,2826.346552264132,0.07177734375,-92.82989120483398
17.236175537109375,11.222929000854492,3.936202049255371,20.310422897338867,-3.567106246948242,7.0902628898620605,-5.540049076080322,2663.530015108449,0.1298828125,-159.89669799804688
1.4907225370407104,34.46965408325195,-11.195536613464355,14.992996215820312,-2.6389381885528564,3.672071695327759,-1.873679995536804,2159.2261831925043,0.1337890625,-97.34236145019533
-6.124133110046387,24.364784240722656,-2.314889907836914,15.33857536315918,8.315362930297852,8.028742790222168,-5.133946895599365,2533.1304902842808,0.10595703125,-38.96444320678711
-9.456478118896484,26.92887306213379,-2.179446578025818,11.285686016082764,3.563201069831848,5.0384252071380615,-2.2143255472183228,1722.6858118605292,0.04833984375,-76.91459655761719
-19.218088150024414,4.105910539627075,-7.9126057624816895,15.745109558105469,-3.3146309852600098,14.832790851593018,-2.8939003944396973,2513.337578133921,0.1083984375,-48.953834533691406
22.964696884155273,25.30609512329102,2.7986587285995483,22.58445644378662,1.2502636909484863,10.64121675491333,-0.133084625005722,2827.409310168143,0.0458984375,-92.52984619140625
6.201607704162598,13.116531372070312,-3.1834638118743896,13.922306060791016,-2.6064693927764893,11.009212493896484,-0.6912773847579956,2888.031550183814,0.10107421875,-63.09292221069336
-16.841947555541992,42.78717803955078,0.4913792908191681,20.86954116821289,-7.479494094848633,10.933805465698242,-1.5758566856384275,2234.458379192194,0.0849609375,-7.285204887390137
-17.71661376953125,27.03022861480713,-1.1190993785858154,15.513638496398926,-5.414769887924194,15.61124324798584,-4.663822650909424,2515.9612442354214,0.11865234375,17.081624031066895
-6.323183059692383,47.22369766235352,-6.1761884689331055,17.51068687438965,-7.516222953796387,8.555854797363281,-9.290135383605955,2418.633797494432,0.0966796875,2.0292913913726807
15.999696254730225,35.54330062866211,-9.068048000335693,24.257067680358887,-6.928589344024658,12.25063943862915,-8.827107906341553,2879.736176886532,0.1962890625,2.077061891555786
-9.600984573364258,34.75125694274902,0.2158765941858291,20.168926239013672,-4.361590623855591,18.065868377685547,-4.375319719314575,2376.6746759902153,0.0693359375,-24.246678352355957
-7.153327465057373,19.069557189941406,-0.9148482382297516,14.237873077392578,-6.247766017913818,12.402283668518066,-5.582971572875977,2317.399825546697,0.07373046875,-70.76565170288086
18.435355186462402,28.911239624023438,3.1635161638259888,21.87865447998047,-1.0218203663825989,10.93814754486084,-4.106094837188721,3062.6829392967315,0.12841796875,-66.03477478027344
-0.3711949586868286,22.525840759277344,2.3987784385681152,18.33875274658203,2.826076030731201,15.920092582702637,-3.894947052001953,2619.961904249914,0.1181640625,-68.0911865234375
12.13913631439209,31.444456100463867,9.95262622833252,36.82975387573242,-11.155786514282228,11.65122413635254,-4.443244934082031,2952.868191486229,0.10595703125,-110.52409362792967
39.45293426513672,37.68836975097656,1.7638496160507202,26.16826629638672,-8.313611030578613,4.664164781570435,-3.444501757621765,2840.7683705042764,0.0771484375,-40.74928665161133
15.4301438331604,31.353960037231445,-1.7325387001037598,27.086986541748047,-1.7027835249900818,10.285754203796387,-5.317545413970947,2833.164144606856,0.08251953125,-43.28000068664551
24.336406707763672,6.544487476348877,0.2600333094596863,24.10776138305664,-0.3248538672924042,10.64059829711914,-4.374711036682129,3117.225559719836,0.15869140625,-78.6119384765625
31.74011516571045,15.161297798156738,14.304633617401121,14.382912158966064,2.6902871131896973,10.324981689453125,1.5952603220939636,2538.4524327531817,0.08349609375,-196.9887924194336
-0.4141530394554138,7.289068222045898,-3.85045862197876,20.456966400146484,-6.94361686706543,9.427473068237305,-7.326183319091797,2458.985407101024,0.08203125,-65.16508483886719
-85.20936584472656,86.08183288574219,-25.281665802001957,26.78844451904297,4.023403644561768,-15.241470336914062,21.54300308227539,1629.4786027669045,0.10107421875,-74.93428039550781
-2.329898953437805,29.86585807800293,11.32052755355835,7.646842002868652,3.3854098320007324,10.80131483078003,-0.7047440409660339,2313.896813657895,0.080078125,-96.27693557739258
41.074520111083984,32.95017623901367,15.884950637817383,23.856163024902344,3.7366535663604736,10.061042785644531,-0.7073054313659668,2773.4766874466113,0.04443359375,-141.02330780029297
19.267683029174805,22.50709342956543,20.775053024291992,17.32343101501465,4.115393161773682,17.33500862121582,-0.3021140098571777,3241.5810578805017,0.1669921875,-129.69403076171875
27.799449920654297,29.59677505493164,13.896188735961914,22.15432357788086,5.1969146728515625,11.840866088867188,-5.0087995529174805,3127.8787726104006,0.09521484375,-118.14500427246094
53.8902702331543,44.11855316162109,-7.514763832092285,52.480464935302734,0.541744589805603,24.1193962097168,-9.256335258483888,2850.4255927171125,0.0859375,-175.46861267089844
21.929519653320312,23.65658569335937,20.334800720214844,21.77865982055664,3.25494122505188,13.499796867370604,-3.843001127243042,3253.061697909228,0.10302734375,-135.63050842285156
28.562006950378418,18.86343288421631,1.7693613171577454,17.326743125915527,-1.8425724506378174,10.561514854431152,-4.630751609802246,2892.7467297513062,0.07568359375,-135.5978775024414
-7.910309791564941,22.911720275878906,12.85342025756836,16.59064769744873,-7.8726654052734375,14.713886260986328,-1.3907952904701233,2879.8023812727524,0.13623046875,-40.78303337097168
7.120776414871216,36.84387016296387,-1.8722415566444397,21.181459426879883,1.901325762271881,14.00593900680542,-2.4718573093414307,2704.028497923839,0.09765625,-46.13279151916504
8.02687120437622,38.54319381713867,0.25561530888080597,14.383389472961426,1.7687104940414429,3.5733253955841064,-4.913176774978638,2106.412874388345,0.060546875,-161.72722625732422
-5.81864070892334,2.264597773551941,1.806572914123535,11.891980648040771,-4.013887405395508,9.399576663970947,-4.810330867767334,2671.808210853377,0.0908203125,-67.27433776855469
-4.455417633056641,42.28428268432617,8.1254243850708,19.30740737915039,-4.327193737030029,17.893552780151367,-2.7094030380249023,2770.0969137214693,0.15283203125,-29.39410400390625
-13.469714164733888,32.087066650390625,4.195683479309082,25.02835464477539,-2.243741989135742,8.788089752197266,0.5912045240402222,1994.174472579359,0.048828125,-126.27510833740234
-14.67537546157837,24.555556297302246,-7.006318092346191,13.655412197113037,8.624701976776123,6.7858123779296875,-6.353615045547485,1695.2983456667262,0.04443359375,-129.81476593017578
-1.2223347425460815,21.47293472290039,6.626400947570801,12.316047668457031,0.4441572427749634,11.64240264892578,-0.2379828691482544,2531.761859345704,0.0654296875,-50.726593017578125
5.958807468414307,26.639915466308597,7.5617828369140625,12.738824844360352,-2.5895962715148926,13.89328956604004,-1.483368158340454,2954.609570876403,0.08984375,-74.06452178955078
14.593947410583496,18.403789520263672,9.548881530761719,23.963644981384277,3.838842272758484,18.03521156311035,-2.365649938583374,3012.9133258807597,0.06787109375,-117.96219635009766
-8.066344738006592,32.760507583618164,3.574613571166992,15.703977584838867,-0.12519964575767514,9.171414852142334,-3.145609498023987,2275.920465427612,0.085205078125,-101.55092239379883
-24.270000457763672,21.75855255126953,8.008947372436523,20.249608993530277,1.703800916671753,11.139257431030272,-2.9809257984161377,2574.351463548774,0.14306640625,-115.41858673095705
14.15345287322998,21.77386474609375,1.8434641361236572,14.531298637390138,-3.628188967704773,10.78541898727417,-7.750866651535034,3012.7031417065846,0.3291015625,-5.307399749755859
30.511064529418945,18.316733360290527,15.746527671813965,12.644010543823242,7.5743231773376465,7.341685771942139,-1.9657821059226992,3029.7411415726588,0.102783203125,-145.22260284423828
4.243255615234375,-12.36243724822998,0.8582504391670227,5.269065380096436,1.911149740219116,2.0428247451782227,-1.0939805507659912,1290.3482600498726,0.03466796875,-164.29299926757812
3.9125059843063354,23.883752822875977,5.525352239608765,15.521013736724854,-0.12868145108222961,10.910196304321289,-1.192963421344757,2893.409055412996,0.1201171875,-93.7356185913086
-1.6785340309143066,30.793537139892575,3.4186108112335205,24.168535232543945,3.620712757110596,6.204071044921875,-6.642435073852539,2380.8539909323545,0.0615234375,-63.045928955078125
2.674280285835266,33.18880081176758,-1.411943256855011,19.284549713134766,-2.80776584148407,9.27111530303955,-5.443742036819458,2652.5959280828674,0.099609375,-46.1251163482666
1.1947128772735596,31.77433681488037,-3.523160219192505,19.565757751464844,-5.347166299819946,8.077009201049805,-5.94874906539917,2558.1189135177237,0.08740234375,-32.99861145019531
-15.698104858398438,23.9275016784668,-8.671545028686523,22.731334686279297,-0.0427671670913696,10.704874038696287,-3.1794309616088867,2472.042754202389,0.11865234375,-34.19219970703125
-3.825086236000061,15.353463649749756,4.176005601882935,20.173080444335938,3.517884373664856,13.714457988739014,1.823903203010559,2813.8919475498647,0.080078125,-90.9660530090332
-23.46791934967041,19.753661155700684,-1.7172532677650452,15.129727363586426,-2.3287787437438965,11.606080532073975,-2.834905982017517,2403.2272866011626,0.11865234375,-40.71282196044922
-8.674941062927246,29.629940032958984,-4.67060112953186,13.321454524993896,-4.721426963806152,5.561060667037964,-9.92791223526001,2578.862885376806,0.138671875,-49.8287410736084
-3.571260929107666,14.468660354614258,-3.900759696960449,19.25592041015625,3.3609719276428223,10.043298721313477,-4.043325424194336,2446.1356929522763,0.05078125,-34.561988830566406
59.26313018798828,6.311007738113403,-0.7008616030216217,19.891840934753418,-4.999056100845337,6.429643154144287,-10.091870784759521,3309.741963418684,0.10009765625,-101.79598617553711
24.62621307373047,28.52113342285156,9.46267318725586,31.81751823425293,-0.0668972507119178,16.55546760559082,-2.4847354888916016,2940.8991086946826,0.068359375,-61.75459289550781
-19.57187271118164,10.03402328491211,-8.85170841217041,5.775345802307129,-14.842354774475098,2.4120969772338867,-12.165290832519531,1880.9570704675043,0.05712890625,-70.97274780273438
-18.343412399291992,17.82414436340332,-10.096635818481444,8.332856178283691,-11.650712966918944,7.0080156326293945,3.0612339973449707,1814.5029113767,0.0615234375,-87.22437286376953
40.29386901855469,26.023473739624023,12.556553363800049,21.05022621154785,-1.442629098892212,13.361043453216553,2.490846872329712,2128.946099665619,0.015625,-188.42462921142578
22.300771713256836,29.1905460357666,10.165415287017822,22.571372985839844,4.791005373001099,13.201650619506836,2.8514991998672485,2574.8498983289383,0.0263671875,-200.74566650390625
-11.105714321136475,22.426776885986328,-1.0870949625968933,25.611607551574707,-2.939320683479309,13.586892127990723,-1.6606347560882568,2595.5598162051956,0.08447265625,-44.51343536376953
-11.30997085571289,29.74601173400879,-1.6220594644546509,28.461790084838867,0.3693923354148865,11.545759201049805,-3.2090210914611816,2085.6474138080384,0.05078125,24.60583877563477
23.485565185546875,29.36491870880127,4.6425817012786865,23.21288013458252,-1.5942736268043518,14.349219799041748,-4.393501281738281,3165.306412499931,0.1328125,-14.579619407653809
20.491985321044922,39.26663017272949,6.082257509231567,23.406729698181152,-0.019293874502182,14.559101581573486,-1.0049140453338623,2873.305309534791,0.0810546875,-57.7545108795166
0.01600015163421625,23.913326263427734,-2.5895148515701294,17.881739616394043,2.845746636390686,11.52455472946167,-1.5936779975891113,2062.496635699533,0.03662109375,-108.79000091552734
21.623400688171387,25.551990509033203,9.925636291503906,15.13167428970337,3.986004590988159,9.43952989578247,-1.1261809468269348,1970.0508639029213,0.0302734375,-169.50824737548828
5.839991092681885,20.164400100708008,3.8418586254119873,21.788782119750977,1.372124433517456,13.411073207855225,-1.7864083647727966,3021.9736544495827,0.1083984375,-30.918387413024902
17.968185424804688,24.007184982299805,4.103774070739746,19.91806411743164,-2.6280410289764404,12.869253158569336,-3.9196815490722656,3122.123394309408,0.12109375,-43.27915191650391
3.858496904373169,15.715454578399658,2.961332321166992,17.71043586730957,1.6844918727874756,16.045738220214844,-2.8354846239089966,2945.462570808544,0.08203125,-31.06179904937744
4.329770565032959,29.931365966796875,1.2454227209091187,20.403733253479004,-0.5939170122146606,11.896514892578125,-2.4462066888809204,2516.5020192769052,0.06640625,-69.2644157409668
23.265947341918945,27.60044574737549,-1.0795681476593018,25.5814208984375,2.325608015060425,15.046706676483154,-2.6324936151504517,3014.022230943113,0.0927734375,-44.32172393798828
-6.552605390548706,11.257845401763916,0.8332262635231018,14.849234580993652,5.5105791091918945,12.299103260040283,-3.9227163791656494,2391.0606714457817,0.06982421875,-41.92762756347656
-1.6594789028167725,22.416046142578125,3.015796184539795,19.02119255065918,-1.200589895248413,16.405811309814453,1.2678308486938477,2801.807218607102,0.052734375,-57.59566879272461
2.563537120819092,28.37300968170166,0.7393293678760529,21.313694953918457,7.028980493545532,9.237547874450684,-7.972007989883423,2482.0570613808536,0.05224609375,-35.51765823364258
-0.7450660467147827,28.111202239990234,3.231642484664917,22.884881973266605,7.257970809936523,8.94758653640747,-6.338607311248779,2297.8659531658795,0.04638671875,-17.074223518371582
-19.638418197631836,45.190046310424805,-2.6692211627960205,21.15965461730957,5.192551851272583,10.970579147338865,-1.2081360816955566,2360.066271537115,0.09619140625,-49.58785057067871
-17.442797660827637,54.629533767700195,1.8770014643669128,22.270204544067383,6.678226947784424,12.19983959197998,0.6922142803668976,2215.890988241016,0.05224609375,-81.17148208618164
-17.186708450317383,18.36461639404297,7.680715084075928,21.478343963623047,3.610448122024536,13.353450775146484,-2.6105027198791504,2276.1146143178003,0.05126953125,-31.51828384399414
3.7970595359802246,32.35959243774414,17.94455337524414,29.31237030029297,4.525297164916992,12.896223068237305,-4.317960739135742,2785.9688961388,0.05810546875,-49.28387069702149
-11.335086345672607,37.86989784240723,-1.7478038668632507,18.638166427612305,-2.9777146577835083,6.4908223152160645,-4.948982238769531,2613.434461768403,0.146484375,-41.94138145446777
8.883304595947266,35.97882843017578,-1.5761533975601196,23.02165985107422,2.6832942962646484,13.56825828552246,-5.239496231079102,2946.0752680854566,0.1884765625,2.6909584999084477
-10.288857936859133,23.204093933105472,-2.481423497200012,31.512182235717773,-3.773274302482605,20.313880920410156,-2.62558650970459,2573.999374038116,0.067626953125,23.70749282836914
2.418391704559326,54.94639205932617,-4.91386604309082,14.135358810424805,5.095624923706055,11.777799606323242,-2.8709716796875,1965.1699468725408,0.03857421875,-69.18822479248047
16.570841789245605,40.23607063293457,9.670369625091553,26.092851638793945,4.390426397323608,12.452328205108643,-3.323972702026367,2859.076297003197,0.068359375,-118.74924087524414
-18.241395950317383,19.14033317565918,6.68833065032959,15.446020126342772,-5.392708778381348,10.730345726013184,-3.8543083667755127,2358.5576016689115,0.1181640625,-52.85073852539063
5.738982200622559,40.889015197753906,3.695077657699585,25.40090560913086,0.5142643451690674,14.781786441802979,0.38727506995201105,2802.5010648754464,0.09375,-112.66160583496094
5.445396184921265,14.910865306854248,9.755255222320557,34.96114158630371,-0.0613793730735778,13.553263187408447,-2.1788798570632935,2737.102296242273,0.10205078125,-57.75885009765625
-18.569904327392575,27.295223236083984,5.005288124084473,28.154056549072266,6.298111915588379,14.590688705444336,-1.1708831787109375,2516.0157952046093,0.09033203125,-46.56303787231445
1.443279504776001,28.001449584960938,7.367338180541992,29.942062377929688,1.1348167657852173,10.084881782531738,-2.614271879196167,2580.7066498528543,0.0927734375,-181.47288513183597
-14.696874618530272,56.98971557617188,13.303075790405272,28.679828643798828,-0.5568267107009888,9.680001258850098,-4.697473526000977,2519.391021935024,0.10009765625,-171.6109161376953
-16.355159759521484,28.2878532409668,15.274425506591797,20.568477630615234,15.44794464111328,15.84372901916504,3.513472318649292,2067.6684272532607,0.044921875,-119.90079498291016
-16.059307098388672,31.57608413696289,24.237525939941406,21.91537475585937,7.765650749206543,11.348514556884766,5.477682113647461,2409.307337724227,0.0732421875,-99.72125244140624
-22.67867660522461,8.286314964294434,0.538452684879303,11.540613174438477,-0.3251652717590332,7.287483215332031,-1.191777586936951,2105.192031346018,0.08984375,-88.5683364868164
-13.490519523620605,9.496081829071045,-1.3828842639923096,10.0770902633667,-4.26803731918335,6.886035919189453,-1.9792575240135188,2324.0175442458894,0.10302734375,-94.8769302368164
-19.995655059814453,11.24194049835205,-1.6201024055480957,10.687232971191406,-4.005757808685303,6.546123504638672,-2.871449708938598,2124.766461604154,0.0986328125,-112.70011901855467
4.408875942230225,26.96483421325684,0.8282126188278198,24.70731735229492,-0.8508623242378235,11.188475608825684,-4.757931709289551,2767.8431796011014,0.099609375,-104.64776611328124
-1.84799063205719,24.290847778320312,4.933751583099365,17.322505950927734,0.3278658390045166,10.768840789794922,-5.431183338165283,2880.961000533877,0.12451171875,-11.737995147705078
-4.497945547103882,32.1294002532959,10.233449459075928,15.420641899108887,-5.702118635177612,7.755274057388306,-6.509739637374878,2280.750556463616,0.06640625,-87.44394302368164
3.1030728816986084,36.53865051269531,6.731121063232422,17.41897201538086,-3.396117687225342,8.88796615600586,-5.8916544914245605,2581.974502520097,0.06884765625,-111.2762222290039
8.289445877075195,33.128286361694336,8.46104097366333,21.533241271972656,1.4349734783172607,9.722573757171633,-8.481422901153564,2560.3589882620927,0.06884765625,-106.33702850341797
0.1522826552391052,30.49231338500977,14.419651985168455,20.55757141113281,3.950230121612549,10.381298065185549,-4.133105278015137,2692.962260122054,0.1044921875,-95.156494140625
15.81037712097168,34.2383918762207,0.5462002158164978,17.672279357910156,-6.639338493347168,12.871610641479492,-4.9005889892578125,2925.877476585788,0.1357421875,-75.39512634277344
8.559741497039795,48.36807632446289,1.7526686191558838,24.890226364135742,-6.423349618911743,6.077957391738892,-8.45987844467163,2441.3448399984863,0.06689453125,-95.35866165161134
22.031688690185547,23.388612747192383,-2.402831554412842,18.463241577148438,-0.2696043998003006,18.199971199035645,4.627835035324097,2583.292317060903,0.0546875,-103.65582275390624
36.8562126159668,23.988649368286133,10.868013381958008,25.31800842285156,7.876688480377197,7.093217849731445,-3.472170829772949,2229.1542991594083,0.04638671875,-159.30064392089844
18.421165466308597,11.596202850341797,2.598930597305298,12.946024894714355,-7.075828075408936,6.913620948791504,-4.677939414978027,2362.481764051421,0.06396484375,-148.16256713867188
7.953521728515625,8.634395599365234,-10.04702377319336,20.674365997314453,-6.739194869995117,9.681344032287598,-1.9371123313903809,2681.189792241338,0.10302734375,-122.02120208740234
14.055315017700195,37.85753631591797,2.1832640171051025,21.24283218383789,-1.911786675453186,15.027952194213867,-4.808414459228516,2917.771389110565,0.14208984375,-89.38995361328125
37.40228080749512,19.262853622436523,3.517928957939148,12.657301902770996,-4.484301567077637,1.1940674781799316,-10.017278671264648,2518.401646133074,0.05615234375,-148.20397186279297
12.200923919677734,28.700517654418945,9.835050582885742,18.288990020751957,3.3605923652648926,12.340267181396484,-1.49835467338562,2856.7376110991445,0.06494140625,-65.69401550292969
17.44557762145996,32.522674560546875,6.499248504638672,23.306991577148438,1.9550678133964539,12.494117736816406,-4.25628137588501,3124.28711030974,0.12548828125,-137.3718719482422
10.247578620910645,21.52294635772705,9.655611991882324,19.976433753967285,4.9370787143707275,11.701305866241455,0.9046140015125274,2578.4337336169656,0.05615234375,-92.98747634887695
27.93558025360107,16.997227668762207,6.885179758071899,19.039512634277344,-5.236212730407715,12.788137912750244,-4.894785404205322,3183.164920789613,0.10791015625,-97.48600006103516
6.8516576290130615,22.721986770629883,3.9222382307052612,15.595054149627686,-0.6119606196880341,2.7786693572998047,-10.427130699157715,2192.6201413768395,0.06884765625,-148.2265853881836
5.9770729541778564,15.999839782714844,3.91637122631073,15.918518543243408,3.1471410989761353,8.55644178390503,-5.666024923324585,2688.184925860409,0.09033203125,-83.31440734863281
19.747108459472656,27.492521286010742,6.841129779815674,23.79287624359131,4.907965183258057,12.999422550201416,-1.252108633518219,3024.999540696139,0.076171875,-97.64837265014648
51.643653869628906,20.94339942932129,8.186079025268555,26.881568908691406,1.003628849983215,13.000715255737305,-4.586792945861816,3329.5938318136305,0.10107421875,-149.52520751953125
17.11196517944336,29.22933006286621,5.498268127441406,24.079858779907227,2.078721046447754,12.226637840270996,-4.598762512207031,3063.012759742977,0.08740234375,-108.59738159179688
17.05392074584961,20.71244430541992,3.525326728820801,15.880512237548828,-5.199074745178223,10.592451095581056,-5.823831081390381,2830.153711467124,0.08154296875,-134.45401000976562
24.66995620727539,5.717420816421509,10.633044242858887,20.789566040039062,5.917253017425537,14.483659267425537,-3.8802103996276855,3325.3273822206843,0.1044921875,-103.97399520874023
-1.9913179874420168,7.459278106689453,-14.635950088500977,16.712114334106445,2.268919944763184,9.858682632446287,-3.3709752559661865,2559.5556021414,0.10546875,-152.46656799316406
13.28433609008789,34.442094802856445,6.487842082977295,26.726215362548828,4.493340730667114,13.392014026641846,-0.7378882467746735,2803.1939586680846,0.0615234375,-104.58062362670898
-11.542725563049316,31.138492584228516,0.3623933494091034,12.472055435180664,-9.619485855102539,5.0399329662323,-9.038671493530273,1981.0708378390314,0.048828125,-124.49519729614258
18.474071502685547,13.497462272644045,7.2582502365112305,13.624115943908691,-7.4984540939331055,1.229238986968994,-9.942604064941406,2801.065141453768,0.091796875,-165.4111785888672
32.85246658325195,2.3232192993164062,1.7782573699951172,21.609777450561523,-3.337202548980713,17.11629867553711,-8.635971069335938,2920.189674114049,0.083984375,-86.04086303710938
35.59658241271973,27.153566360473633,11.963401317596436,19.55057716369629,-1.1757264137268066,9.990448474884031,-5.398954391479492,2732.769301893847,0.04052734375,-146.74415588378906
3.4792184829711914,4.484943389892578,-9.778003692626951,13.485445499420166,-3.044338345527649,-0.7127664983272552,-8.180561542510986,2020.919036877702,0.064453125,-93.8917350769043
-1.6192381381988523,35.02509689331055,3.5836844444274902,18.12749671936035,-2.248208522796631,9.87161350250244,-6.303466796875,1743.025409630408,0.044921875,-86.61827087402344
8.998778343200684,10.685949325561523,11.562978744506836,8.020160675048828,1.870056629180908,9.01470947265625,-3.910558223724365,2769.4473936509944,0.0927734375,-136.13790893554688
13.180877685546877,25.83273696899414,6.255478858947754,19.35080337524414,0.6735649704933167,12.054511070251465,-2.14749813079834,2876.528414115399,0.0947265625,-84.79327392578125
27.08502578735352,38.75658416748047,9.45391082763672,24.094301223754883,0.073971152305603,8.214520454406738,-2.7160720825195312,2480.076110928649,0.03857421875,-148.37945556640625
6.990776300430298,17.8812837600708,-6.6799232959747314,11.413496494293213,-2.3757208585739136,5.347551107406616,-6.56162691116333,2456.935311538349,0.07080078125,-78.03850173950195
-1.3272069096565247,25.2607593536377,-5.517164945602417,11.439053535461426,-3.573633551597595,11.321192264556885,-3.281119704246521,2299.1675402702404,0.06298828125,-132.21219635009766
-0.5282501876354218,25.944098472595215,-5.633260250091553,11.390317916870117,-3.8111250400543213,11.495050430297852,-3.2977501153945923,2316.3729058532194,0.06298828125,-117.41999816894531
-0.8185610473155975,38.03763008117676,5.6736741065979,17.0225191116333,-3.6945812702178955,10.843926906585693,-2.2421149015426636,2199.225913512397,0.05078125,-124.56741714477538
15.62912654876709,30.046875,7.021144866943359,18.433204650878906,3.472469925880432,8.517253875732422,-2.7805219888687134,2863.872146714768,0.083984375,-79.28857803344727
15.425230026245115,31.58737564086914,5.486459732055664,20.387184143066406,2.747502326965332,7.132102012634277,-2.3637075424194336,2605.6133813651363,0.0517578125,-87.19447326660156
12.948057174682615,32.72080612182617,4.204071998596191,18.42922019958496,3.501913785934448,8.750842094421387,-2.5482959747314453,2717.7884921720097,0.07666015625,-79.46100616455078
34.87242126464844,34.1328010559082,13.618653774261475,25.13206672668457,-0.33511389791965485,9.065194606781006,-2.6858890056610107,3016.9365879335965,0.0654296875,-113.62636947631836
13.786035537719728,35.980255126953125,8.051206588745117,20.524982452392575,4.654011249542236,11.236468315124512,-4.242458343505859,2880.609213881192,0.06982421875,-118.3283462524414
11.49025297164917,32.23575782775879,9.577459812164307,16.292163848876953,-0.2812221199274063,13.38927984237671,-2.8447266817092896,2836.9496266600586,0.0849609375,-123.8989143371582
8.863389015197754,27.880732536315918,14.120376586914062,24.540529251098633,3.238200545310974,8.95707893371582,-8.060694217681885,2405.3345610754604,0.056640625,-163.540283203125
22.31371307373047,24.095402717590332,7.157327175140381,23.46505355834961,5.44802188873291,4.494722366333008,-8.011600017547607,2428.7844833488493,0.0341796875,-139.85840606689453
-2.858825206756592,31.61691665649414,2.275169610977173,25.57213592529297,-3.333064556121826,13.523191452026367,-5.612468719482422,2791.6290902958867,0.15283203125,-105.23463439941406
20.29290199279785,36.10196495056152,5.9393346309661865,16.806873321533203,-0.2533685863018036,10.088016986846924,-7.081147193908691,2797.6106070997675,0.0771484375,-115.95774841308594
35.85465049743652,30.914475440979004,4.67182183265686,18.801424026489258,-0.7548375129699707,15.860967636108398,-3.1901051998138428,3154.3443865207837,0.06298828125,-121.19070434570312
-0.6586068272590637,19.71466827392578,0.5274064540863037,11.187457084655762,2.395930767059326,11.266805648803713,1.00766921043396,2526.9791795950227,0.0595703125,-91.35995483398438
13.15902614593506,38.72938537597656,3.714133262634277,22.458982467651367,-3.795667886734009,9.479793548583984,-8.757296562194824,2643.75888719603,0.1005859375,-127.6429214477539
19.36865234375,25.855403900146484,19.520416259765625,25.22688865661621,11.170902729034424,8.071362018585205,1.45459645986557,2551.452309846977,0.03955078125,-140.02743530273438
14.48228645324707,32.288917541503906,4.869110107421875,23.787353515625,6.795774936676025,21.82651901245117,0.5631811618804932,2707.913479840379,0.04638671875,-109.4494400024414
41.53432083129883,27.59559917449951,8.024053573608398,30.15238952636719,-1.2010315656661987,17.525348663330078,-1.9965208768844604,2549.2973065065007,0.03759765625,-160.25086975097656
23.916339874267578,35.624629974365234,6.176392078399658,21.87758445739746,-2.4718916416168213,9.760701179504395,-9.371486663818358,2985.5843679807685,0.1376953125,-127.3386001586914
22.98046112060547,20.10909843444824,7.349428176879883,19.60371780395508,2.0296144485473637,15.727561950683594,-8.313318252563477,2912.389342839806,0.09716796875,-156.00894165039062
28.12744140625,36.04094314575195,3.695983648300171,21.281896591186523,-1.6822036504745483,11.106313705444336,-5.5043721199035645,2968.0841562827454,0.11328125,-98.2045669555664
20.108119010925293,28.092167854309082,9.838105201721191,27.1788911819458,-7.0549633502960205,5.825293302536011,-7.938857078552246,3047.941017172182,0.179931640625,-121.91783905029297
-19.17675399780273,21.339385986328125,3.913187980651856,25.09527587890625,-6.341253280639648,14.951826095581056,-2.689724922180176,2309.4672005338844,0.11474609375,-68.8537826538086
-8.246347904205322,36.28104782104492,7.494710922241211,26.346266746520996,-5.453641414642334,12.965493202209473,2.463966131210327,2275.595374665615,0.0732421875,-94.53779220581055
-1.6195974946022034,25.668492317199707,1.3606748580932617,19.926058769226074,-5.199317693710327,8.569666385650635,-0.700617641210556,2387.97736112069,0.06005859375,-168.72715759277344
5.211598634719849,39.600019454956055,-2.473814606666565,21.89133930206299,-2.6014339923858643,5.2518627643585205,0.7002763748168945,2159.564495316096,0.06201171875,-191.46649932861328
-3.3830854892730717,25.06561851501465,-1.513476014137268,19.572921752929688,-1.0471413135528564,9.264974594116213,-3.168944358825684,2642.018622624803,0.10009765625,-55.36846923828125
-13.525776386260986,57.404693603515625,5.509287357330322,2.4561336040496826,-5.211968183517456,12.380028247833252,-2.296877384185791,2117.2991361460936,0.11181640625,-48.788352966308594
16.771297454833984,44.409751892089844,-5.37699031829834,8.253271102905273,22.365381240844727,14.005005836486816,-5.955615758895874,2427.1063813357005,0.046875,-250.4049835205078
36.56974411010742,16.242834091186523,10.552194595336914,16.91539764404297,-1.973338842391968,5.365195274353027,-9.103147506713867,2697.462374266693,0.05419921875,-121.8836898803711
9.14266586303711,32.789581298828125,12.103355407714844,20.589832305908203,5.53464937210083,10.816076278686523,-3.0817620754241943,2373.981390522365,0.056640625,-178.3574981689453
37.36494445800781,19.718100547790527,-1.1745545864105225,9.178969383239746,-9.607699394226074,6.182356595993042,-7.167483806610107,2421.0230452194464,0.0537109375,-159.3310775756836
12.311895370483398,23.42129898071289,3.451729416847229,23.124974250793457,-0.12470576912164685,18.632280349731445,-2.878286600112915,2706.1544929111647,0.06005859375,-69.80234909057617
-19.060489654541016,27.21941375732422,12.643332481384277,12.09937047958374,4.6248109340667725,16.648104667663574,-3.3649669885635376,2650.1979113197485,0.09912109375,-31.05138111114502
12.124797821044922,28.34308242797852,4.21084451675415,19.85433006286621,0.6170814633369446,12.07636260986328,-5.870147228240967,2962.472627212748,0.076171875,-133.0839080810547
19.798383712768555,27.074234008789062,3.8277812004089355,23.128061294555664,-5.7431416511535645,14.30412483215332,-7.109552383422852,3059.0734383624767,0.17822265625,-122.12653350830078
17.354717254638672,33.827171325683594,5.91283917427063,20.65898323059082,0.4013657718896866,17.03360080718994,-2.917168140411377,3126.455140295717,0.158203125,-110.88805770874023
13.672103881835938,37.55826187133789,9.289485931396484,28.888729095458984,6.344447135925293,14.959282875061035,0.9087238311767578,2678.199745874978,0.0537109375,-185.36843872070312
14.789308547973633,26.417858123779297,0.3066484928131103,21.76779556274414,-3.1399221420288086,9.976852416992188,-6.618189811706543,3014.4975759164554,0.17919921875,-125.11424255371094
25.04784870147705,26.130550384521484,-1.6837811470031738,18.45494270324707,-3.880458116531372,9.194948196411133,-8.565903663635254,2873.3921197848495,0.08251953125,-145.16590118408203
11.889180183410645,22.83145523071289,-6.935403108596802,15.044580459594727,-3.138869047164917,9.97749137878418,-9.132547378540039,2647.1177440025645,0.08154296875,-96.85801315307616
1.0490899085998535,19.018993377685547,1.7164374589920044,19.34520530700684,-3.880743980407715,4.574132919311523,-6.528535842895508,2645.754642105653,0.1259765625,-117.00627136230467
30.75560760498047,26.392576217651367,11.896661758422852,18.56878471374512,6.582754135131836,15.188773155212402,-3.105454206466675,2452.331521320126,0.03369140625,-167.59286499023438
37.93571090698242,35.374826431274414,6.015549898147583,23.041574478149414,9.609358310699463,14.340331554412842,5.407928466796875,2169.287806419544,0.01953125,-214.48873901367188
32.88584518432617,28.51233291625977,-1.538475513458252,15.319928169250488,-0.9232855439186096,10.9810152053833,-8.901708602905273,2622.162904228017,0.08251953125,-161.01747131347656
8.007904052734375,30.66982650756836,1.6486202478408811,14.987797737121582,7.320700645446777,7.997557640075684,-3.5621557235717773,2292.42161579002,0.06591796875,-200.00396728515625
7.464937925338745,38.55583190917969,-5.139463186264038,18.053953170776367,-7.9202635288238525,7.73339056968689,-10.310430526733398,2836.439239571603,0.1328125,-55.649980545043945
32.54053497314453,25.91301441192627,10.533149242401123,17.98216724395752,3.266222834587097,5.341012716293335,-6.0511744022369385,2043.8194750018986,0.0283203125,-177.45024871826172
32.90142822265625,30.986507415771484,1.033987045288086,23.01804542541504,-1.7902250289916992,10.196004867553713,-4.749635696411133,2749.040593130944,0.05517578125,-181.7221221923828
-1.0823280811309814,25.165077209472656,3.959507465362549,14.621038436889648,-10.852325439453123,9.026927947998049,-5.78530740737915,2123.153062038191,0.05078125,-169.15440368652344
-8.717729568481445,25.9288387298584,-8.05477237701416,17.96407127380371,-3.3958547115325928,10.127483367919922,-1.3080103397369385,2468.31849297876,0.146484375,-106.97746276855467
18.9854736328125,17.627140045166016,-6.738376617431641,10.163787841796877,-10.473474502563477,-0.1175996512174606,-3.795581817626953,2359.606059572564,0.060546875,-144.68287658691406
19.094995498657227,27.6118221282959,6.397141456604004,20.369872093200684,-0.8630017936229706,7.973854064941406,-4.591885566711426,2960.8275388322836,0.119384765625,-94.28161239624023
13.61889934539795,26.505779266357425,2.873725175857544,19.587268829345703,-0.7101626396179199,8.916543006896973,-3.970582485198975,2945.079899065119,0.13671875,-76.78472137451172
16.216208457946777,31.45189094543457,10.124966621398926,20.428327560424805,4.279090404510498,11.872843742370605,-2.69822096824646,3064.6930545670157,0.091552734375,-45.60572052001953
37.26779556274414,42.207210540771484,14.676857948303223,29.14558982849121,6.708162069320679,11.639294624328613,-2.613727569580078,3223.767144771773,0.08056640625,-126.04207611083984
22.77092170715332,28.038330078125,6.097713470458984,21.261310577392575,0.8366776704788208,10.971302032470703,-4.206171035766602,2846.525720667541,0.0791015625,-69.8134765625
9.099148273468018,11.593971252441406,-1.9944965243339539,11.182173252105713,-3.4139434099197388,13.738337516784668,-2.767880439758301,3050.8057029092906,0.110107421875,-73.60486602783203
6.634060859680176,19.061847686767575,-6.634513378143311,10.837610244750977,-6.894139289855957,11.62888526916504,-6.536442279815674,3007.1645680982065,0.15234375,-29.66199111938477
19.365325927734375,20.13198471069336,-0.3667682111263275,13.07808256149292,-5.939207315444946,9.578932762145996,-5.141138315200806,3057.6543824127884,0.0869140625,-96.88012313842773
3.4809125661849976,19.131413459777832,-0.9704999923706055,18.2910213470459,-10.171555995941162,7.171367406845093,-3.1610106229782104,2649.026394730203,0.09326171875,-114.50428771972656
18.12273502349854,22.083337783813477,-3.7084826231002808,20.65276527404785,-7.355967044830322,11.0203857421875,-4.211503744125366,3007.4469793233397,0.115234375,-121.9505729675293
10.795578956604004,10.715369701385498,-6.484936475753784,16.02177143096924,-0.9460441172122955,8.851430416107178,-9.031404972076416,2815.62232741794,0.10400390625,-111.27526473999023
-4.797997951507568,11.545499801635742,-3.1963706016540527,10.926332473754885,-10.388103485107422,6.911350250244141,-11.534561157226562,2497.147775110217,0.09228515625,-141.65211486816406
6.224637985229492,12.246076583862305,-10.6225004196167,14.175724506378174,-8.472192764282227,11.179426193237306,-10.730466842651367,2983.657404724043,0.14892578125,-70.57620239257812
12.025769233703613,29.53172016143799,7.764176845550537,16.71782875061035,-2.727808713912964,12.455300331115723,-5.8463664054870605,2600.9802611093664,0.0625,-100.36398696899414
-9.716019630432127,22.1643009185791,6.189700603485107,20.843494415283203,-4.964691162109375,6.158969402313232,-9.602043151855469,1823.2145113656663,0.060546875,-108.8116226196289
26.789810180664062,54.8779411315918,4.360675573348999,26.822572708129883,1.2705198526382446,7.619900226593018,0.204003632068634,2607.273673945597,0.06103515625,-128.78707885742188
26.265968322753903,23.13056945800781,-4.829573631286621,22.705965042114254,2.3459458351135254,11.775186538696287,-0.918065309524536,2643.876522589867,0.05517578125,-140.02713012695312
-3.8051187992095943,18.505630493164062,6.348963737487793,18.088802337646484,-3.480358123779297,16.9887638092041,-3.7096686363220215,2898.166937677863,0.11962890625,-78.13074493408203
9.296293258666992,24.840919494628903,-1.4325344562530518,15.567916870117188,-5.627922534942627,13.160229682922363,-1.826784610748291,2713.025353434682,0.0908203125,-124.66390991210938
-8.29488468170166,23.3612699508667,5.26291823387146,17.106401443481445,4.466551303863525,13.974411964416504,-1.6987321972846985,2398.7500460084575,0.0751953125,-60.09952163696289
-7.471715211868286,25.689711570739746,3.107391357421875,20.67849349975586,3.1737555265426636,15.464891910552979,-1.090268313884735,2474.3682182470457,0.08251953125,-59.88141059875488
-9.201581954956056,28.4567985534668,-1.830284595489502,16.915647506713867,-6.892312049865723,5.963112831115723,-5.600839138031006,2568.381914013993,0.10107421875,-127.96831512451172
16.561838150024414,32.476356506347656,7.320455074310303,21.18430519104004,4.855913639068604,8.71945571899414,0.3736487627029419,2671.604744034777,0.0595703125,-95.8130111694336
20.63098907470703,7.748061418533325,-2.906395435333252,10.831017971038818,-2.41550874710083,10.950581073760986,-2.0632948875427246,2896.354366847561,0.08251953125,-86.97607421875
3.2062383890151978,23.351211547851562,7.998517990112305,17.6055850982666,0.8725587725639343,8.242475032806396,-6.576757431030273,2740.5424811115627,0.09228515625,-110.60002136230469
11.695438385009766,22.28775787353516,10.787729263305664,17.804466247558594,2.655649423599243,9.297602653503418,-5.509838104248047,2840.708677993075,0.0830078125,-118.27273559570312
3.769648790359497,29.968048095703125,6.240116834640503,13.822282791137694,-0.7665084004402161,5.1335859298706055,-7.0599565505981445,2562.481279428053,0.0634765625,-118.91927719116211
-1.2325103282928467,32.78555870056152,-15.785590171813965,3.6764142513275146,-21.179523468017578,18.59534454345703,4.419540643692017,2570.0869765037814,0.095458984375,-113.10014343261719
19.361003875732422,28.50557804107666,1.736411988735199,19.731000900268555,0.39478191733360285,8.462376594543457,-8.88064432144165,2778.0664621232654,0.07763671875,-117.12428665161133
9.90797472000122,21.364356994628906,6.315268516540527,13.671584129333496,-2.2367442846298218,9.599781036376953,-0.6167945265769958,2819.9788735389116,0.09716796875,-150.8719024658203
10.22561264038086,21.70517539978027,-2.115894913673401,4.925610303878784,-7.6693785190582275,5.0681703090667725,-7.881691932678223,2820.9115461561487,0.0849609375,-105.1005859375
25.315385818481445,24.024677276611328,5.154459476470947,17.759161949157715,5.365091562271118,11.832820415496826,-3.055266857147217,2889.2112910007218,0.0673828125,-156.40773010253906
20.326744079589844,24.212114334106445,2.2186930179595947,13.532581329345703,-0.4883604049682617,8.299272537231445,-2.606516599655152,2924.3664729911493,0.08203125,-106.53035736083984
3.7945600748062125,37.58697319030762,2.344604253768921,23.94314670562744,16.19286346435547,16.048678398132324,-1.1072088479995728,2723.710050627313,0.0625,-137.0181427001953
19.208919525146484,25.427095413208008,5.242916584014893,23.7995719909668,0.2924463450908661,10.87950325012207,-0.8968053460121155,2749.605437776819,0.05029296875,-145.76417541503906
10.361268043518066,39.24092102050781,12.296412467956545,19.01087188720703,0.8382865190505981,9.942002296447754,-7.771401405334473,2769.250990319895,0.07373046875,-101.41992950439452
3.317633390426636,36.28740310668945,11.590776443481444,20.512523651123047,-0.9884030818939208,4.350263595581055,-6.379374980926514,2461.835225439168,0.06298828125,-64.73882293701172
-3.1930418014526367,50.34342193603516,-20.676544189453125,41.23226165771485,-11.760229110717772,23.03142547607422,-14.691259384155272,2524.234673232319,0.078125,-109.8088150024414
22.61767578125,29.689096450805664,9.238146781921388,16.613487243652344,2.935210943222046,4.79051399230957,-6.753318786621094,2182.86490738517,0.0458984375,-220.1001892089844
-6.589869022369385,18.412628173828125,7.21153450012207,13.733285903930664,-8.02548885345459,8.396239280700684,-8.30583667755127,2456.020252642383,0.07861328125,-132.50735473632812
31.16085720062256,33.38528823852539,9.424625873565674,20.354891777038574,2.218084216117859,13.476239681243896,-7.072890043258667,2789.9495054520075,0.0498046875,-110.08291244506836
30.18460464477539,33.539676666259766,22.69710350036621,14.49246883392334,8.758817672729492,14.23774528503418,0.3847076892852783,2351.287143536384,0.029296875,-155.8561248779297
22.0261173248291,32.5382137298584,3.255758762359619,23.097124099731445,11.619352340698242,17.748891830444336,0.3069173246622085,3037.924253116102,0.058837890625,-192.3427963256836
23.28529548645019,43.29985809326172,13.01174545288086,19.8232364654541,-5.08920431137085,9.67615032196045,-8.929637432098389,3031.0498802085435,0.130859375,-142.30406951904297
12.989009857177734,34.9793586730957,10.14330005645752,23.974782943725586,-1.3750489354133606,12.759146690368652,-4.413838148117065,2463.402337178987,0.05029296875,-98.23926162719727
-19.79658508300781,48.4995346069336,-8.622876167297363,21.64833068847656,-2.068670749664306,11.04231071472168,1.242971897125244,2291.354199184892,0.11328125,-147.01278686523438
8.02687120437622,38.54319381713867,0.25561530888080597,14.383389472961426,1.7687104940414429,3.5733253955841064,-4.913176774978638,2106.412874388345,0.060546875,-161.72722625732422
-4.693702697753906,11.219216346740723,-3.2617106437683105,21.44184970855713,2.4339197874069214,6.404106140136719,-5.8004114627838135,2806.277317769338,0.12060546875,-115.4133071899414
20.695110321044922,20.98342990875244,2.357198119163513,19.048786163330078,-0.05541626363992685,11.54625654220581,-5.451929330825806,2859.6965390128544,0.07080078125,-103.85715103149414
22.78351879119873,7.934722185134888,6.478970050811768,19.46328353881836,1.9511974453926086,11.18775749206543,-3.8455555438995366,2746.797580379939,0.064453125,-112.57586288452148
15.258947372436523,19.070886611938477,7.004601716995239,14.934657573699951,0.8255382776260376,13.754087924957275,-5.454581260681152,2842.354014802034,0.0859375,-105.35274124145508
10.21578884124756,21.460559844970703,-9.972143173217772,9.600566864013672,2.6345155239105225,-0.0794111043214798,-11.375893592834473,2501.6781819527823,0.0712890625,-77.49127197265625
14.533814430236816,37.285133361816406,2.743950605392456,19.76451873779297,-5.252199172973633,12.6075439453125,-6.5379638671875,2900.755286293628,0.11279296875,-108.48575592041016
36.10968017578125,12.69175386428833,5.991988182067871,16.604233741760254,-0.011676624417304951,3.4376907348632812,-2.3108566999435425,2842.7400897214684,0.08154296875,-218.25225830078125
26.470711708068848,17.39297103881836,4.689371347427368,25.03277015686035,-0.8219584226608276,10.608036041259766,-3.6095306873321533,2993.2097613156957,0.0615234375,-128.38067626953125
0.2330332994461059,22.958789825439453,4.041445732116699,17.388172149658203,1.4147340059280396,14.373126029968262,0.9679781198501588,2363.5020487209986,0.05029296875,-107.57414245605467
12.428975105285645,33.56201171875,-0.5259406268596649,16.583595275878906,8.071253776550293,15.655169010162354,-1.7179670333862305,2863.699686393096,0.125,-108.08377075195312
33.0991096496582,14.383035182952883,-2.7507954835891724,7.351422309875488,-3.857675313949585,6.816413164138794,-7.34819221496582,3062.086721610245,0.08203125,-115.38512802124023
19.998729705810547,11.819134712219238,-1.6752583980560303,10.218191146850586,-1.2777200937271118,7.928426742553711,-8.84371042251587,3073.5211658016087,0.1162109375,-105.36886978149414
24.005653381347656,20.057632446289062,17.68747901916504,17.45870590209961,9.46880340576172,5.079108715057373,-2.376422882080078,3052.8322823763883,0.04833984375,-86.19944763183594
16.901832580566406,21.305362701416016,6.773804664611816,14.784276962280272,-1.3336998224258425,9.75339126586914,-6.063772201538086,3004.3619504870467,0.10107421875,-18.32732963562012
4.834054470062256,27.184039115905765,2.1234171390533447,8.180063247680664,-1.9410395622253418,8.7904372215271,-1.9538158178329468,2752.7408461397144,0.07861328125,-34.266950607299805
8.738346099853516,11.504379272460938,5.1330108642578125,4.469594955444336,-6.788553714752197,8.078922271728516,-7.262440204620361,2685.888418032668,0.0888671875,-67.25233459472656
8.017145156860352,20.87861633300781,6.409482479095459,15.947288513183594,6.734681606292725,4.992231369018555,1.0979430675506592,2541.496287811667,0.05419921875,-20.03209686279297
2.048983097076416,26.635923385620117,3.611189126968384,14.298943996429443,-6.201604127883911,8.85218334197998,-9.6558837890625,2759.0396830209716,0.0888671875,-42.359445571899414
2.828235626220703,27.896163940429688,3.2931020259857178,17.517602920532227,-5.573115825653076,10.110122680664062,-8.956757545471191,2827.873280121578,0.1025390625,-27.28819465637207
15.042391777038574,30.870567321777344,0.9142349064350128,15.950230598449707,-4.0830910205841064,9.065460205078125,-9.125562191009521,2772.056310603911,0.0986328125,-108.77440643310548
10.844050407409668,44.682395935058594,10.97477912902832,20.757882118225098,-8.692017555236816,3.2054449319839478,-7.092749834060669,2645.6579344807415,0.10302734375,-153.92993927001953
22.96748447418213,14.687554359436035,1.2602288722991943,17.163021087646484,2.2060412168502808,10.005899906158447,-3.7824004888534546,2755.3340295357975,0.0634765625,-139.85765838623047
22.60865592956543,27.943747520446777,2.4965169429779053,10.356208801269531,-8.65869665145874,10.641139507293701,2.2301629781723022,2667.087577669432,0.07373046875,-123.13393020629883
15.469265460968018,23.55278968811035,7.827876091003418,18.714826583862305,-3.292102098464966,10.604290962219238,-8.370606899261475,2846.0784485577915,0.10107421875,-94.2063217163086
6.027228355407715,29.186378479003903,10.38089370727539,17.59320831298828,-11.18756103515625,16.26065444946289,-6.739029407501221,2938.1368158159808,0.14208984375,-83.21288299560547
-23.2480583190918,31.817127227783203,13.731086730957031,24.22333526611328,6.78364372253418,14.633221626281738,-2.595736265182495,2391.1031797222345,0.07275390625,-79.95011901855469
-8.760377883911133,18.53368759155273,3.0621497631073,18.381792068481445,2.293893337249756,12.009204864501951,-2.4910855293273926,2529.063047475466,0.07763671875,-84.94471740722656
22.955810546875,15.627581596374512,4.0745689868927,24.9202299118042,0.23909097909927365,14.1051664352417,-4.521866321563721,2963.0358938974314,0.097900390625,-128.2039566040039
17.7474308013916,34.89188766479492,9.65665340423584,23.786888122558597,6.761910438537598,10.084510803222656,-0.4658093452453613,2443.605901125898,0.04296875,-121.76522827148438
21.643512725830078,0.8257786631584167,1.6729542016983032,8.134857177734375,-3.892026901245117,8.484094619750977,-7.95957088470459,2504.3768926281164,0.0654296875,-178.5009536743164
14.380012035369873,5.551532745361328,4.096418380737305,26.399720191955566,2.189667820930481,9.237708568572998,-4.4257118701934814,3005.1945570082894,0.109375,-97.92982482910156
5.810280799865723,27.647384643554688,-5.227876663208008,27.44413375854492,8.632226943969727,12.123668670654297,-7.028207302093506,2165.845301271865,0.06201171875,-97.83941650390624
-10.296383380889893,36.07294464111328,1.878235101699829,24.156331062316895,0.6203632056713104,15.166809558868408,-2.1688289642333984,2364.6067228050533,0.08984375,-131.69258880615234
16.451351165771484,25.7287712097168,4.874104022979736,17.860231399536133,-3.17079496383667,12.032552719116213,0.0390959382057189,2729.6560356113914,0.05029296875,-71.55134582519531
-14.19895076751709,20.634440422058105,-2.610856056213379,16.00166416168213,1.8661143779754639,8.277943134307861,-5.639045715332031,2585.493692629223,0.11865234375,-44.37056922912598
2.48181414604187,19.73232650756836,-3.549795627593994,16.83980369567871,-3.769386768341065,8.037505149841309,-5.869426727294922,2793.250239686018,0.1376953125,-109.15048217773438
-1.6151610016822815,16.527522087097168,-1.3021411895751953,17.9339599609375,-2.1807814836502075,9.004228591918945,-2.9203054904937744,2271.4754709158215,0.07080078125,-196.69259643554688
26.31774139404297,24.500736236572266,8.496249198913574,14.407430648803713,0.3671260774135589,10.38516902923584,-6.981022834777832,2950.911835102412,0.0732421875,-94.80043029785156
39.70348358154297,29.19903564453125,11.04380989074707,13.029451370239258,-6.444214820861816,1.0170035362243652,-9.906579971313477,2832.06164864265,0.06591796875,-201.1788024902344
54.97142791748047,-16.179017066955566,-7.710308313369751,17.19446563720703,-14.369823455810547,-3.5296170711517334,-12.467111110687256,3346.2280913627837,0.1904296875,-161.97138214111328
21.01544570922852,29.28639793395996,12.279430389404297,16.213611602783203,5.640338897705078,10.358684539794922,4.141287803649902,1989.64557024057,0.02978515625,-209.45755004882807
81.53795623779297,28.145198822021484,2.1854703426361084,16.277496337890625,0.9860863089561462,4.728923320770264,-2.861496686935425,2090.9182601796097,0.03173828125,-317.159423828125
-9.51573657989502,28.181803703308105,-5.686376094818115,14.950970649719238,11.73835039138794,5.345425367355347,-4.1036601066589355,2640.804200886987,0.12109375,3.556149482727051
-5.940278768539429,11.453284740447998,-13.060047626495361,8.072303295135498,-1.363800287246704,6.958225250244141,-10.5999755859375,2749.350418778281,0.13818359375,-170.81002044677734
8.443245887756348,28.77179718017578,5.990390300750732,18.833053588867188,-4.652902126312256,8.257821083068848,-8.010008811950684,2688.4952783325507,0.095703125,-155.42776489257812
11.236578941345217,18.422664642333984,-6.223082065582275,19.88092613220215,3.313392639160156,9.31133270263672,-3.224717378616333,2537.7933189299874,0.0673828125,-141.24778747558594
-6.39511251449585,19.32192039489746,3.3305814266204834,17.020268440246582,6.832475662231445,10.2352294921875,0.12861976772546763,1743.1741206758572,0.03857421875,-196.41209411621094
-5.14670467376709,21.824146270751957,2.1806859970092773,14.155594825744627,-0.0928664803504943,5.044378757476807,0.4441992044448852,1324.353387911871,0.041015625,-199.031982421875
7.06260085105896,15.940335273742676,0.4731349050998688,14.369647026062012,-6.146468162536621,5.2923500537872314,-9.251055717468262,2894.7996450794512,0.12158203125,-77.45449447631836
14.375083923339844,15.69821834564209,9.57052230834961,8.277440071105957,-3.9339232444763184,3.533982038497925,-12.76371955871582,2893.4517653323064,0.10986328125,-157.76068115234375
-18.77290153503418,14.71366024017334,-6.107782363891602,6.345193386077881,-9.57311725616455,0.3827601373195648,-12.05898666381836,2560.6693062254603,0.103515625,-96.58248138427734
14.770247459411621,27.468416213989258,6.98589563369751,14.727263450622559,4.2666966915130615,9.890177249908445,0.1676815450191497,3008.977775004278,0.126953125,-133.50377655029297
-13.09944486618042,25.409339904785156,4.296085834503174,16.962931632995605,8.131394386291504,8.457967281341553,0.36807575821876526,1690.500299084213,0.037109375,-148.51243591308594
-18.541300773620605,27.71495819091797,-0.6256046295166016,15.106786251068115,-2.3326581716537476,6.605480432510376,-2.593971848487854,1843.1643762726137,0.052734375,-87.38129425048828
18.29103279113769,26.825927734375,11.541427612304688,23.84601783752441,0.7402257919311523,11.933550834655762,-6.169658184051514,3079.691803988353,0.09814453125,-101.7037582397461
17.248308181762695,29.4468994140625,9.78630542755127,25.18020439147949,-1.8756229877471924,9.573963165283203,-7.73655366897583,2993.277238323191,0.10546875,-86.2580795288086
-12.365596294403076,16.050888061523438,-8.50663137435913,12.391081809997559,-4.597759962081909,8.207779884338379,-6.9901416301727295,2659.0048397603596,0.14453125,-20.902437210083008
5.622360944747925,16.29875087738037,-3.573343873023987,16.730708122253418,-4.034312963485718,9.342433452606201,-6.827089786529541,3005.961060155885,0.1337890625,-68.3456039428711
22.048320770263672,25.57882308959961,0.5201590061187744,17.540807723999023,-1.8393439054489136,10.55709457397461,-10.886935234069824,2873.4473127549827,0.11181640625,-92.384765625
42.55426788330078,17.507198333740234,9.053464889526367,21.815040588378903,-2.9064080715179443,13.784095764160156,-7.589646339416504,3117.47636940154,0.26220703125,-160.34231567382812
48.56614685058594,28.55511283874512,5.331277847290039,28.05783462524414,-3.6440274715423584,13.78054904937744,-5.2882585525512695,3255.5272153618967,0.10986328125,-134.33160400390625
18.494373321533203,33.3059139251709,7.661771297454834,23.73006248474121,5.916682243347168,8.9635329246521,0.38311296701431274,3085.2055637732797,0.12890625,-123.96682739257812
29.18910217285156,7.9925127029418945,2.964982032775879,22.599536895751957,-2.2641451358795166,12.896045684814451,-0.7505356073379517,3160.389415851992,0.14697265625,-130.57357788085938
-6.300279378890991,-2.033523678779602,-5.594438791275024,10.431556701660156,-2.1478991508483887,2.564546227455139,-8.270209312438965,1977.0428499304564,0.06787109375,-252.70743560791016
19.686899185180664,25.638036727905277,0.989864468574524,16.504215240478516,3.626601457595825,3.678796768188477,-4.2644572257995605,2500.414207750804,0.05859375,-151.39303588867188
4.74326229095459,12.72789192199707,-7.598234176635742,7.996603965759277,-8.963401794433594,16.009340286254883,0.0437975525856018,2221.8686054222867,0.0712890625,-153.75018310546875
16.29437255859375,14.781021118164062,-0.6875643730163574,5.650688648223877,-4.465681552886963,-4.667521953582764,-6.495826244354248,1059.5062500675283,0.037109375,-242.3575439453125
24.109020233154297,36.74852752685547,-4.419633865356445,18.776464462280277,8.185190200805664,5.036406517028809,-12.445734024047852,2713.100555412476,0.06201171875,-85.9102554321289
24.67559051513672,21.27307510375977,-3.3693318367004395,16.998001098632812,1.8230092525482176,6.677268028259277,-9.559860229492188,2583.4032696948443,0.048828125,-90.56095123291016
7.292059898376465,6.347998857498169,-5.927420139312744,16.878663063049316,-17.255075454711914,11.680531024932861,-13.720798969268799,2934.191272568136,0.147216796875,-54.0712947845459
12.637720108032228,19.87991142272949,1.1778714656829834,18.681859970092773,-3.982825756072998,11.874823570251465,-0.975090265274048,2660.592708648496,0.08935546875,-118.89635467529295
21.084566116333008,26.242271423339844,1.915410041809082,13.909175872802734,-2.3090779781341557,5.713534355163574,-8.87789249420166,2681.89348402873,0.0693359375,-81.54981231689453
10.93264102935791,28.640387535095215,2.4098927974700928,19.375662803649902,3.843143582344055,8.837714672088623,-3.5810564756393433,2697.9111975144815,0.09228515625,-101.57003021240234
